Customer_ID,Customer_Name,Gender,Age,Age_Group,Join_Date,Customer_Type,Geography_ID,Customer_Status
CUST00001,Kavya Rao,Male,29,25-34,2026-05-04,New,GEO056,Active
CUST00002,Vivaan Mishra,Female,22,18-24,2025-01-08,Existing,GEO027,Active
CUST00003,Aditi Mishra,Female,26,25-34,2026-03-09,Existing,GEO080,Active
CUST00004,Rahul Mishra,Male,35,35-44,2026-03-30,Existing,GEO004,Active
CUST00005,Vikram Iyer,Female,41,35-44,2026-04-01,New,GEO101,Active
CUST00006,Pooja Reddy,Male,44,35-44,2026-05-29,New,GEO105,Inactive
CUST00007,Vikram Reddy,Female,42,35-44,2026-04-20,New,GEO085,Active
CUST00008,Aditya Das,Female,45,45-54,2024-10-12,Existing,GEO045,Inactive
CUST00009,Arjun Mishra,Female,54,45-54,2024-01-29,Existing,GEO023,Active
CUST00010,Meera Nair,Male,22,18-24,2025-09-02,Existing,GEO056,Active
CUST00011,Vivaan Gupta,Male,44,35-44,2024-09-17,Existing,GEO001,Active
CUST00012,Ananya Rao,Female,43,35-44,2024-03-12,Existing,GEO085,Active
CUST00013,Meera Nair,Female,39,35-44,2025-11-13,Existing,GEO090,Active
CUST00014,Meera Shetty,Male,55,55+,2024-07-15,Existing,GEO087,Active
CUST00015,Aditi Mehta,Female,59,55+,2025-02-19,New,GEO039,Active
CUST00016,Riya Rao,Female,33,25-34,2026-03-15,Existing,GEO060,Inactive
CUST00017,Pooja Das,Male,48,45-54,2025-06-07,New,GEO085,Active
CUST00018,Vikram Shetty,Female,38,35-44,2024-04-05,Existing,GEO029,Active
CUST00019,Vikram Verma,Male,29,25-34,2024-02-17,New,GEO059,Inactive
CUST00020,Sneha Verma,Male,60,55+,2026-01-05,Existing,GEO032,Active
CUST00021,Meera Reddy,Male,20,18-24,2026-03-08,New,GEO103,Inactive
CUST00022,Arjun Verma,Male,23,18-24,2026-05-18,New,GEO103,Inactive
CUST00023,Isha Rao,Female,53,45-54,2026-02-12,Existing,GEO107,Inactive
CUST00024,Neha Das,Female,30,25-34,2025-04-05,New,GEO108,Active
CUST00025,Vikram Iyer,Female,53,45-54,2025-10-03,Existing,GEO010,Active
CUST00026,Ananya Mishra,Female,35,35-44,2024-12-09,New,GEO018,Active
CUST00027,Rohan Gupta,Female,34,25-34,2025-12-11,New,GEO009,Inactive
CUST00028,Isha Singh,Female,46,45-54,2025-07-09,New,GEO027,Inactive
CUST00029,Riya Singh,Male,44,35-44,2026-05-27,Existing,GEO001,Active
CUST00030,Meera Joshi,Female,39,35-44,2026-05-23,New,GEO063,Active
CUST00031,Aarav Singh,Female,37,35-44,2025-05-12,Existing,GEO086,Inactive
CUST00032,Diya Joshi,Female,30,25-34,2024-05-10,New,GEO117,Inactive
CUST00033,Meera Patel,Male,57,55+,2024-03-26,Existing,GEO024,Active
CUST00034,Karan Verma,Female,36,35-44,2024-12-01,Existing,GEO044,Inactive
CUST00035,Aditya Verma,Female,37,35-44,2024-09-15,New,GEO096,Active
CUST00036,Aditya Das,Male,42,35-44,2025-10-27,New,GEO097,Active
CUST00037,Aarav Rao,Male,35,35-44,2026-05-09,New,GEO031,Active
CUST00038,Karan Verma,Male,50,45-54,2025-07-31,Existing,GEO099,Active
CUST00039,Rahul Iyer,Male,30,25-34,2026-03-07,New,GEO075,Active
CUST00040,Karan Kumar,Female,39,35-44,2025-02-10,New,GEO014,Active
CUST00041,Riya Das,Male,58,55+,2026-03-26,New,GEO045,Inactive
CUST00042,Ananya Sharma,Male,43,35-44,2025-06-02,Existing,GEO106,Inactive
CUST00043,Isha Gupta,Female,26,25-34,2025-01-05,New,GEO056,Active
CUST00044,Aditi Das,Female,53,45-54,2025-09-22,Existing,GEO060,Inactive
CUST00045,Vikram Mehta,Female,57,55+,2024-11-26,New,GEO036,Inactive
CUST00046,Diya Shetty,Female,35,35-44,2025-08-06,Existing,GEO044,Active
CUST00047,Pooja Reddy,Female,51,45-54,2024-07-05,Existing,GEO103,Active
CUST00048,Neha Joshi,Female,41,35-44,2025-09-02,New,GEO067,Active
CUST00049,Meera Verma,Male,25,25-34,2026-01-07,New,GEO089,Inactive
CUST00050,Aarav Kumar,Female,51,45-54,2026-03-22,Existing,GEO029,Inactive
CUST00051,Riya Nair,Female,35,35-44,2025-11-10,Existing,GEO071,Active
CUST00052,Isha Iyer,Female,47,45-54,2024-12-26,Existing,GEO033,Active
CUST00053,Arjun Gupta,Male,27,25-34,2024-11-19,New,GEO025,Active
CUST00054,Riya Das,Female,50,45-54,2026-01-11,Existing,GEO013,Active
CUST00055,Rahul Iyer,Male,38,35-44,2025-01-04,New,GEO091,Active
CUST00056,Aditi Iyer,Male,37,35-44,2024-02-25,New,GEO082,Inactive
CUST00057,Priya Verma,Male,26,25-34,2025-08-10,Existing,GEO057,Active
CUST00058,Pooja Kumar,Male,31,25-34,2024-09-15,New,GEO052,Inactive
CUST00059,Rohan Das,Male,24,18-24,2024-06-04,Existing,GEO011,Active
CUST00060,Diya Das,Female,27,25-34,2025-09-12,New,GEO100,Inactive
CUST00061,Riya Singh,Female,48,45-54,2024-10-31,Existing,GEO073,Active
CUST00062,Karan Shetty,Male,59,55+,2026-02-20,New,GEO034,Active
CUST00063,Aditi Kumar,Male,30,25-34,2024-06-26,New,GEO001,Inactive
CUST00064,Vivaan Reddy,Female,48,45-54,2024-10-25,Existing,GEO091,Active
CUST00065,Vikram Mishra,Male,49,45-54,2025-12-04,Existing,GEO101,Active
CUST00066,Vikram Shetty,Male,47,45-54,2025-07-11,New,GEO117,Active
CUST00067,Rahul Das,Male,29,25-34,2024-03-02,Existing,GEO077,Active
CUST00068,Priya Gupta,Male,48,45-54,2025-04-24,Existing,GEO121,Active
CUST00069,Aditya Rao,Female,52,45-54,2025-03-24,New,GEO114,Inactive
CUST00070,Aditya Reddy,Female,40,35-44,2024-01-27,New,GEO098,Active
CUST00071,Rahul Verma,Male,56,55+,2026-02-20,Existing,GEO118,Active
CUST00072,Pooja Kumar,Female,31,25-34,2025-10-12,Existing,GEO045,Inactive
CUST00073,Arjun Mehta,Female,41,35-44,2025-11-17,New,GEO043,Inactive
CUST00074,Sneha Mehta,Female,51,45-54,2025-11-09,New,GEO059,Active
CUST00075,Arjun Das,Female,40,35-44,2024-11-27,Existing,GEO111,Active
CUST00076,Vivaan Reddy,Female,54,45-54,2025-02-27,Existing,GEO080,Inactive
CUST00077,Vivaan Reddy,Female,60,55+,2026-02-17,Existing,GEO071,Active
CUST00078,Pooja Kumar,Female,38,35-44,2025-12-16,New,GEO081,Active
CUST00079,Aarav Joshi,Female,30,25-34,2025-07-18,Existing,GEO012,Active
CUST00080,Rohan Verma,Female,27,25-34,2024-04-30,Existing,GEO066,Active
CUST00081,Vikram Verma,Female,46,45-54,2025-04-28,New,GEO050,Active
CUST00082,Aditya Iyer,Male,58,55+,2026-06-03,Existing,GEO044,Active
CUST00083,Priya Mehta,Female,20,18-24,2026-01-13,Existing,GEO111,Active
CUST00084,Ananya Joshi,Female,48,45-54,2024-12-19,Existing,GEO059,Active
CUST00085,Sneha Reddy,Male,32,25-34,2025-08-08,Existing,GEO006,Active
CUST00086,Rohan Verma,Female,50,45-54,2025-01-30,New,GEO017,Active
CUST00087,Nisha Mishra,Female,26,25-34,2024-04-12,Existing,GEO002,Active
CUST00088,Pooja Das,Male,46,45-54,2024-03-17,Existing,GEO044,Inactive
CUST00089,Aditi Singh,Female,25,25-34,2026-05-22,Existing,GEO081,Inactive
CUST00090,Aditya Reddy,Male,54,45-54,2025-09-24,Existing,GEO030,Active
CUST00091,Arjun Verma,Male,47,45-54,2026-02-17,New,GEO089,Active
CUST00092,Vivaan Iyer,Male,21,18-24,2024-11-28,Existing,GEO048,Inactive
CUST00093,Meera Rao,Male,29,25-34,2025-06-27,New,GEO022,Active
CUST00094,Vikram Verma,Female,25,25-34,2025-09-26,New,GEO030,Inactive
CUST00095,Neha Shetty,Female,60,55+,2025-04-15,New,GEO116,Inactive
CUST00096,Isha Nair,Male,38,35-44,2024-03-16,Existing,GEO082,Inactive
CUST00097,Priya Reddy,Female,36,35-44,2026-05-15,Existing,GEO110,Inactive
CUST00098,Riya Nair,Male,26,25-34,2025-01-25,Existing,GEO090,Active
CUST00099,Aarav Rao,Female,21,18-24,2024-10-08,New,GEO117,Inactive
CUST00100,Kavya Reddy,Male,38,35-44,2025-09-13,New,GEO080,Active
CUST00101,Vivaan Iyer,Male,28,25-34,2025-10-04,Existing,GEO005,Active
CUST00102,Ananya Gupta,Male,28,25-34,2024-10-29,Existing,GEO023,Active
CUST00103,Nisha Mishra,Female,28,25-34,2025-06-27,Existing,GEO107,Active
CUST00104,Priya Gupta,Female,36,35-44,2026-04-05,Existing,GEO103,Active
CUST00105,Vikram Mehta,Male,49,45-54,2024-05-24,Existing,GEO109,Active
CUST00106,Neha Joshi,Female,25,25-34,2024-01-15,New,GEO059,Active
CUST00107,Kavya Kumar,Female,36,35-44,2026-04-22,New,GEO061,Active
CUST00108,Vikram Shetty,Female,59,55+,2025-09-16,New,GEO082,Inactive
CUST00109,Rohan Sharma,Female,39,35-44,2024-04-29,New,GEO039,Inactive
CUST00110,Aditi Patel,Male,27,25-34,2024-08-28,Existing,GEO059,Active
CUST00111,Rohan Mishra,Female,54,45-54,2025-08-24,Existing,GEO084,Active
CUST00112,Vivaan Gupta,Female,51,45-54,2024-10-13,Existing,GEO028,Inactive
CUST00113,Kavya Kumar,Male,48,45-54,2026-05-25,Existing,GEO070,Active
CUST00114,Karan Kumar,Female,23,18-24,2024-10-09,Existing,GEO012,Active
CUST00115,Ananya Reddy,Male,60,55+,2024-02-21,New,GEO101,Active
CUST00116,Karan Mehta,Male,24,18-24,2025-08-23,New,GEO043,Active
CUST00117,Rohan Patel,Male,58,55+,2024-10-10,Existing,GEO103,Active
CUST00118,Aarav Nair,Male,27,25-34,2024-05-14,New,GEO076,Active
CUST00119,Vivaan Patel,Male,21,18-24,2024-09-28,Existing,GEO068,Active
CUST00120,Kavya Joshi,Female,24,18-24,2025-04-04,New,GEO058,Active
CUST00121,Nisha Iyer,Male,59,55+,2026-01-14,Existing,GEO083,Active
CUST00122,Sneha Singh,Female,23,18-24,2026-05-17,New,GEO063,Inactive
CUST00123,Diya Patel,Male,24,18-24,2024-11-25,New,GEO017,Active
CUST00124,Diya Joshi,Female,59,55+,2025-01-25,Existing,GEO059,Inactive
CUST00125,Aditi Gupta,Male,26,25-34,2026-05-23,New,GEO056,Inactive
CUST00126,Isha Singh,Female,34,25-34,2024-12-13,Existing,GEO094,Active
CUST00127,Neha Nair,Female,40,35-44,2024-11-16,New,GEO088,Inactive
CUST00128,Aditya Kumar,Male,24,18-24,2026-05-01,Existing,GEO013,Active
CUST00129,Aditi Joshi,Male,28,25-34,2025-08-23,Existing,GEO086,Active
CUST00130,Meera Mehta,Female,46,45-54,2026-06-13,New,GEO037,Active
CUST00131,Nisha Reddy,Male,42,35-44,2025-08-14,New,GEO085,Inactive
CUST00132,Aditi Nair,Male,34,25-34,2024-12-24,New,GEO098,Active
CUST00133,Meera Mehta,Male,56,55+,2026-04-06,New,GEO078,Active
CUST00134,Priya Mishra,Male,21,18-24,2024-10-06,Existing,GEO045,Active
CUST00135,Sneha Kumar,Male,31,25-34,2025-08-02,New,GEO095,Active
CUST00136,Meera Verma,Male,25,25-34,2025-01-20,Existing,GEO021,Active
CUST00137,Riya Rao,Female,39,35-44,2026-03-06,New,GEO114,Active
CUST00138,Diya Sharma,Male,29,25-34,2026-02-11,New,GEO035,Inactive
CUST00139,Isha Singh,Female,47,45-54,2025-09-13,Existing,GEO028,Active
CUST00140,Priya Shetty,Female,42,35-44,2024-04-23,Existing,GEO068,Active
CUST00141,Diya Sharma,Male,22,18-24,2025-02-08,New,GEO027,Active
CUST00142,Neha Iyer,Male,33,25-34,2026-02-21,Existing,GEO016,Active
CUST00143,Rohan Singh,Female,51,45-54,2024-06-28,New,GEO065,Active
CUST00144,Vivaan Singh,Female,24,18-24,2026-06-01,New,GEO059,Active
CUST00145,Sneha Gupta,Female,40,35-44,2025-08-10,Existing,GEO038,Active
CUST00146,Rahul Das,Male,45,45-54,2024-11-28,Existing,GEO107,Active
CUST00147,Arjun Reddy,Female,25,25-34,2026-05-14,Existing,GEO076,Inactive
CUST00148,Priya Gupta,Male,53,45-54,2025-02-09,Existing,GEO029,Active
CUST00149,Arjun Joshi,Male,30,25-34,2025-06-06,New,GEO116,Active
CUST00150,Arjun Patel,Male,42,35-44,2024-08-29,Existing,GEO026,Active
CUST00151,Aditya Patel,Male,58,55+,2026-02-17,Existing,GEO060,Inactive
CUST00152,Ananya Patel,Female,56,55+,2026-06-03,Existing,GEO009,Inactive
CUST00153,Neha Rao,Female,48,45-54,2026-03-26,New,GEO046,Active
CUST00154,Vivaan Sharma,Female,39,35-44,2025-04-07,Existing,GEO107,Active
CUST00155,Diya Joshi,Male,24,18-24,2025-09-21,Existing,GEO060,Active
CUST00156,Diya Verma,Male,48,45-54,2024-11-25,New,GEO008,Inactive
CUST00157,Aditya Joshi,Female,26,25-34,2026-01-01,New,GEO006,Active
CUST00158,Nisha Rao,Female,48,45-54,2025-06-20,New,GEO047,Active
CUST00159,Ananya Shetty,Female,38,35-44,2025-02-22,New,GEO102,Active
CUST00160,Aditi Shetty,Female,24,18-24,2024-04-06,Existing,GEO037,Active
CUST00161,Aditya Rao,Male,58,55+,2024-12-07,New,GEO118,Active
CUST00162,Diya Gupta,Female,39,35-44,2024-05-12,New,GEO040,Inactive
CUST00163,Nisha Kumar,Male,41,35-44,2025-11-17,Existing,GEO066,Active
CUST00164,Rahul Reddy,Female,21,18-24,2024-11-12,Existing,GEO099,Inactive
CUST00165,Rohan Kumar,Male,32,25-34,2024-05-20,Existing,GEO109,Active
CUST00166,Ananya Mishra,Male,52,45-54,2025-11-08,New,GEO077,Inactive
CUST00167,Diya Das,Male,29,25-34,2024-07-04,New,GEO093,Inactive
CUST00168,Vikram Verma,Female,22,18-24,2025-01-08,Existing,GEO097,Inactive
CUST00169,Pooja Mishra,Male,34,25-34,2024-11-12,New,GEO048,Inactive
CUST00170,Sneha Joshi,Female,49,45-54,2026-03-07,Existing,GEO021,Active
CUST00171,Neha Sharma,Male,58,55+,2026-06-12,Existing,GEO112,Active
CUST00172,Nisha Mehta,Male,55,55+,2025-12-29,New,GEO037,Active
CUST00173,Nisha Patel,Female,30,25-34,2025-04-05,Existing,GEO012,Active
CUST00174,Meera Sharma,Female,48,45-54,2024-01-28,Existing,GEO065,Active
CUST00175,Kavya Reddy,Female,35,35-44,2024-03-24,New,GEO041,Active
CUST00176,Vivaan Iyer,Male,41,35-44,2024-05-20,Existing,GEO090,Active
CUST00177,Aarav Mishra,Female,50,45-54,2025-09-22,New,GEO003,Active
CUST00178,Diya Joshi,Male,33,25-34,2025-07-15,Existing,GEO015,Active
CUST00179,Vivaan Reddy,Female,35,35-44,2024-05-04,Existing,GEO082,Inactive
CUST00180,Pooja Rao,Male,24,18-24,2026-05-06,New,GEO081,Active
CUST00181,Aarav Rao,Female,29,25-34,2025-03-15,Existing,GEO031,Inactive
CUST00182,Kavya Kumar,Male,31,25-34,2025-06-20,New,GEO050,Inactive
CUST00183,Neha Gupta,Female,22,18-24,2025-01-17,New,GEO046,Active
CUST00184,Arjun Das,Male,42,35-44,2026-01-20,Existing,GEO018,Active
CUST00185,Rahul Mehta,Female,42,35-44,2026-04-13,Existing,GEO090,Inactive
CUST00186,Rohan Kumar,Male,60,55+,2026-04-10,Existing,GEO005,Active
CUST00187,Karan Mishra,Male,32,25-34,2026-03-21,New,GEO041,Active
CUST00188,Aditi Verma,Female,52,45-54,2026-04-14,Existing,GEO005,Active
CUST00189,Vivaan Mehta,Female,38,35-44,2026-06-01,Existing,GEO035,Active
CUST00190,Isha Mishra,Female,43,35-44,2025-02-13,Existing,GEO044,Active
CUST00191,Nisha Iyer,Female,51,45-54,2025-01-11,New,GEO094,Inactive
CUST00192,Rahul Joshi,Female,25,25-34,2025-09-08,Existing,GEO042,Active
CUST00193,Priya Iyer,Female,25,25-34,2025-11-07,Existing,GEO078,Inactive
CUST00194,Isha Sharma,Female,30,25-34,2024-12-25,Existing,GEO079,Inactive
CUST00195,Sneha Nair,Male,37,35-44,2024-03-17,New,GEO004,Active
CUST00196,Rohan Kumar,Female,58,55+,2024-02-05,New,GEO100,Active
CUST00197,Vivaan Rao,Female,43,35-44,2025-08-03,New,GEO087,Inactive
CUST00198,Aditya Rao,Female,43,35-44,2025-03-30,New,GEO068,Active
CUST00199,Neha Reddy,Female,45,45-54,2025-10-27,New,GEO004,Active
CUST00200,Arjun Iyer,Female,51,45-54,2025-07-29,Existing,GEO091,Inactive
CUST00201,Pooja Reddy,Female,33,25-34,2025-12-11,New,GEO018,Active
CUST00202,Isha Kumar,Male,48,45-54,2025-12-31,Existing,GEO086,Active
CUST00203,Rahul Gupta,Female,24,18-24,2024-11-03,New,GEO102,Active
CUST00204,Karan Das,Male,52,45-54,2024-05-04,New,GEO031,Inactive
CUST00205,Riya Nair,Female,21,18-24,2025-07-21,Existing,GEO103,Active
CUST00206,Priya Singh,Male,59,55+,2024-03-08,Existing,GEO068,Inactive
CUST00207,Ananya Shetty,Male,46,45-54,2024-05-08,New,GEO058,Inactive
CUST00208,Aditi Shetty,Female,53,45-54,2024-05-11,New,GEO099,Active
CUST00209,Arjun Joshi,Male,47,45-54,2026-05-01,New,GEO039,Active
CUST00210,Vikram Nair,Female,30,25-34,2025-12-27,Existing,GEO109,Active
CUST00211,Aditi Iyer,Male,36,35-44,2025-10-12,New,GEO081,Active
CUST00212,Rahul Rao,Male,59,55+,2025-05-29,New,GEO022,Active
CUST00213,Aarav Kumar,Male,56,55+,2026-04-25,New,GEO083,Active
CUST00214,Aarav Verma,Female,33,25-34,2025-09-24,Existing,GEO083,Active
CUST00215,Sneha Iyer,Male,50,45-54,2026-04-04,Existing,GEO010,Active
CUST00216,Pooja Verma,Female,30,25-34,2025-03-01,New,GEO044,Active
CUST00217,Kavya Singh,Female,40,35-44,2026-01-21,New,GEO098,Active
CUST00218,Vikram Verma,Male,52,45-54,2024-11-22,New,GEO035,Inactive
CUST00219,Vivaan Iyer,Male,35,35-44,2024-04-09,Existing,GEO111,Inactive
CUST00220,Ananya Mishra,Male,35,35-44,2026-04-13,Existing,GEO025,Active
CUST00221,Priya Verma,Female,51,45-54,2025-05-25,New,GEO012,Inactive
CUST00222,Karan Rao,Female,52,45-54,2024-09-03,Existing,GEO007,Active
CUST00223,Pooja Iyer,Female,38,35-44,2025-09-03,New,GEO109,Active
CUST00224,Kavya Das,Male,47,45-54,2024-09-27,Existing,GEO047,Active
CUST00225,Aditi Reddy,Male,45,45-54,2025-08-06,Existing,GEO071,Active
CUST00226,Isha Das,Female,24,18-24,2025-05-31,Existing,GEO106,Active
CUST00227,Kavya Das,Male,28,25-34,2025-02-07,Existing,GEO072,Active
CUST00228,Nisha Singh,Male,29,25-34,2025-09-08,New,GEO006,Active
CUST00229,Pooja Joshi,Female,28,25-34,2026-04-03,Existing,GEO020,Active
CUST00230,Sneha Rao,Female,40,35-44,2024-06-15,Existing,GEO076,Active
CUST00231,Riya Iyer,Female,52,45-54,2025-12-26,Existing,GEO105,Active
CUST00232,Arjun Singh,Female,43,35-44,2025-11-20,Existing,GEO102,Active
CUST00233,Riya Rao,Female,58,55+,2024-09-28,New,GEO093,Active
CUST00234,Nisha Shetty,Female,57,55+,2024-06-23,Existing,GEO019,Active
CUST00235,Aarav Verma,Male,22,18-24,2024-07-14,Existing,GEO054,Active
CUST00236,Nisha Das,Male,46,45-54,2025-02-24,Existing,GEO112,Active
CUST00237,Ananya Shetty,Male,28,25-34,2025-07-28,Existing,GEO068,Inactive
CUST00238,Aditi Nair,Male,40,35-44,2025-04-15,Existing,GEO087,Active
CUST00239,Vikram Iyer,Female,59,55+,2024-07-15,Existing,GEO029,Active
CUST00240,Pooja Nair,Male,38,35-44,2025-12-07,Existing,GEO045,Active
CUST00241,Aditi Singh,Male,38,35-44,2025-08-10,Existing,GEO105,Active
CUST00242,Priya Gupta,Female,29,25-34,2024-02-13,New,GEO045,Inactive
CUST00243,Karan Mehta,Female,36,35-44,2024-08-07,Existing,GEO120,Active
CUST00244,Riya Reddy,Male,28,25-34,2025-09-22,New,GEO007,Active
CUST00245,Arjun Singh,Male,60,55+,2024-02-23,Existing,GEO092,Inactive
CUST00246,Aditi Mishra,Male,26,25-34,2024-01-06,New,GEO053,Inactive
CUST00247,Priya Nair,Male,50,45-54,2026-02-13,Existing,GEO083,Active
CUST00248,Vivaan Mishra,Male,25,25-34,2025-07-01,New,GEO054,Active
CUST00249,Pooja Patel,Female,22,18-24,2026-03-17,Existing,GEO113,Active
CUST00250,Diya Kumar,Female,20,18-24,2025-08-04,Existing,GEO037,Inactive
CUST00251,Nisha Verma,Female,54,45-54,2024-05-17,Existing,GEO025,Active
CUST00252,Isha Shetty,Male,41,35-44,2026-01-18,Existing,GEO092,Active
CUST00253,Priya Rao,Female,20,18-24,2026-03-20,New,GEO023,Inactive
CUST00254,Sneha Shetty,Female,47,45-54,2024-03-29,New,GEO024,Active
CUST00255,Aarav Iyer,Female,50,45-54,2024-09-11,Existing,GEO031,Inactive
CUST00256,Riya Gupta,Female,37,35-44,2024-11-05,New,GEO034,Active
CUST00257,Arjun Verma,Male,35,35-44,2025-11-14,Existing,GEO021,Inactive
CUST00258,Arjun Shetty,Female,52,45-54,2025-12-07,Existing,GEO048,Active
CUST00259,Rohan Verma,Male,34,25-34,2025-05-04,Existing,GEO054,Inactive
CUST00260,Vikram Shetty,Male,54,45-54,2026-02-19,New,GEO068,Inactive
CUST00261,Riya Kumar,Female,53,45-54,2024-03-20,New,GEO107,Active
CUST00262,Ananya Mehta,Male,56,55+,2024-06-17,Existing,GEO015,Active
CUST00263,Nisha Verma,Female,57,55+,2024-04-03,New,GEO059,Active
CUST00264,Riya Sharma,Female,52,45-54,2025-04-12,Existing,GEO087,Active
CUST00265,Aarav Gupta,Female,21,18-24,2024-09-17,New,GEO075,Active
CUST00266,Aditya Joshi,Female,22,18-24,2024-12-18,New,GEO120,Active
CUST00267,Meera Patel,Male,50,45-54,2024-10-20,New,GEO099,Inactive
CUST00268,Sneha Singh,Female,43,35-44,2025-04-04,New,GEO088,Active
CUST00269,Aditi Singh,Male,42,35-44,2024-07-01,New,GEO094,Active
CUST00270,Isha Shetty,Male,20,18-24,2024-11-01,Existing,GEO069,Inactive
CUST00271,Kavya Patel,Male,34,25-34,2025-04-16,Existing,GEO025,Active
CUST00272,Aarav Reddy,Female,22,18-24,2025-09-21,New,GEO009,Active
CUST00273,Diya Shetty,Male,58,55+,2025-04-02,New,GEO032,Active
CUST00274,Aditi Reddy,Female,45,45-54,2024-08-27,New,GEO018,Active
CUST00275,Diya Das,Female,34,25-34,2025-08-14,Existing,GEO031,Active
CUST00276,Priya Iyer,Male,29,25-34,2025-02-27,New,GEO072,Active
CUST00277,Pooja Sharma,Female,60,55+,2025-07-23,Existing,GEO121,Inactive
CUST00278,Meera Singh,Female,53,45-54,2025-12-14,New,GEO039,Inactive
CUST00279,Vikram Iyer,Female,31,25-34,2024-09-03,New,GEO104,Inactive
CUST00280,Aditi Joshi,Female,23,18-24,2025-03-02,New,GEO050,Active
CUST00281,Aditya Mishra,Male,36,35-44,2024-12-04,Existing,GEO109,Active
CUST00282,Neha Singh,Male,25,25-34,2024-02-22,New,GEO112,Active
CUST00283,Karan Mehta,Male,32,25-34,2025-05-05,Existing,GEO039,Active
CUST00284,Arjun Gupta,Male,33,25-34,2026-01-29,Existing,GEO118,Active
CUST00285,Vikram Joshi,Male,58,55+,2025-02-10,Existing,GEO100,Active
CUST00286,Kavya Iyer,Female,44,35-44,2025-06-30,Existing,GEO047,Inactive
CUST00287,Pooja Das,Male,49,45-54,2026-04-02,Existing,GEO118,Active
CUST00288,Vivaan Rao,Female,43,35-44,2025-02-27,New,GEO095,Active
CUST00289,Riya Rao,Female,21,18-24,2025-07-20,Existing,GEO038,Active
CUST00290,Sneha Rao,Female,32,25-34,2024-08-23,New,GEO064,Active
CUST00291,Pooja Verma,Female,36,35-44,2026-01-10,New,GEO094,Active
CUST00292,Aditi Verma,Male,30,25-34,2026-01-07,New,GEO118,Active
CUST00293,Aditya Mehta,Male,53,45-54,2026-05-09,New,GEO098,Active
CUST00294,Vikram Kumar,Male,46,45-54,2026-05-12,New,GEO002,Active
CUST00295,Vivaan Rao,Female,52,45-54,2025-01-17,Existing,GEO085,Inactive
CUST00296,Aditi Singh,Male,21,18-24,2025-06-28,New,GEO003,Active
CUST00297,Nisha Mehta,Female,54,45-54,2024-01-18,Existing,GEO104,Active
CUST00298,Rohan Reddy,Male,26,25-34,2025-06-20,New,GEO080,Active
CUST00299,Sneha Kumar,Female,42,35-44,2026-03-25,Existing,GEO052,Inactive
CUST00300,Vikram Iyer,Male,56,55+,2025-12-14,New,GEO084,Active
CUST00301,Sneha Joshi,Female,25,25-34,2025-01-23,Existing,GEO008,Active
CUST00302,Meera Shetty,Male,30,25-34,2025-05-26,Existing,GEO073,Active
CUST00303,Karan Mishra,Male,53,45-54,2024-08-23,Existing,GEO035,Active
CUST00304,Riya Shetty,Female,24,18-24,2025-07-10,New,GEO023,Active
CUST00305,Rohan Das,Male,21,18-24,2025-08-24,Existing,GEO119,Active
CUST00306,Vikram Rao,Male,39,35-44,2025-07-31,Existing,GEO087,Active
CUST00307,Aditya Joshi,Male,44,35-44,2026-03-20,Existing,GEO007,Active
CUST00308,Aditya Nair,Male,47,45-54,2026-05-08,Existing,GEO100,Active
CUST00309,Isha Verma,Female,21,18-24,2026-03-13,New,GEO046,Inactive
CUST00310,Riya Shetty,Male,47,45-54,2025-11-27,Existing,GEO011,Active
CUST00311,Neha Patel,Male,35,35-44,2024-03-25,Existing,GEO092,Active
CUST00312,Arjun Kumar,Female,44,35-44,2025-01-04,New,GEO121,Active
CUST00313,Neha Kumar,Female,48,45-54,2026-02-18,New,GEO012,Active
CUST00314,Aditi Joshi,Female,47,45-54,2025-07-24,Existing,GEO014,Active
CUST00315,Aditya Rao,Female,25,25-34,2025-07-21,Existing,GEO111,Inactive
CUST00316,Sneha Das,Female,20,18-24,2025-02-27,New,GEO093,Active
CUST00317,Sneha Patel,Male,56,55+,2025-12-02,New,GEO035,Active
CUST00318,Aditya Patel,Female,37,35-44,2024-05-29,Existing,GEO036,Inactive
CUST00319,Aditya Nair,Female,39,35-44,2026-03-12,Existing,GEO121,Active
CUST00320,Diya Reddy,Female,60,55+,2025-08-31,Existing,GEO014,Active
CUST00321,Ananya Mehta,Male,39,35-44,2025-02-09,Existing,GEO103,Active
CUST00322,Diya Patel,Female,48,45-54,2025-03-16,Existing,GEO042,Active
CUST00323,Sneha Nair,Female,50,45-54,2024-06-30,Existing,GEO095,Inactive
CUST00324,Sneha Iyer,Male,56,55+,2024-11-29,Existing,GEO047,Active
CUST00325,Aditi Patel,Male,56,55+,2025-08-29,New,GEO094,Inactive
CUST00326,Priya Mehta,Female,33,25-34,2026-03-27,New,GEO105,Inactive
CUST00327,Priya Reddy,Male,51,45-54,2025-10-10,Existing,GEO085,Active
CUST00328,Isha Rao,Female,47,45-54,2024-03-16,Existing,GEO075,Inactive
CUST00329,Vivaan Das,Female,54,45-54,2025-07-10,Existing,GEO090,Active
CUST00330,Kavya Patel,Male,26,25-34,2025-11-04,New,GEO073,Inactive
CUST00331,Aarav Kumar,Female,41,35-44,2024-04-18,Existing,GEO029,Active
CUST00332,Isha Das,Female,48,45-54,2025-02-04,New,GEO045,Active
CUST00333,Meera Mishra,Male,50,45-54,2024-10-29,New,GEO015,Active
CUST00334,Isha Das,Female,42,35-44,2024-12-17,New,GEO067,Inactive
CUST00335,Isha Gupta,Female,42,35-44,2024-04-09,Existing,GEO041,Active
CUST00336,Arjun Sharma,Male,39,35-44,2026-04-09,Existing,GEO083,Active
CUST00337,Rahul Joshi,Male,30,25-34,2025-06-12,New,GEO043,Inactive
CUST00338,Sneha Shetty,Male,49,45-54,2026-03-27,New,GEO024,Inactive
CUST00339,Diya Mishra,Male,45,45-54,2026-01-25,New,GEO058,Inactive
CUST00340,Karan Reddy,Male,44,35-44,2025-12-22,Existing,GEO097,Active
CUST00341,Aditi Patel,Male,56,55+,2026-03-29,Existing,GEO042,Active
CUST00342,Pooja Joshi,Male,49,45-54,2024-09-25,Existing,GEO077,Inactive
CUST00343,Arjun Nair,Female,59,55+,2025-08-24,Existing,GEO109,Inactive
CUST00344,Priya Mishra,Male,59,55+,2026-04-13,New,GEO087,Active
CUST00345,Priya Kumar,Male,40,35-44,2024-09-01,New,GEO048,Active
CUST00346,Diya Patel,Female,52,45-54,2025-03-04,Existing,GEO055,Active
CUST00347,Rahul Verma,Male,51,45-54,2025-07-22,Existing,GEO018,Active
CUST00348,Vivaan Mehta,Female,40,35-44,2025-09-26,Existing,GEO002,Inactive
CUST00349,Sneha Joshi,Male,28,25-34,2026-04-14,Existing,GEO053,Inactive
CUST00350,Rahul Kumar,Female,46,45-54,2025-05-15,New,GEO102,Active
CUST00351,Vikram Joshi,Male,38,35-44,2024-10-08,Existing,GEO022,Inactive
CUST00352,Nisha Kumar,Female,56,55+,2025-07-16,New,GEO035,Active
CUST00353,Isha Joshi,Male,54,45-54,2026-02-17,New,GEO055,Active
CUST00354,Vivaan Verma,Female,35,35-44,2026-06-14,Existing,GEO045,Active
CUST00355,Vikram Reddy,Male,48,45-54,2026-03-05,Existing,GEO111,Inactive
CUST00356,Karan Mehta,Male,30,25-34,2026-03-14,New,GEO104,Active
CUST00357,Neha Rao,Female,56,55+,2025-06-29,New,GEO042,Active
CUST00358,Nisha Mishra,Female,38,35-44,2026-05-28,New,GEO018,Inactive
CUST00359,Rohan Gupta,Female,23,18-24,2026-06-06,New,GEO032,Active
CUST00360,Sneha Verma,Male,40,35-44,2026-02-18,New,GEO074,Active
CUST00361,Isha Kumar,Female,60,55+,2025-01-19,New,GEO052,Active
CUST00362,Ananya Rao,Female,43,35-44,2025-05-14,New,GEO112,Active
CUST00363,Aditya Das,Female,49,45-54,2026-05-20,Existing,GEO028,Inactive
CUST00364,Ananya Mehta,Female,33,25-34,2024-10-01,Existing,GEO044,Active
CUST00365,Ananya Mishra,Female,56,55+,2026-03-18,New,GEO006,Active
CUST00366,Arjun Mishra,Female,60,55+,2024-01-17,New,GEO057,Inactive
CUST00367,Rohan Mishra,Female,20,18-24,2024-07-26,Existing,GEO021,Active
CUST00368,Aditya Nair,Female,25,25-34,2024-09-13,New,GEO007,Inactive
CUST00369,Vikram Singh,Female,60,55+,2026-01-13,New,GEO091,Active
CUST00370,Aditya Patel,Male,20,18-24,2025-05-03,New,GEO067,Inactive
CUST00371,Ananya Mehta,Male,20,18-24,2025-12-13,New,GEO111,Inactive
CUST00372,Vikram Singh,Female,28,25-34,2024-03-13,New,GEO094,Active
CUST00373,Priya Patel,Female,26,25-34,2025-01-11,Existing,GEO100,Active
CUST00374,Riya Sharma,Male,29,25-34,2025-06-27,New,GEO057,Active
CUST00375,Diya Shetty,Male,33,25-34,2025-02-25,Existing,GEO111,Active
CUST00376,Arjun Rao,Male,25,25-34,2024-05-23,Existing,GEO045,Inactive
CUST00377,Neha Shetty,Male,40,35-44,2024-09-10,New,GEO032,Active
CUST00378,Nisha Rao,Female,21,18-24,2024-07-29,New,GEO096,Inactive
CUST00379,Vikram Verma,Male,38,35-44,2026-03-13,Existing,GEO015,Active
CUST00380,Aarav Nair,Male,51,45-54,2025-06-24,Existing,GEO017,Inactive
CUST00381,Aditi Shetty,Female,56,55+,2025-01-09,New,GEO098,Inactive
CUST00382,Aditya Sharma,Male,24,18-24,2025-08-24,Existing,GEO028,Active
CUST00383,Priya Shetty,Female,23,18-24,2025-06-02,Existing,GEO055,Inactive
CUST00384,Aditya Iyer,Male,25,25-34,2024-10-11,New,GEO066,Active
CUST00385,Riya Shetty,Female,29,25-34,2025-02-04,New,GEO040,Inactive
CUST00386,Aditya Mishra,Male,35,35-44,2024-09-07,Existing,GEO015,Inactive
CUST00387,Rahul Kumar,Male,59,55+,2024-11-12,New,GEO091,Active
CUST00388,Kavya Joshi,Male,20,18-24,2025-05-23,Existing,GEO022,Active
CUST00389,Arjun Das,Female,28,25-34,2026-01-20,New,GEO043,Inactive
CUST00390,Riya Shetty,Male,37,35-44,2024-09-26,New,GEO064,Inactive
CUST00391,Pooja Mehta,Female,52,45-54,2024-02-26,New,GEO048,Active
CUST00392,Arjun Reddy,Male,36,35-44,2025-08-10,New,GEO006,Active
CUST00393,Kavya Singh,Male,35,35-44,2025-04-28,New,GEO023,Active
CUST00394,Ananya Reddy,Female,55,55+,2024-08-17,Existing,GEO118,Active
CUST00395,Kavya Kumar,Male,37,35-44,2025-08-08,New,GEO023,Active
CUST00396,Aditya Mishra,Male,53,45-54,2025-02-14,Existing,GEO111,Active
CUST00397,Aditi Verma,Female,39,35-44,2024-03-29,New,GEO048,Active
CUST00398,Diya Reddy,Female,38,35-44,2026-01-27,Existing,GEO048,Inactive
CUST00399,Aarav Mishra,Male,32,25-34,2024-06-03,Existing,GEO004,Active
CUST00400,Aarav Nair,Female,54,45-54,2025-10-13,New,GEO098,Inactive
CUST00401,Nisha Reddy,Male,39,35-44,2024-07-29,Existing,GEO063,Active
CUST00402,Vivaan Mishra,Female,29,25-34,2024-04-05,New,GEO115,Inactive
CUST00403,Aditya Rao,Female,43,35-44,2026-02-04,New,GEO065,Active
CUST00404,Riya Rao,Female,60,55+,2024-03-17,New,GEO056,Active
CUST00405,Ananya Mishra,Female,35,35-44,2024-09-24,Existing,GEO090,Active
CUST00406,Vikram Kumar,Female,40,35-44,2024-10-05,New,GEO018,Active
CUST00407,Isha Verma,Male,29,25-34,2024-06-17,Existing,GEO053,Active
CUST00408,Karan Verma,Female,54,45-54,2026-02-27,Existing,GEO060,Active
CUST00409,Priya Mehta,Male,27,25-34,2024-06-10,New,GEO028,Active
CUST00410,Vikram Nair,Male,29,25-34,2025-12-29,Existing,GEO066,Active
CUST00411,Rahul Sharma,Female,39,35-44,2026-04-19,Existing,GEO110,Inactive
CUST00412,Isha Kumar,Male,55,55+,2024-04-06,New,GEO016,Active
CUST00413,Karan Mehta,Male,23,18-24,2024-05-13,Existing,GEO048,Active
CUST00414,Aditya Sharma,Female,57,55+,2026-04-12,New,GEO026,Inactive
CUST00415,Ananya Kumar,Male,28,25-34,2026-05-17,New,GEO121,Inactive
CUST00416,Meera Mehta,Male,23,18-24,2025-08-10,Existing,GEO064,Active
CUST00417,Kavya Reddy,Female,44,35-44,2024-06-25,New,GEO036,Active
CUST00418,Diya Rao,Male,48,45-54,2024-02-05,New,GEO083,Active
CUST00419,Pooja Sharma,Female,51,45-54,2025-07-17,New,GEO036,Inactive
CUST00420,Nisha Reddy,Female,28,25-34,2024-07-23,New,GEO049,Active
CUST00421,Riya Joshi,Female,50,45-54,2024-12-18,Existing,GEO050,Active
CUST00422,Diya Reddy,Male,31,25-34,2024-11-22,New,GEO115,Active
CUST00423,Kavya Das,Female,23,18-24,2025-06-26,New,GEO021,Active
CUST00424,Aditi Mehta,Male,35,35-44,2024-09-29,New,GEO098,Active
CUST00425,Rahul Patel,Female,56,55+,2024-12-29,New,GEO076,Active
CUST00426,Kavya Rao,Male,42,35-44,2025-12-21,New,GEO073,Active
CUST00427,Pooja Sharma,Female,51,45-54,2024-06-28,New,GEO008,Active
CUST00428,Nisha Verma,Male,58,55+,2024-01-21,New,GEO043,Active
CUST00429,Rahul Mishra,Female,28,25-34,2026-01-04,Existing,GEO008,Active
CUST00430,Arjun Mehta,Male,29,25-34,2026-03-03,Existing,GEO010,Active
CUST00431,Priya Nair,Male,45,45-54,2024-12-10,New,GEO021,Inactive
CUST00432,Ananya Patel,Female,60,55+,2025-10-26,Existing,GEO029,Active
CUST00433,Priya Patel,Female,44,35-44,2026-01-21,New,GEO094,Active
CUST00434,Riya Sharma,Female,56,55+,2026-05-21,New,GEO078,Active
CUST00435,Riya Kumar,Male,59,55+,2025-10-16,Existing,GEO019,Active
CUST00436,Ananya Patel,Male,24,18-24,2024-12-21,New,GEO106,Active
CUST00437,Karan Reddy,Male,48,45-54,2024-09-28,New,GEO045,Active
CUST00438,Sneha Verma,Male,26,25-34,2024-02-19,Existing,GEO022,Inactive
CUST00439,Aditi Singh,Female,51,45-54,2024-12-25,New,GEO107,Inactive
CUST00440,Isha Kumar,Male,56,55+,2024-06-15,New,GEO038,Active
CUST00441,Aditya Nair,Female,40,35-44,2024-04-17,New,GEO114,Inactive
CUST00442,Aditya Nair,Male,30,25-34,2025-07-14,Existing,GEO091,Active
CUST00443,Meera Patel,Male,47,45-54,2025-09-13,New,GEO013,Active
CUST00444,Aditi Gupta,Male,33,25-34,2025-02-23,Existing,GEO085,Active
CUST00445,Vivaan Singh,Male,39,35-44,2024-04-08,Existing,GEO020,Active
CUST00446,Aditya Iyer,Male,43,35-44,2025-03-13,Existing,GEO026,Active
CUST00447,Priya Kumar,Male,21,18-24,2024-06-23,Existing,GEO109,Active
CUST00448,Pooja Mishra,Female,39,35-44,2025-04-27,Existing,GEO012,Inactive
CUST00449,Kavya Patel,Female,31,25-34,2025-01-25,Existing,GEO006,Active
CUST00450,Vikram Mehta,Female,48,45-54,2024-09-26,Existing,GEO073,Active
CUST00451,Kavya Das,Male,29,25-34,2024-03-28,Existing,GEO097,Active
CUST00452,Sneha Mehta,Male,55,55+,2026-05-10,Existing,GEO069,Inactive
CUST00453,Priya Kumar,Male,56,55+,2025-05-02,Existing,GEO116,Active
CUST00454,Isha Patel,Male,52,45-54,2024-05-03,New,GEO028,Active
CUST00455,Aditya Shetty,Male,28,25-34,2025-03-09,Existing,GEO026,Active
CUST00456,Aditya Kumar,Female,58,55+,2024-11-23,Existing,GEO072,Inactive
CUST00457,Neha Joshi,Female,55,55+,2026-05-27,Existing,GEO118,Active
CUST00458,Meera Patel,Female,59,55+,2024-04-25,New,GEO073,Active
CUST00459,Priya Mehta,Male,26,25-34,2026-03-15,Existing,GEO113,Inactive
CUST00460,Pooja Rao,Female,36,35-44,2025-11-01,Existing,GEO005,Active
CUST00461,Diya Rao,Female,37,35-44,2024-05-27,Existing,GEO005,Inactive
CUST00462,Pooja Mishra,Male,41,35-44,2024-02-20,Existing,GEO115,Active
CUST00463,Priya Iyer,Female,21,18-24,2026-04-17,Existing,GEO108,Inactive
CUST00464,Priya Gupta,Male,26,25-34,2024-05-17,Existing,GEO100,Active
CUST00465,Aditya Reddy,Female,37,35-44,2025-09-11,Existing,GEO028,Inactive
CUST00466,Vivaan Joshi,Female,51,45-54,2026-04-20,New,GEO009,Active
CUST00467,Nisha Mishra,Female,52,45-54,2024-05-18,New,GEO023,Active
CUST00468,Vivaan Verma,Male,32,25-34,2024-09-12,New,GEO118,Active
CUST00469,Isha Joshi,Female,32,25-34,2025-01-12,Existing,GEO082,Active
CUST00470,Pooja Rao,Male,21,18-24,2025-01-16,Existing,GEO023,Inactive
CUST00471,Rahul Mehta,Female,57,55+,2024-12-18,Existing,GEO096,Active
CUST00472,Vivaan Patel,Male,38,35-44,2025-01-30,New,GEO110,Active
CUST00473,Meera Joshi,Male,34,25-34,2024-10-02,New,GEO111,Active
CUST00474,Rahul Rao,Male,50,45-54,2025-10-24,New,GEO029,Active
CUST00475,Neha Singh,Female,58,55+,2025-12-30,Existing,GEO110,Active
CUST00476,Isha Iyer,Female,49,45-54,2024-08-11,Existing,GEO075,Active
CUST00477,Diya Rao,Female,20,18-24,2025-07-28,Existing,GEO039,Active
CUST00478,Neha Shetty,Male,50,45-54,2024-12-10,Existing,GEO111,Active
CUST00479,Rohan Joshi,Female,36,35-44,2024-07-11,New,GEO116,Active
CUST00480,Ananya Shetty,Female,58,55+,2025-11-07,New,GEO093,Active
CUST00481,Meera Singh,Female,51,45-54,2024-09-22,Existing,GEO095,Active
CUST00482,Vikram Shetty,Male,57,55+,2024-12-17,Existing,GEO117,Active
CUST00483,Rahul Mehta,Female,52,45-54,2026-05-15,New,GEO038,Active
CUST00484,Neha Gupta,Male,50,45-54,2026-01-28,New,GEO088,Active
CUST00485,Vikram Gupta,Male,25,25-34,2024-12-29,Existing,GEO054,Active
CUST00486,Priya Verma,Female,43,35-44,2025-08-22,New,GEO061,Active
CUST00487,Karan Joshi,Male,60,55+,2025-04-28,New,GEO112,Inactive
CUST00488,Vivaan Mehta,Female,53,45-54,2025-02-27,New,GEO018,Active
CUST00489,Isha Patel,Female,41,35-44,2025-08-06,Existing,GEO111,Active
CUST00490,Rahul Nair,Female,25,25-34,2024-12-06,New,GEO001,Inactive
CUST00491,Rahul Rao,Male,37,35-44,2026-02-18,New,GEO063,Active
CUST00492,Meera Singh,Female,28,25-34,2025-10-10,Existing,GEO062,Inactive
CUST00493,Karan Gupta,Male,20,18-24,2025-06-30,Existing,GEO002,Active
CUST00494,Aarav Shetty,Male,53,45-54,2024-01-19,New,GEO029,Active
CUST00495,Sneha Joshi,Male,39,35-44,2024-04-15,Existing,GEO022,Active
CUST00496,Isha Gupta,Female,22,18-24,2024-10-24,Existing,GEO056,Active
CUST00497,Karan Patel,Female,41,35-44,2025-01-02,Existing,GEO003,Active
CUST00498,Aarav Rao,Male,34,25-34,2024-08-04,New,GEO016,Active
CUST00499,Neha Das,Female,22,18-24,2026-06-16,New,GEO077,Active
CUST00500,Arjun Singh,Male,26,25-34,2024-02-19,Existing,GEO049,Active
CUST00501,Rohan Reddy,Female,55,55+,2025-04-30,New,GEO039,Inactive
CUST00502,Diya Gupta,Female,26,25-34,2025-09-29,New,GEO054,Active
CUST00503,Arjun Das,Male,52,45-54,2024-10-16,New,GEO064,Active
CUST00504,Neha Mehta,Male,58,55+,2026-03-07,New,GEO046,Inactive
CUST00505,Aditi Verma,Male,38,35-44,2024-02-10,New,GEO089,Inactive
CUST00506,Aarav Shetty,Male,41,35-44,2024-01-03,New,GEO117,Active
CUST00507,Aditya Das,Female,56,55+,2024-06-01,New,GEO093,Active
CUST00508,Priya Iyer,Male,36,35-44,2025-04-12,Existing,GEO007,Active
CUST00509,Priya Nair,Male,31,25-34,2026-05-22,Existing,GEO055,Active
CUST00510,Rohan Shetty,Male,26,25-34,2024-01-10,New,GEO043,Active
CUST00511,Aditya Nair,Female,48,45-54,2026-06-18,Existing,GEO024,Active
CUST00512,Neha Mehta,Female,45,45-54,2025-04-12,Existing,GEO089,Inactive
CUST00513,Rohan Gupta,Male,46,45-54,2024-04-25,New,GEO121,Active
CUST00514,Pooja Das,Female,26,25-34,2025-08-27,Existing,GEO024,Inactive
CUST00515,Rohan Verma,Male,42,35-44,2026-06-02,Existing,GEO015,Inactive
CUST00516,Neha Shetty,Male,48,45-54,2024-03-05,Existing,GEO002,Active
CUST00517,Vikram Verma,Male,41,35-44,2025-03-19,Existing,GEO085,Inactive
CUST00518,Rahul Joshi,Male,29,25-34,2024-01-12,Existing,GEO110,Inactive
CUST00519,Pooja Nair,Male,30,25-34,2026-02-08,New,GEO043,Active
CUST00520,Sneha Singh,Male,23,18-24,2025-07-17,New,GEO011,Inactive
CUST00521,Pooja Verma,Female,48,45-54,2024-03-31,Existing,GEO016,Inactive
CUST00522,Meera Sharma,Male,21,18-24,2025-02-17,New,GEO106,Active
CUST00523,Aditi Reddy,Female,58,55+,2025-06-04,Existing,GEO044,Active
CUST00524,Isha Nair,Male,23,18-24,2026-05-14,Existing,GEO092,Active
CUST00525,Vikram Sharma,Male,48,45-54,2024-04-09,Existing,GEO046,Active
CUST00526,Arjun Sharma,Female,55,55+,2025-12-19,New,GEO064,Active
CUST00527,Diya Reddy,Male,46,45-54,2024-09-17,New,GEO016,Inactive
CUST00528,Karan Gupta,Female,33,25-34,2026-04-24,Existing,GEO014,Inactive
CUST00529,Isha Verma,Male,22,18-24,2026-03-01,New,GEO064,Active
CUST00530,Meera Mehta,Male,53,45-54,2025-07-20,Existing,GEO119,Active
CUST00531,Rohan Kumar,Male,57,55+,2026-01-18,Existing,GEO085,Active
CUST00532,Diya Mishra,Female,52,45-54,2025-03-04,New,GEO036,Inactive
CUST00533,Rohan Patel,Female,41,35-44,2025-04-08,Existing,GEO078,Active
CUST00534,Aditi Shetty,Female,55,55+,2025-12-29,New,GEO026,Active
CUST00535,Kavya Mishra,Female,59,55+,2025-12-04,New,GEO091,Active
CUST00536,Arjun Das,Female,52,45-54,2025-12-28,Existing,GEO072,Inactive
CUST00537,Aditi Iyer,Female,57,55+,2025-11-21,Existing,GEO104,Active
CUST00538,Sneha Patel,Male,53,45-54,2024-01-26,New,GEO086,Active
CUST00539,Rahul Iyer,Female,32,25-34,2026-02-07,Existing,GEO019,Active
CUST00540,Aditi Sharma,Male,38,35-44,2026-02-10,Existing,GEO105,Inactive
CUST00541,Aditi Singh,Male,26,25-34,2026-01-30,New,GEO066,Active
CUST00542,Meera Das,Female,23,18-24,2025-01-31,Existing,GEO071,Active
CUST00543,Diya Mehta,Female,20,18-24,2024-07-26,Existing,GEO107,Active
CUST00544,Riya Joshi,Female,60,55+,2026-02-12,New,GEO100,Active
CUST00545,Aditya Patel,Female,38,35-44,2024-06-30,New,GEO095,Active
CUST00546,Neha Joshi,Male,44,35-44,2025-03-14,Existing,GEO017,Active
CUST00547,Ananya Verma,Female,57,55+,2024-01-06,New,GEO006,Active
CUST00548,Diya Mehta,Male,40,35-44,2026-03-03,Existing,GEO063,Active
CUST00549,Vikram Patel,Female,24,18-24,2025-06-22,New,GEO101,Active
CUST00550,Kavya Reddy,Female,46,45-54,2024-04-04,New,GEO085,Active
CUST00551,Karan Das,Female,41,35-44,2024-10-27,Existing,GEO072,Active
CUST00552,Vikram Mishra,Female,27,25-34,2025-04-01,New,GEO006,Active
CUST00553,Neha Joshi,Male,44,35-44,2025-01-30,Existing,GEO004,Active
CUST00554,Vivaan Iyer,Female,52,45-54,2025-05-13,New,GEO042,Active
CUST00555,Aditi Joshi,Male,26,25-34,2026-03-02,New,GEO081,Active
CUST00556,Meera Mehta,Male,33,25-34,2026-06-04,New,GEO027,Inactive
CUST00557,Isha Gupta,Male,24,18-24,2024-01-25,Existing,GEO005,Active
CUST00558,Neha Joshi,Male,24,18-24,2024-07-01,New,GEO074,Active
CUST00559,Isha Shetty,Female,36,35-44,2025-02-01,Existing,GEO056,Active
CUST00560,Arjun Joshi,Female,21,18-24,2025-11-20,New,GEO083,Active
CUST00561,Aditya Nair,Male,57,55+,2025-12-18,New,GEO038,Active
CUST00562,Isha Singh,Male,58,55+,2024-10-15,Existing,GEO106,Active
CUST00563,Vikram Patel,Male,50,45-54,2025-06-30,Existing,GEO102,Active
CUST00564,Kavya Sharma,Male,60,55+,2024-11-01,New,GEO016,Active
CUST00565,Aditi Kumar,Female,20,18-24,2025-07-04,Existing,GEO027,Active
CUST00566,Nisha Patel,Female,33,25-34,2025-10-23,New,GEO024,Active
CUST00567,Arjun Patel,Female,59,55+,2024-07-17,New,GEO109,Inactive
CUST00568,Aditya Iyer,Male,55,55+,2024-10-24,New,GEO026,Inactive
CUST00569,Vikram Kumar,Female,41,35-44,2024-05-11,Existing,GEO080,Active
CUST00570,Isha Nair,Female,32,25-34,2025-05-12,Existing,GEO089,Active
CUST00571,Ananya Singh,Female,56,55+,2026-04-07,New,GEO001,Active
CUST00572,Meera Iyer,Male,35,35-44,2025-12-30,Existing,GEO018,Active
CUST00573,Kavya Das,Female,50,45-54,2025-04-01,Existing,GEO063,Active
CUST00574,Neha Mehta,Male,31,25-34,2026-05-11,New,GEO115,Active
CUST00575,Aditya Mishra,Male,36,35-44,2026-01-14,New,GEO109,Active
CUST00576,Riya Reddy,Female,57,55+,2026-02-26,New,GEO071,Active
CUST00577,Rohan Nair,Female,54,45-54,2025-10-31,Existing,GEO029,Active
CUST00578,Nisha Kumar,Female,28,25-34,2025-05-28,Existing,GEO047,Active
CUST00579,Nisha Patel,Male,35,35-44,2026-02-14,Existing,GEO021,Active
CUST00580,Pooja Nair,Male,56,55+,2026-01-23,New,GEO029,Inactive
CUST00581,Kavya Reddy,Male,34,25-34,2024-09-27,New,GEO086,Active
CUST00582,Pooja Mishra,Female,53,45-54,2025-02-01,Existing,GEO113,Active
CUST00583,Nisha Shetty,Female,22,18-24,2024-04-15,Existing,GEO107,Active
CUST00584,Sneha Nair,Male,57,55+,2025-01-20,New,GEO067,Active
CUST00585,Sneha Nair,Male,44,35-44,2025-06-12,Existing,GEO063,Inactive
CUST00586,Rohan Verma,Male,58,55+,2025-05-28,New,GEO030,Active
CUST00587,Rohan Patel,Female,52,45-54,2024-08-04,New,GEO047,Active
CUST00588,Ananya Gupta,Female,34,25-34,2026-04-10,New,GEO062,Inactive
CUST00589,Rahul Shetty,Male,50,45-54,2025-08-27,Existing,GEO003,Active
CUST00590,Riya Patel,Male,22,18-24,2025-08-10,New,GEO081,Active
CUST00591,Rahul Iyer,Male,56,55+,2024-02-27,New,GEO067,Inactive
CUST00592,Priya Kumar,Male,58,55+,2026-06-18,New,GEO058,Inactive
CUST00593,Meera Rao,Male,50,45-54,2024-08-12,New,GEO102,Active
CUST00594,Ananya Mishra,Female,59,55+,2024-06-20,Existing,GEO077,Active
CUST00595,Rohan Kumar,Female,34,25-34,2025-01-29,New,GEO026,Inactive
CUST00596,Pooja Mishra,Male,29,25-34,2024-06-30,New,GEO113,Active
CUST00597,Rohan Mishra,Female,25,25-34,2025-11-06,New,GEO115,Inactive
CUST00598,Vivaan Gupta,Female,53,45-54,2025-01-14,Existing,GEO030,Inactive
CUST00599,Riya Kumar,Female,44,35-44,2025-08-26,Existing,GEO018,Active
CUST00600,Aditya Iyer,Male,50,45-54,2026-05-29,Existing,GEO033,Active
CUST00601,Nisha Kumar,Male,20,18-24,2025-08-14,New,GEO049,Active
CUST00602,Arjun Patel,Female,40,35-44,2025-01-05,Existing,GEO084,Active
CUST00603,Kavya Rao,Female,36,35-44,2025-08-01,Existing,GEO088,Inactive
CUST00604,Aditi Verma,Female,33,25-34,2025-07-19,New,GEO048,Inactive
CUST00605,Kavya Das,Female,36,35-44,2025-08-14,Existing,GEO095,Active
CUST00606,Rahul Kumar,Male,27,25-34,2025-04-02,New,GEO066,Inactive
CUST00607,Sneha Shetty,Male,41,35-44,2024-06-13,New,GEO103,Active
CUST00608,Meera Kumar,Female,29,25-34,2025-09-06,New,GEO034,Active
CUST00609,Vivaan Gupta,Male,43,35-44,2025-09-15,Existing,GEO120,Inactive
CUST00610,Diya Sharma,Female,59,55+,2025-12-29,New,GEO082,Inactive
CUST00611,Nisha Iyer,Male,48,45-54,2024-07-25,New,GEO005,Active
CUST00612,Vivaan Nair,Male,59,55+,2025-11-21,New,GEO084,Active
CUST00613,Sneha Nair,Male,30,25-34,2024-10-09,Existing,GEO052,Active
CUST00614,Aditya Mishra,Male,53,45-54,2026-01-24,New,GEO071,Active
CUST00615,Neha Reddy,Female,55,55+,2024-12-21,New,GEO059,Inactive
CUST00616,Rahul Singh,Male,56,55+,2024-09-24,New,GEO072,Active
CUST00617,Arjun Das,Female,52,45-54,2024-12-14,Existing,GEO113,Active
CUST00618,Pooja Das,Female,48,45-54,2025-07-30,New,GEO097,Active
CUST00619,Aarav Verma,Female,49,45-54,2025-08-23,New,GEO034,Active
CUST00620,Vikram Das,Male,44,35-44,2025-11-24,Existing,GEO053,Active
CUST00621,Neha Reddy,Male,53,45-54,2025-12-18,Existing,GEO012,Inactive
CUST00622,Rahul Verma,Male,41,35-44,2025-07-21,Existing,GEO046,Active
CUST00623,Karan Verma,Female,56,55+,2024-07-06,New,GEO031,Active
CUST00624,Karan Mehta,Male,36,35-44,2024-08-22,New,GEO108,Active
CUST00625,Aditya Shetty,Male,29,25-34,2024-05-02,Existing,GEO079,Active
CUST00626,Pooja Nair,Male,54,45-54,2026-05-18,Existing,GEO064,Active
CUST00627,Nisha Iyer,Male,51,45-54,2026-02-21,Existing,GEO029,Active
CUST00628,Aditi Sharma,Female,23,18-24,2025-05-04,Existing,GEO051,Active
CUST00629,Nisha Verma,Male,49,45-54,2025-12-16,Existing,GEO089,Active
CUST00630,Riya Kumar,Male,20,18-24,2025-01-23,Existing,GEO047,Active
CUST00631,Neha Verma,Female,31,25-34,2024-08-30,Existing,GEO047,Active
CUST00632,Meera Gupta,Female,51,45-54,2024-08-03,Existing,GEO047,Inactive
CUST00633,Riya Patel,Female,37,35-44,2024-07-03,New,GEO105,Active
CUST00634,Meera Mehta,Male,37,35-44,2025-07-22,Existing,GEO026,Active
CUST00635,Aarav Patel,Female,29,25-34,2026-04-05,Existing,GEO064,Active
CUST00636,Pooja Iyer,Female,60,55+,2026-03-15,Existing,GEO072,Active
CUST00637,Rahul Sharma,Male,45,45-54,2025-12-08,New,GEO105,Active
CUST00638,Ananya Iyer,Male,50,45-54,2025-04-05,Existing,GEO047,Active
CUST00639,Arjun Nair,Male,42,35-44,2025-02-25,New,GEO074,Active
CUST00640,Nisha Verma,Female,38,35-44,2024-11-28,Existing,GEO114,Active
CUST00641,Rohan Mehta,Female,44,35-44,2025-04-19,New,GEO082,Active
CUST00642,Aditya Kumar,Female,46,45-54,2026-05-19,New,GEO044,Active
CUST00643,Priya Gupta,Female,40,35-44,2025-10-30,Existing,GEO078,Inactive
CUST00644,Kavya Gupta,Female,37,35-44,2026-03-10,Existing,GEO053,Active
CUST00645,Vikram Shetty,Male,31,25-34,2024-05-08,Existing,GEO121,Active
CUST00646,Arjun Kumar,Male,33,25-34,2025-02-10,New,GEO120,Inactive
CUST00647,Sneha Joshi,Male,55,55+,2024-01-27,New,GEO014,Active
CUST00648,Sneha Iyer,Male,59,55+,2024-03-27,New,GEO032,Active
CUST00649,Nisha Mehta,Male,48,45-54,2024-05-14,New,GEO004,Active
CUST00650,Pooja Verma,Female,42,35-44,2026-06-03,Existing,GEO071,Inactive
CUST00651,Diya Verma,Male,28,25-34,2025-08-28,Existing,GEO068,Active
CUST00652,Vikram Das,Female,42,35-44,2025-07-06,New,GEO057,Active
CUST00653,Rohan Iyer,Female,43,35-44,2024-09-23,New,GEO001,Active
CUST00654,Aditi Sharma,Female,42,35-44,2025-04-25,Existing,GEO097,Inactive
CUST00655,Meera Das,Male,39,35-44,2026-02-23,Existing,GEO077,Active
CUST00656,Meera Mishra,Female,20,18-24,2024-07-12,Existing,GEO051,Active
CUST00657,Sneha Reddy,Female,30,25-34,2026-04-28,Existing,GEO011,Inactive
CUST00658,Diya Das,Male,60,55+,2025-06-13,Existing,GEO037,Active
CUST00659,Aditya Patel,Male,46,45-54,2026-05-23,New,GEO038,Active
CUST00660,Isha Iyer,Female,60,55+,2025-09-24,Existing,GEO025,Active
CUST00661,Aditi Sharma,Male,21,18-24,2024-02-20,New,GEO014,Active
CUST00662,Isha Gupta,Male,37,35-44,2026-01-02,New,GEO030,Active
CUST00663,Karan Nair,Male,29,25-34,2025-05-20,Existing,GEO040,Inactive
CUST00664,Vivaan Nair,Female,43,35-44,2025-12-14,New,GEO108,Active
CUST00665,Sneha Kumar,Female,23,18-24,2026-03-05,Existing,GEO024,Active
CUST00666,Aarav Kumar,Female,36,35-44,2026-04-28,New,GEO050,Inactive
CUST00667,Isha Gupta,Male,35,35-44,2024-07-22,New,GEO067,Active
CUST00668,Priya Mishra,Female,50,45-54,2025-11-28,Existing,GEO021,Active
CUST00669,Pooja Shetty,Male,55,55+,2024-09-16,Existing,GEO026,Active
CUST00670,Vikram Shetty,Male,23,18-24,2024-04-25,Existing,GEO042,Active
CUST00671,Arjun Singh,Female,30,25-34,2025-08-21,New,GEO002,Active
CUST00672,Diya Patel,Female,57,55+,2025-12-05,Existing,GEO099,Active
CUST00673,Aditya Shetty,Male,35,35-44,2025-05-26,Existing,GEO120,Active
CUST00674,Rohan Gupta,Female,23,18-24,2025-10-22,New,GEO017,Inactive
CUST00675,Kavya Das,Female,34,25-34,2025-07-25,Existing,GEO094,Active
CUST00676,Rohan Iyer,Female,21,18-24,2025-01-01,New,GEO063,Inactive
CUST00677,Pooja Reddy,Female,55,55+,2025-07-09,New,GEO070,Active
CUST00678,Diya Mishra,Female,40,35-44,2024-10-08,New,GEO009,Active
CUST00679,Neha Joshi,Female,48,45-54,2026-04-19,Existing,GEO059,Active
CUST00680,Rahul Mishra,Female,60,55+,2026-01-21,New,GEO080,Active
CUST00681,Aditya Shetty,Male,59,55+,2024-11-24,Existing,GEO025,Inactive
CUST00682,Priya Nair,Male,55,55+,2025-09-19,Existing,GEO083,Active
CUST00683,Aditya Sharma,Male,27,25-34,2025-06-19,New,GEO023,Active
CUST00684,Karan Kumar,Male,32,25-34,2025-05-12,New,GEO074,Inactive
CUST00685,Kavya Reddy,Female,51,45-54,2024-02-20,New,GEO002,Active
CUST00686,Vivaan Nair,Male,51,45-54,2025-04-24,Existing,GEO106,Active
CUST00687,Vivaan Gupta,Female,23,18-24,2025-06-25,New,GEO107,Active
CUST00688,Arjun Kumar,Male,24,18-24,2025-06-15,New,GEO069,Inactive
CUST00689,Vikram Rao,Male,32,25-34,2025-06-22,New,GEO072,Inactive
CUST00690,Isha Gupta,Female,26,25-34,2025-11-21,Existing,GEO114,Active
CUST00691,Sneha Joshi,Male,30,25-34,2025-07-17,Existing,GEO085,Active
CUST00692,Ananya Joshi,Female,54,45-54,2024-12-26,Existing,GEO109,Active
CUST00693,Ananya Rao,Female,46,45-54,2026-04-25,New,GEO073,Active
CUST00694,Isha Verma,Female,44,35-44,2025-01-03,Existing,GEO001,Active
CUST00695,Rohan Mishra,Male,38,35-44,2025-06-14,Existing,GEO001,Active
CUST00696,Ananya Sharma,Male,34,25-34,2026-05-26,Existing,GEO118,Active
CUST00697,Kavya Patel,Male,26,25-34,2025-04-16,New,GEO034,Active
CUST00698,Neha Das,Male,57,55+,2024-08-26,Existing,GEO012,Inactive
CUST00699,Aditya Gupta,Male,56,55+,2026-01-21,Existing,GEO102,Inactive
CUST00700,Riya Mehta,Female,31,25-34,2026-04-25,New,GEO077,Active
CUST00701,Vivaan Mishra,Female,22,18-24,2024-03-21,Existing,GEO045,Inactive
CUST00702,Vikram Gupta,Male,46,45-54,2026-06-09,New,GEO082,Inactive
CUST00703,Vivaan Nair,Female,23,18-24,2025-06-20,New,GEO042,Active
CUST00704,Sneha Verma,Male,29,25-34,2025-11-20,New,GEO029,Inactive
CUST00705,Rohan Nair,Female,38,35-44,2024-05-31,New,GEO061,Active
CUST00706,Aditya Singh,Female,55,55+,2024-09-25,Existing,GEO100,Active
CUST00707,Karan Verma,Female,28,25-34,2025-07-26,Existing,GEO084,Active
CUST00708,Aditya Iyer,Male,55,55+,2024-09-05,Existing,GEO042,Active
CUST00709,Kavya Nair,Female,27,25-34,2025-03-09,New,GEO042,Active
CUST00710,Priya Patel,Male,58,55+,2026-02-27,Existing,GEO079,Inactive
CUST00711,Vivaan Mishra,Male,59,55+,2025-03-27,New,GEO026,Active
CUST00712,Vivaan Reddy,Male,29,25-34,2024-04-25,New,GEO112,Active
CUST00713,Arjun Iyer,Female,20,18-24,2025-12-11,Existing,GEO061,Active
CUST00714,Aditi Reddy,Male,41,35-44,2026-01-27,New,GEO070,Active
CUST00715,Rohan Gupta,Female,55,55+,2025-09-29,New,GEO049,Active
CUST00716,Priya Reddy,Male,36,35-44,2024-03-02,Existing,GEO007,Inactive
CUST00717,Neha Shetty,Male,20,18-24,2025-02-01,Existing,GEO111,Active
CUST00718,Sneha Reddy,Female,21,18-24,2026-06-07,Existing,GEO066,Active
CUST00719,Diya Joshi,Female,40,35-44,2026-06-06,New,GEO024,Active
CUST00720,Aarav Sharma,Female,52,45-54,2025-07-28,New,GEO119,Active
CUST00721,Rahul Sharma,Female,41,35-44,2025-02-06,Existing,GEO088,Active
CUST00722,Nisha Iyer,Female,42,35-44,2024-08-29,New,GEO081,Active
CUST00723,Neha Reddy,Male,44,35-44,2025-07-22,New,GEO044,Inactive
CUST00724,Sneha Joshi,Male,28,25-34,2026-01-17,New,GEO054,Active
CUST00725,Priya Mishra,Male,56,55+,2025-03-12,Existing,GEO058,Active
CUST00726,Aditi Shetty,Male,33,25-34,2025-08-17,New,GEO111,Active
CUST00727,Rohan Shetty,Male,39,35-44,2025-03-16,New,GEO041,Active
CUST00728,Ananya Mehta,Male,55,55+,2024-07-07,New,GEO094,Active
CUST00729,Priya Verma,Female,40,35-44,2025-02-25,Existing,GEO020,Active
CUST00730,Aarav Das,Male,26,25-34,2024-07-08,Existing,GEO078,Active
CUST00731,Aarav Nair,Male,58,55+,2024-08-24,New,GEO089,Inactive
CUST00732,Kavya Patel,Female,28,25-34,2025-12-30,Existing,GEO063,Inactive
CUST00733,Vikram Sharma,Male,28,25-34,2024-07-16,Existing,GEO098,Active
CUST00734,Karan Das,Female,37,35-44,2024-08-15,New,GEO009,Active
CUST00735,Ananya Mehta,Female,48,45-54,2025-12-05,Existing,GEO114,Active
CUST00736,Vivaan Rao,Female,47,45-54,2026-03-05,Existing,GEO093,Active
CUST00737,Arjun Verma,Male,45,45-54,2025-06-17,Existing,GEO106,Active
CUST00738,Vivaan Joshi,Female,35,35-44,2026-01-22,Existing,GEO067,Active
CUST00739,Sneha Mishra,Female,32,25-34,2025-03-26,Existing,GEO100,Active
CUST00740,Priya Rao,Male,49,45-54,2025-03-08,New,GEO089,Active
CUST00741,Nisha Kumar,Female,49,45-54,2024-04-02,New,GEO100,Active
CUST00742,Isha Sharma,Female,45,45-54,2024-11-27,New,GEO059,Active
CUST00743,Ananya Gupta,Male,49,45-54,2024-09-13,New,GEO092,Active
CUST00744,Isha Shetty,Male,25,25-34,2025-12-24,Existing,GEO011,Inactive
CUST00745,Aditi Singh,Male,52,45-54,2025-01-22,New,GEO099,Active
CUST00746,Rohan Patel,Male,41,35-44,2024-06-15,New,GEO054,Active
CUST00747,Rahul Kumar,Female,39,35-44,2024-10-22,New,GEO026,Active
CUST00748,Isha Verma,Female,59,55+,2024-01-13,Existing,GEO070,Active
CUST00749,Karan Rao,Female,58,55+,2024-08-31,Existing,GEO059,Inactive
CUST00750,Diya Sharma,Male,48,45-54,2025-09-07,New,GEO113,Active
CUST00751,Rahul Patel,Male,59,55+,2024-02-20,New,GEO084,Active
CUST00752,Vivaan Shetty,Male,22,18-24,2026-05-24,Existing,GEO043,Active
CUST00753,Rahul Patel,Male,23,18-24,2025-03-02,Existing,GEO079,Active
CUST00754,Aditya Das,Female,49,45-54,2024-02-06,Existing,GEO042,Active
CUST00755,Meera Mehta,Male,44,35-44,2026-02-15,New,GEO038,Inactive
CUST00756,Neha Nair,Male,28,25-34,2025-12-12,Existing,GEO068,Active
CUST00757,Riya Gupta,Male,33,25-34,2024-04-21,New,GEO062,Active
CUST00758,Nisha Rao,Female,47,45-54,2024-09-22,Existing,GEO119,Active
CUST00759,Pooja Verma,Female,59,55+,2025-06-16,New,GEO114,Active
CUST00760,Arjun Sharma,Male,38,35-44,2024-01-02,Existing,GEO081,Active
CUST00761,Vivaan Nair,Female,33,25-34,2025-02-27,Existing,GEO072,Active
CUST00762,Priya Iyer,Male,20,18-24,2025-12-07,New,GEO040,Active
CUST00763,Aarav Kumar,Female,52,45-54,2026-02-24,Existing,GEO044,Inactive
CUST00764,Rahul Reddy,Male,56,55+,2026-05-02,Existing,GEO107,Active
CUST00765,Vivaan Shetty,Female,50,45-54,2026-03-27,New,GEO062,Active
CUST00766,Aditi Mishra,Female,60,55+,2026-06-04,Existing,GEO060,Inactive
CUST00767,Ananya Joshi,Female,23,18-24,2025-08-01,New,GEO027,Active
CUST00768,Neha Mehta,Male,42,35-44,2024-06-01,New,GEO044,Inactive
CUST00769,Diya Singh,Male,60,55+,2025-08-07,New,GEO077,Active
CUST00770,Vivaan Iyer,Female,39,35-44,2025-12-27,Existing,GEO012,Inactive
CUST00771,Priya Reddy,Female,35,35-44,2025-04-07,Existing,GEO023,Active
CUST00772,Karan Mishra,Male,43,35-44,2026-03-07,New,GEO057,Active
CUST00773,Ananya Mishra,Male,50,45-54,2024-07-13,Existing,GEO094,Active
CUST00774,Arjun Mehta,Male,40,35-44,2026-02-26,New,GEO027,Active
CUST00775,Nisha Kumar,Female,49,45-54,2025-12-31,New,GEO040,Active
CUST00776,Isha Mishra,Male,58,55+,2024-12-07,New,GEO014,Active
CUST00777,Karan Nair,Female,21,18-24,2025-10-16,New,GEO025,Active
CUST00778,Isha Shetty,Female,37,35-44,2026-03-02,New,GEO035,Active
CUST00779,Aarav Rao,Female,30,25-34,2024-04-27,New,GEO027,Active
CUST00780,Rohan Gupta,Female,55,55+,2024-10-04,Existing,GEO074,Active
CUST00781,Diya Mishra,Male,30,25-34,2024-11-14,Existing,GEO070,Inactive
CUST00782,Pooja Mishra,Male,23,18-24,2024-01-30,New,GEO014,Inactive
CUST00783,Sneha Patel,Male,23,18-24,2025-03-12,Existing,GEO079,Active
CUST00784,Karan Gupta,Female,39,35-44,2026-04-17,New,GEO119,Inactive
CUST00785,Isha Kumar,Male,56,55+,2024-04-05,Existing,GEO040,Inactive
CUST00786,Rohan Mehta,Male,50,45-54,2024-08-17,Existing,GEO117,Active
CUST00787,Ananya Das,Male,45,45-54,2025-12-17,Existing,GEO059,Inactive
CUST00788,Arjun Nair,Male,21,18-24,2025-05-01,Existing,GEO060,Active
CUST00789,Riya Patel,Female,38,35-44,2025-09-10,New,GEO052,Active
CUST00790,Priya Joshi,Male,40,35-44,2026-03-22,Existing,GEO052,Inactive
CUST00791,Rahul Verma,Male,35,35-44,2025-07-15,Existing,GEO009,Active
CUST00792,Meera Rao,Female,33,25-34,2026-03-14,Existing,GEO070,Active
CUST00793,Riya Mehta,Male,31,25-34,2026-01-27,Existing,GEO015,Inactive
CUST00794,Isha Patel,Male,40,35-44,2026-04-21,Existing,GEO052,Active
CUST00795,Diya Das,Male,58,55+,2025-12-02,Existing,GEO042,Inactive
CUST00796,Rohan Mishra,Male,23,18-24,2024-08-10,New,GEO097,Active
CUST00797,Priya Singh,Female,29,25-34,2025-06-28,Existing,GEO026,Active
CUST00798,Priya Mishra,Female,40,35-44,2025-08-06,Existing,GEO092,Active
CUST00799,Nisha Singh,Male,25,25-34,2025-09-18,New,GEO110,Active
CUST00800,Vivaan Sharma,Female,23,18-24,2025-07-16,Existing,GEO015,Active
CUST00801,Riya Singh,Male,21,18-24,2025-03-18,Existing,GEO092,Inactive
CUST00802,Aditi Reddy,Female,45,45-54,2025-03-21,New,GEO061,Active
CUST00803,Kavya Mehta,Female,32,25-34,2026-05-13,Existing,GEO020,Active
CUST00804,Aditya Shetty,Male,28,25-34,2024-01-12,New,GEO019,Inactive
CUST00805,Rohan Shetty,Male,47,45-54,2024-03-27,Existing,GEO111,Inactive
CUST00806,Rahul Verma,Female,58,55+,2025-09-30,Existing,GEO071,Inactive
CUST00807,Rahul Singh,Female,44,35-44,2024-08-19,New,GEO074,Inactive
CUST00808,Aditi Rao,Female,35,35-44,2025-02-24,Existing,GEO005,Active
CUST00809,Kavya Kumar,Female,56,55+,2025-12-22,Existing,GEO089,Active
CUST00810,Nisha Kumar,Female,29,25-34,2025-04-21,New,GEO032,Inactive
CUST00811,Aditi Das,Male,60,55+,2025-12-01,Existing,GEO079,Active
CUST00812,Isha Joshi,Male,41,35-44,2025-04-25,Existing,GEO074,Active
CUST00813,Priya Iyer,Female,46,45-54,2026-03-28,New,GEO005,Active
CUST00814,Pooja Rao,Female,56,55+,2024-03-03,New,GEO074,Active
CUST00815,Pooja Kumar,Male,38,35-44,2024-10-20,New,GEO065,Active
CUST00816,Diya Iyer,Female,37,35-44,2024-05-15,Existing,GEO110,Active
CUST00817,Rahul Mishra,Male,20,18-24,2025-09-10,New,GEO085,Inactive
CUST00818,Vikram Verma,Male,43,35-44,2024-09-24,New,GEO103,Active
CUST00819,Diya Mishra,Male,41,35-44,2024-05-28,New,GEO108,Inactive
CUST00820,Isha Gupta,Female,46,45-54,2024-08-31,New,GEO027,Active
CUST00821,Arjun Sharma,Female,23,18-24,2026-02-12,New,GEO060,Inactive
CUST00822,Aditi Reddy,Female,50,45-54,2025-05-02,Existing,GEO088,Inactive
CUST00823,Nisha Mehta,Female,50,45-54,2024-05-28,Existing,GEO002,Active
CUST00824,Ananya Joshi,Female,48,45-54,2025-11-25,New,GEO013,Active
CUST00825,Neha Iyer,Female,47,45-54,2024-12-09,New,GEO033,Inactive
CUST00826,Riya Das,Male,49,45-54,2026-01-21,New,GEO067,Active
CUST00827,Aarav Shetty,Female,31,25-34,2025-07-14,New,GEO107,Active
CUST00828,Nisha Kumar,Female,20,18-24,2024-04-10,Existing,GEO045,Active
CUST00829,Vivaan Sharma,Female,38,35-44,2024-07-16,New,GEO008,Active
CUST00830,Arjun Kumar,Male,58,55+,2025-12-26,New,GEO049,Active
CUST00831,Priya Verma,Male,27,25-34,2024-09-16,New,GEO082,Inactive
CUST00832,Ananya Iyer,Female,37,35-44,2025-12-09,New,GEO100,Active
CUST00833,Sneha Nair,Male,37,35-44,2025-01-26,New,GEO034,Active
CUST00834,Pooja Mishra,Female,31,25-34,2024-03-12,New,GEO079,Inactive
CUST00835,Rohan Joshi,Female,31,25-34,2024-04-21,Existing,GEO028,Active
CUST00836,Vivaan Kumar,Female,48,45-54,2024-04-15,New,GEO074,Active
CUST00837,Rohan Shetty,Male,48,45-54,2025-05-24,New,GEO120,Active
CUST00838,Ananya Mishra,Female,44,35-44,2024-06-04,Existing,GEO074,Active
CUST00839,Meera Singh,Female,52,45-54,2025-05-04,New,GEO070,Active
CUST00840,Pooja Kumar,Female,20,18-24,2025-12-06,Existing,GEO043,Active
CUST00841,Aditya Nair,Male,45,45-54,2025-10-09,Existing,GEO011,Inactive
CUST00842,Aditi Sharma,Male,38,35-44,2024-06-29,Existing,GEO085,Active
CUST00843,Kavya Verma,Female,39,35-44,2024-04-19,New,GEO114,Inactive
CUST00844,Karan Sharma,Male,32,25-34,2024-02-06,New,GEO063,Inactive
CUST00845,Aditi Mehta,Female,24,18-24,2025-05-26,Existing,GEO003,Active
CUST00846,Vivaan Singh,Male,41,35-44,2024-12-11,New,GEO028,Inactive
CUST00847,Riya Reddy,Male,54,45-54,2026-01-28,New,GEO005,Active
CUST00848,Diya Sharma,Male,51,45-54,2025-04-27,New,GEO090,Active
CUST00849,Vivaan Mishra,Male,20,18-24,2025-10-09,Existing,GEO106,Active
CUST00850,Riya Kumar,Male,49,45-54,2026-05-05,New,GEO015,Inactive
CUST00851,Karan Singh,Male,58,55+,2024-03-05,Existing,GEO104,Inactive
CUST00852,Riya Joshi,Male,40,35-44,2025-12-01,New,GEO042,Active
CUST00853,Aditya Kumar,Male,22,18-24,2024-12-09,Existing,GEO019,Inactive
CUST00854,Rahul Verma,Female,30,25-34,2025-07-20,New,GEO119,Active
CUST00855,Diya Singh,Male,28,25-34,2026-03-21,New,GEO003,Inactive
CUST00856,Rahul Mishra,Male,25,25-34,2024-01-08,New,GEO091,Active
CUST00857,Rohan Reddy,Female,46,45-54,2025-12-09,New,GEO082,Active
CUST00858,Vikram Patel,Female,53,45-54,2025-02-25,New,GEO077,Active
CUST00859,Priya Nair,Male,51,45-54,2025-10-04,Existing,GEO001,Active
CUST00860,Arjun Rao,Male,32,25-34,2025-06-26,Existing,GEO111,Active
CUST00861,Vivaan Reddy,Male,49,45-54,2024-10-10,New,GEO102,Active
CUST00862,Rahul Shetty,Female,50,45-54,2024-06-29,New,GEO007,Active
CUST00863,Neha Nair,Male,38,35-44,2025-03-21,Existing,GEO006,Active
CUST00864,Aarav Verma,Male,23,18-24,2024-06-10,New,GEO010,Active
CUST00865,Karan Gupta,Female,48,45-54,2025-03-05,Existing,GEO030,Active
CUST00866,Vikram Gupta,Male,40,35-44,2024-04-10,Existing,GEO112,Active
CUST00867,Pooja Rao,Male,44,35-44,2024-03-16,Existing,GEO007,Inactive
CUST00868,Isha Patel,Male,29,25-34,2025-09-16,Existing,GEO048,Active
CUST00869,Kavya Iyer,Male,49,45-54,2025-10-09,New,GEO043,Active
CUST00870,Rohan Kumar,Male,22,18-24,2024-10-14,Existing,GEO059,Inactive
CUST00871,Priya Rao,Female,30,25-34,2024-08-13,New,GEO102,Active
CUST00872,Meera Mehta,Male,56,55+,2024-03-29,Existing,GEO111,Active
CUST00873,Isha Iyer,Female,57,55+,2026-05-07,New,GEO094,Inactive
CUST00874,Meera Rao,Male,35,35-44,2024-12-01,New,GEO115,Active
CUST00875,Vivaan Sharma,Male,56,55+,2025-03-03,Existing,GEO094,Active
CUST00876,Arjun Verma,Female,47,45-54,2025-05-05,Existing,GEO031,Active
CUST00877,Meera Reddy,Male,55,55+,2025-12-10,New,GEO046,Active
CUST00878,Pooja Shetty,Male,35,35-44,2024-01-17,Existing,GEO021,Inactive
CUST00879,Isha Das,Male,56,55+,2025-04-10,New,GEO112,Inactive
CUST00880,Isha Gupta,Female,31,25-34,2025-10-03,New,GEO111,Active
CUST00881,Vivaan Iyer,Female,44,35-44,2025-06-27,Existing,GEO097,Active
CUST00882,Aditya Rao,Male,59,55+,2026-03-17,Existing,GEO095,Active
CUST00883,Arjun Singh,Female,52,45-54,2024-02-22,Existing,GEO060,Active
CUST00884,Aditi Gupta,Female,43,35-44,2024-06-28,New,GEO072,Active
CUST00885,Aditi Kumar,Female,28,25-34,2024-09-01,Existing,GEO095,Active
CUST00886,Neha Joshi,Female,34,25-34,2024-12-27,Existing,GEO036,Active
CUST00887,Isha Verma,Female,24,18-24,2024-12-19,New,GEO061,Active
CUST00888,Aditya Reddy,Female,48,45-54,2026-03-30,Existing,GEO012,Active
CUST00889,Aditya Kumar,Male,45,45-54,2024-10-22,New,GEO036,Active
CUST00890,Karan Joshi,Female,29,25-34,2024-06-03,New,GEO038,Inactive
CUST00891,Kavya Singh,Male,54,45-54,2025-04-30,Existing,GEO095,Active
CUST00892,Aarav Mehta,Male,38,35-44,2024-03-05,New,GEO107,Active
CUST00893,Ananya Verma,Female,46,45-54,2025-11-02,Existing,GEO059,Active
CUST00894,Priya Patel,Male,56,55+,2026-03-19,Existing,GEO030,Inactive
CUST00895,Vivaan Patel,Female,43,35-44,2026-02-27,Existing,GEO037,Inactive
CUST00896,Aditi Iyer,Male,30,25-34,2025-12-29,New,GEO023,Active
CUST00897,Vivaan Nair,Male,30,25-34,2024-04-29,New,GEO057,Active
CUST00898,Aditi Gupta,Male,43,35-44,2024-07-29,New,GEO086,Active
CUST00899,Isha Joshi,Male,42,35-44,2025-01-16,New,GEO069,Active
CUST00900,Pooja Das,Male,27,25-34,2025-02-18,New,GEO059,Active
CUST00901,Aditi Joshi,Male,29,25-34,2026-01-26,Existing,GEO083,Active
CUST00902,Riya Shetty,Female,50,45-54,2026-02-11,New,GEO103,Inactive
CUST00903,Pooja Mishra,Male,41,35-44,2026-01-19,New,GEO018,Active
CUST00904,Diya Mehta,Male,39,35-44,2025-02-15,New,GEO058,Active
CUST00905,Diya Shetty,Female,25,25-34,2024-02-26,New,GEO075,Active
CUST00906,Aditya Joshi,Male,37,35-44,2024-01-24,Existing,GEO087,Active
CUST00907,Pooja Nair,Female,52,45-54,2024-07-18,New,GEO117,Active
CUST00908,Meera Nair,Male,45,45-54,2026-01-03,Existing,GEO048,Active
CUST00909,Priya Verma,Female,38,35-44,2024-12-25,New,GEO028,Inactive
CUST00910,Rahul Das,Female,46,45-54,2024-10-22,Existing,GEO094,Inactive
CUST00911,Karan Iyer,Male,28,25-34,2024-05-27,Existing,GEO112,Active
CUST00912,Aarav Singh,Female,24,18-24,2024-03-31,Existing,GEO054,Active
CUST00913,Riya Das,Female,55,55+,2025-12-28,New,GEO026,Active
CUST00914,Pooja Sharma,Female,44,35-44,2025-07-21,Existing,GEO107,Active
CUST00915,Aarav Das,Female,51,45-54,2024-08-17,New,GEO020,Active
CUST00916,Priya Singh,Female,39,35-44,2024-05-07,New,GEO063,Active
CUST00917,Neha Verma,Male,21,18-24,2026-02-22,New,GEO077,Active
CUST00918,Meera Mehta,Female,57,55+,2025-08-02,Existing,GEO081,Inactive
CUST00919,Riya Sharma,Female,27,25-34,2025-06-08,Existing,GEO021,Active
CUST00920,Rohan Nair,Female,29,25-34,2025-04-17,New,GEO007,Active
CUST00921,Kavya Sharma,Female,43,35-44,2025-10-13,Existing,GEO038,Active
CUST00922,Rahul Das,Male,52,45-54,2026-02-23,New,GEO077,Active
CUST00923,Ananya Mehta,Female,54,45-54,2026-06-12,Existing,GEO035,Active
CUST00924,Rohan Sharma,Female,26,25-34,2026-04-23,New,GEO067,Active
CUST00925,Ananya Mishra,Female,43,35-44,2025-02-25,New,GEO014,Active
CUST00926,Karan Das,Male,29,25-34,2026-05-01,New,GEO054,Inactive
CUST00927,Rohan Mishra,Male,24,18-24,2026-04-18,New,GEO062,Active
CUST00928,Isha Mishra,Female,39,35-44,2024-05-22,Existing,GEO023,Active
CUST00929,Rohan Mehta,Male,21,18-24,2024-08-15,New,GEO089,Active
CUST00930,Rohan Kumar,Male,39,35-44,2024-08-02,Existing,GEO089,Active
CUST00931,Pooja Das,Male,24,18-24,2026-03-04,Existing,GEO006,Active
CUST00932,Nisha Rao,Male,26,25-34,2026-03-23,New,GEO061,Active
CUST00933,Priya Shetty,Male,36,35-44,2024-03-08,New,GEO097,Active
CUST00934,Karan Patel,Male,27,25-34,2025-08-24,Existing,GEO004,Active
CUST00935,Kavya Nair,Female,29,25-34,2025-08-16,New,GEO110,Active
CUST00936,Riya Das,Male,52,45-54,2024-04-11,New,GEO068,Active
CUST00937,Aditi Sharma,Female,32,25-34,2024-06-24,New,GEO119,Active
CUST00938,Riya Patel,Female,52,45-54,2025-01-10,Existing,GEO087,Active
CUST00939,Meera Reddy,Female,31,25-34,2025-01-23,New,GEO053,Active
CUST00940,Arjun Joshi,Male,40,35-44,2025-04-22,New,GEO064,Active
CUST00941,Ananya Verma,Male,38,35-44,2024-03-25,New,GEO050,Active
CUST00942,Isha Reddy,Female,49,45-54,2025-12-04,Existing,GEO038,Inactive
CUST00943,Pooja Shetty,Male,32,25-34,2026-05-11,Existing,GEO023,Active
CUST00944,Isha Joshi,Male,51,45-54,2025-02-09,New,GEO016,Active
CUST00945,Riya Kumar,Female,45,45-54,2025-12-12,New,GEO009,Active
CUST00946,Diya Mehta,Female,32,25-34,2024-07-24,Existing,GEO016,Active
CUST00947,Riya Rao,Female,47,45-54,2024-10-12,Existing,GEO097,Inactive
CUST00948,Diya Singh,Female,42,35-44,2025-11-13,Existing,GEO066,Active
CUST00949,Arjun Iyer,Female,29,25-34,2024-04-20,Existing,GEO064,Active
CUST00950,Arjun Gupta,Male,60,55+,2024-01-31,New,GEO107,Active
CUST00951,Sneha Rao,Male,51,45-54,2024-07-02,Existing,GEO020,Active
CUST00952,Aditya Shetty,Male,59,55+,2026-02-17,Existing,GEO102,Inactive
CUST00953,Pooja Verma,Female,32,25-34,2025-11-08,Existing,GEO070,Active
CUST00954,Vivaan Singh,Male,54,45-54,2026-02-21,New,GEO050,Inactive
CUST00955,Isha Sharma,Female,40,35-44,2025-03-29,New,GEO023,Active
CUST00956,Rohan Iyer,Female,30,25-34,2025-03-17,Existing,GEO063,Active
CUST00957,Aditi Shetty,Female,56,55+,2025-11-06,Existing,GEO061,Active
CUST00958,Neha Verma,Male,52,45-54,2025-02-04,Existing,GEO079,Active
CUST00959,Aarav Rao,Female,38,35-44,2024-03-03,New,GEO017,Active
CUST00960,Ananya Singh,Male,42,35-44,2026-02-22,New,GEO055,Active
CUST00961,Vivaan Shetty,Female,42,35-44,2024-12-25,New,GEO032,Active
CUST00962,Aditya Mehta,Male,39,35-44,2025-12-05,Existing,GEO015,Active
CUST00963,Ananya Sharma,Male,30,25-34,2025-07-05,Existing,GEO085,Inactive
CUST00964,Aarav Gupta,Female,56,55+,2024-09-30,Existing,GEO076,Active
CUST00965,Sneha Nair,Female,40,35-44,2025-08-07,New,GEO104,Inactive
CUST00966,Pooja Joshi,Male,26,25-34,2024-12-10,Existing,GEO022,Active
CUST00967,Pooja Shetty,Female,43,35-44,2024-07-25,New,GEO108,Active
CUST00968,Priya Rao,Female,38,35-44,2024-02-18,Existing,GEO103,Active
CUST00969,Riya Kumar,Male,59,55+,2026-01-04,Existing,GEO035,Active
CUST00970,Karan Nair,Female,56,55+,2025-03-13,New,GEO084,Active
CUST00971,Aditi Nair,Female,52,45-54,2025-03-19,New,GEO054,Inactive
CUST00972,Aditi Patel,Female,36,35-44,2025-11-18,New,GEO081,Active
CUST00973,Isha Iyer,Female,56,55+,2024-08-06,Existing,GEO120,Active
CUST00974,Isha Patel,Male,53,45-54,2025-01-08,New,GEO020,Active
CUST00975,Aditya Shetty,Female,47,45-54,2024-11-22,New,GEO109,Inactive
CUST00976,Rahul Iyer,Female,37,35-44,2025-10-23,New,GEO052,Active
CUST00977,Aarav Reddy,Male,27,25-34,2024-07-15,Existing,GEO060,Inactive
CUST00978,Vivaan Reddy,Female,55,55+,2025-03-08,New,GEO035,Active
CUST00979,Neha Shetty,Female,21,18-24,2026-03-19,New,GEO083,Active
CUST00980,Aditya Nair,Male,51,45-54,2024-02-26,Existing,GEO111,Active
CUST00981,Aditya Singh,Female,46,45-54,2025-11-18,New,GEO031,Active
CUST00982,Riya Das,Male,56,55+,2025-06-18,Existing,GEO064,Active
CUST00983,Ananya Nair,Male,35,35-44,2026-03-02,Existing,GEO104,Active
CUST00984,Arjun Patel,Male,47,45-54,2024-05-27,New,GEO036,Inactive
CUST00985,Riya Sharma,Female,46,45-54,2026-06-02,Existing,GEO069,Active
CUST00986,Meera Verma,Female,27,25-34,2025-07-12,New,GEO036,Active
CUST00987,Kavya Mehta,Female,43,35-44,2026-01-02,Existing,GEO003,Active
CUST00988,Aditi Singh,Male,23,18-24,2024-09-16,Existing,GEO082,Active
CUST00989,Isha Singh,Male,27,25-34,2026-05-28,New,GEO117,Inactive
CUST00990,Vikram Iyer,Female,36,35-44,2024-04-02,New,GEO111,Active
CUST00991,Meera Das,Female,48,45-54,2026-06-19,New,GEO036,Active
CUST00992,Meera Mishra,Female,51,45-54,2026-01-24,Existing,GEO092,Inactive
CUST00993,Neha Joshi,Male,26,25-34,2025-12-16,New,GEO046,Inactive
CUST00994,Aarav Das,Female,58,55+,2025-04-09,New,GEO083,Active
CUST00995,Rohan Sharma,Female,60,55+,2026-03-21,Existing,GEO026,Active
CUST00996,Rahul Reddy,Male,40,35-44,2024-04-23,New,GEO109,Inactive
CUST00997,Rohan Iyer,Female,40,35-44,2025-05-04,New,GEO088,Active
CUST00998,Meera Nair,Male,38,35-44,2024-03-27,New,GEO051,Inactive
CUST00999,Aarav Mishra,Male,56,55+,2024-01-22,New,GEO117,Active
CUST01000,Rahul Sharma,Male,49,45-54,2024-09-25,Existing,GEO080,Inactive
CUST01001,Aditya Nair,Female,58,55+,2024-06-01,New,GEO073,Active
CUST01002,Isha Mehta,Female,20,18-24,2026-03-02,Existing,GEO016,Active
CUST01003,Neha Iyer,Male,33,25-34,2026-06-01,Existing,GEO049,Active
CUST01004,Karan Mehta,Male,47,45-54,2025-09-06,Existing,GEO094,Active
CUST01005,Rohan Sharma,Male,46,45-54,2025-02-22,Existing,GEO034,Active
CUST01006,Kavya Rao,Female,59,55+,2024-09-11,Existing,GEO011,Active
CUST01007,Ananya Gupta,Male,50,45-54,2026-06-11,Existing,GEO088,Active
CUST01008,Diya Iyer,Female,44,35-44,2026-01-23,New,GEO013,Active
CUST01009,Pooja Mishra,Female,23,18-24,2024-08-28,Existing,GEO078,Active
CUST01010,Diya Singh,Female,20,18-24,2025-05-31,Existing,GEO051,Active
CUST01011,Rahul Iyer,Male,28,25-34,2025-08-17,New,GEO065,Inactive
CUST01012,Aditya Nair,Female,41,35-44,2024-05-15,Existing,GEO019,Active
CUST01013,Rohan Verma,Female,27,25-34,2024-02-15,Existing,GEO096,Active
CUST01014,Neha Rao,Female,47,45-54,2026-06-16,Existing,GEO067,Active
CUST01015,Pooja Das,Male,47,45-54,2024-11-19,New,GEO072,Inactive
CUST01016,Vivaan Reddy,Male,23,18-24,2024-06-01,New,GEO005,Inactive
CUST01017,Isha Singh,Male,36,35-44,2025-12-23,New,GEO115,Inactive
CUST01018,Aditi Verma,Female,22,18-24,2024-12-31,Existing,GEO064,Active
CUST01019,Aditya Reddy,Male,29,25-34,2024-12-23,Existing,GEO024,Active
CUST01020,Riya Reddy,Female,52,45-54,2025-07-30,New,GEO068,Active
CUST01021,Pooja Shetty,Male,46,45-54,2024-09-09,New,GEO114,Active
CUST01022,Arjun Singh,Female,21,18-24,2025-11-28,Existing,GEO076,Active
CUST01023,Aditya Verma,Male,40,35-44,2024-01-30,Existing,GEO059,Active
CUST01024,Vivaan Shetty,Male,58,55+,2024-12-03,Existing,GEO042,Active
CUST01025,Priya Nair,Male,33,25-34,2026-03-31,New,GEO096,Active
CUST01026,Sneha Iyer,Female,55,55+,2024-04-04,New,GEO031,Inactive
CUST01027,Karan Patel,Male,25,25-34,2026-05-22,Existing,GEO100,Inactive
CUST01028,Priya Verma,Male,38,35-44,2024-05-03,Existing,GEO095,Active
CUST01029,Arjun Mehta,Male,58,55+,2025-01-02,Existing,GEO066,Active
CUST01030,Pooja Iyer,Female,51,45-54,2025-02-01,Existing,GEO012,Inactive
CUST01031,Meera Kumar,Male,43,35-44,2025-03-20,New,GEO066,Active
CUST01032,Rohan Mishra,Male,49,45-54,2025-10-25,Existing,GEO068,Active
CUST01033,Aditya Mishra,Female,38,35-44,2025-03-23,Existing,GEO039,Active
CUST01034,Vikram Joshi,Female,28,25-34,2026-05-11,Existing,GEO038,Active
CUST01035,Nisha Kumar,Male,55,55+,2024-02-16,Existing,GEO053,Active
CUST01036,Neha Rao,Female,49,45-54,2024-12-29,New,GEO099,Active
CUST01037,Rahul Mehta,Female,27,25-34,2024-07-02,Existing,GEO006,Active
CUST01038,Riya Gupta,Female,46,45-54,2024-11-17,Existing,GEO097,Inactive
CUST01039,Rahul Reddy,Female,59,55+,2024-12-15,New,GEO011,Active
CUST01040,Aarav Sharma,Female,26,25-34,2025-07-01,Existing,GEO015,Active
CUST01041,Sneha Mehta,Female,30,25-34,2025-04-16,Existing,GEO039,Active
CUST01042,Rohan Patel,Female,45,45-54,2024-03-30,New,GEO025,Active
CUST01043,Aarav Reddy,Male,21,18-24,2026-05-29,Existing,GEO084,Active
CUST01044,Aditi Reddy,Female,35,35-44,2026-05-12,New,GEO039,Inactive
CUST01045,Aarav Kumar,Female,29,25-34,2025-03-08,New,GEO116,Active
CUST01046,Aarav Mehta,Female,48,45-54,2025-04-27,Existing,GEO075,Active
CUST01047,Sneha Sharma,Female,32,25-34,2025-08-06,Existing,GEO002,Active
CUST01048,Pooja Gupta,Female,60,55+,2025-03-01,Existing,GEO005,Inactive
CUST01049,Riya Gupta,Female,45,45-54,2025-06-09,Existing,GEO030,Active
CUST01050,Riya Nair,Male,53,45-54,2025-03-08,New,GEO035,Inactive
CUST01051,Diya Shetty,Male,50,45-54,2025-05-21,Existing,GEO058,Inactive
CUST01052,Karan Verma,Male,21,18-24,2024-10-21,Existing,GEO057,Active
CUST01053,Ananya Mishra,Male,52,45-54,2025-08-24,Existing,GEO017,Active
CUST01054,Kavya Das,Female,44,35-44,2026-05-03,Existing,GEO103,Active
CUST01055,Aditya Shetty,Male,59,55+,2024-10-16,Existing,GEO017,Active
CUST01056,Pooja Kumar,Male,32,25-34,2025-09-12,Existing,GEO121,Inactive
CUST01057,Aditi Sharma,Male,39,35-44,2024-08-02,New,GEO046,Active
CUST01058,Nisha Sharma,Male,42,35-44,2024-06-27,New,GEO044,Inactive
CUST01059,Aditi Reddy,Male,27,25-34,2024-05-03,Existing,GEO034,Active
CUST01060,Aditi Iyer,Male,42,35-44,2026-02-27,New,GEO110,Active
CUST01061,Isha Mehta,Female,23,18-24,2026-03-29,New,GEO014,Active
CUST01062,Arjun Patel,Male,55,55+,2025-06-03,New,GEO112,Active
CUST01063,Priya Gupta,Male,43,35-44,2026-01-15,Existing,GEO098,Inactive
CUST01064,Kavya Nair,Male,26,25-34,2025-10-24,New,GEO016,Active
CUST01065,Aarav Reddy,Female,48,45-54,2026-02-26,Existing,GEO044,Active
CUST01066,Neha Nair,Male,52,45-54,2024-03-28,Existing,GEO047,Active
CUST01067,Vikram Patel,Female,29,25-34,2026-03-17,Existing,GEO053,Inactive
CUST01068,Isha Patel,Female,49,45-54,2024-01-31,New,GEO092,Active
CUST01069,Sneha Das,Female,25,25-34,2024-11-18,New,GEO056,Active
CUST01070,Rohan Mishra,Male,45,45-54,2025-11-07,New,GEO081,Active
CUST01071,Aditi Mehta,Female,46,45-54,2025-11-28,Existing,GEO093,Active
CUST01072,Neha Mishra,Male,42,35-44,2026-04-26,New,GEO090,Inactive
CUST01073,Diya Das,Male,48,45-54,2025-07-11,Existing,GEO090,Active
CUST01074,Aditya Sharma,Male,45,45-54,2024-11-04,Existing,GEO050,Active
CUST01075,Aditya Joshi,Female,53,45-54,2024-08-06,Existing,GEO067,Active
CUST01076,Aarav Mishra,Male,60,55+,2024-01-24,Existing,GEO031,Active
CUST01077,Vivaan Mehta,Male,47,45-54,2026-01-19,Existing,GEO034,Active
CUST01078,Arjun Verma,Male,27,25-34,2026-02-13,Existing,GEO074,Active
CUST01079,Riya Rao,Female,49,45-54,2024-08-29,New,GEO045,Active
CUST01080,Sneha Joshi,Male,38,35-44,2026-01-01,New,GEO014,Active
CUST01081,Kavya Verma,Male,53,45-54,2026-04-22,New,GEO019,Inactive
CUST01082,Vivaan Singh,Male,46,45-54,2024-04-04,New,GEO061,Active
CUST01083,Nisha Singh,Male,48,45-54,2025-01-13,Existing,GEO112,Active
CUST01084,Meera Verma,Female,57,55+,2025-10-13,Existing,GEO094,Inactive
CUST01085,Rohan Verma,Male,30,25-34,2025-06-01,Existing,GEO017,Active
CUST01086,Vivaan Gupta,Female,33,25-34,2025-04-29,New,GEO121,Active
CUST01087,Arjun Nair,Female,27,25-34,2024-04-22,Existing,GEO006,Active
CUST01088,Kavya Iyer,Female,27,25-34,2024-11-08,Existing,GEO063,Active
CUST01089,Riya Singh,Male,29,25-34,2026-03-13,New,GEO120,Active
CUST01090,Pooja Sharma,Male,38,35-44,2024-07-06,New,GEO071,Active
CUST01091,Pooja Rao,Male,24,18-24,2025-03-03,Existing,GEO073,Inactive
CUST01092,Diya Patel,Female,41,35-44,2025-05-01,New,GEO065,Inactive
CUST01093,Ananya Kumar,Female,48,45-54,2024-06-01,Existing,GEO050,Active
CUST01094,Vivaan Shetty,Female,45,45-54,2025-07-07,Existing,GEO095,Active
CUST01095,Aarav Rao,Male,25,25-34,2025-12-25,Existing,GEO072,Active
CUST01096,Diya Joshi,Male,55,55+,2024-07-16,New,GEO073,Active
CUST01097,Aditi Patel,Male,50,45-54,2024-05-03,New,GEO036,Active
CUST01098,Aditi Rao,Female,35,35-44,2024-03-27,Existing,GEO052,Active
CUST01099,Meera Patel,Male,51,45-54,2024-12-14,Existing,GEO004,Active
CUST01100,Arjun Kumar,Female,44,35-44,2024-04-03,New,GEO037,Active
CUST01101,Aditya Patel,Female,31,25-34,2026-02-25,Existing,GEO053,Active
CUST01102,Aarav Gupta,Female,23,18-24,2024-07-04,New,GEO039,Inactive
CUST01103,Meera Mishra,Female,26,25-34,2024-05-25,Existing,GEO034,Inactive
CUST01104,Vikram Das,Male,27,25-34,2024-07-26,New,GEO064,Inactive
CUST01105,Ananya Verma,Female,27,25-34,2024-03-03,Existing,GEO009,Inactive
CUST01106,Vikram Mishra,Female,21,18-24,2025-10-10,New,GEO035,Active
CUST01107,Riya Singh,Male,35,35-44,2024-11-07,Existing,GEO011,Active
CUST01108,Rahul Das,Female,29,25-34,2025-07-07,New,GEO069,Inactive
CUST01109,Aarav Mehta,Female,55,55+,2024-02-12,Existing,GEO107,Active
CUST01110,Pooja Iyer,Male,30,25-34,2024-03-02,Existing,GEO108,Inactive
CUST01111,Nisha Iyer,Male,42,35-44,2025-08-22,New,GEO021,Active
CUST01112,Arjun Mehta,Male,39,35-44,2025-02-08,New,GEO093,Active
CUST01113,Nisha Das,Male,47,45-54,2025-09-17,Existing,GEO114,Active
CUST01114,Isha Iyer,Female,60,55+,2026-02-09,New,GEO085,Active
CUST01115,Diya Nair,Male,41,35-44,2025-04-15,New,GEO117,Active
CUST01116,Aarav Shetty,Female,20,18-24,2024-01-05,New,GEO053,Inactive
CUST01117,Aditya Joshi,Male,45,45-54,2026-03-17,New,GEO115,Inactive
CUST01118,Sneha Mehta,Female,27,25-34,2026-04-12,Existing,GEO050,Active
CUST01119,Kavya Mishra,Male,20,18-24,2025-04-18,New,GEO057,Active
CUST01120,Neha Shetty,Male,34,25-34,2026-02-15,Existing,GEO025,Active
CUST01121,Vikram Reddy,Female,59,55+,2026-04-07,Existing,GEO047,Active
CUST01122,Diya Reddy,Female,37,35-44,2025-12-21,New,GEO026,Inactive
CUST01123,Nisha Verma,Female,27,25-34,2025-08-05,New,GEO071,Active
CUST01124,Riya Patel,Male,56,55+,2024-03-07,New,GEO017,Active
CUST01125,Neha Reddy,Male,56,55+,2025-06-19,New,GEO089,Active
CUST01126,Meera Shetty,Female,55,55+,2024-01-03,New,GEO110,Active
CUST01127,Arjun Shetty,Female,47,45-54,2024-10-07,Existing,GEO064,Active
CUST01128,Vikram Sharma,Male,53,45-54,2026-01-08,Existing,GEO118,Inactive
CUST01129,Aarav Singh,Female,54,45-54,2024-11-19,New,GEO043,Active
CUST01130,Vikram Gupta,Male,56,55+,2026-01-25,Existing,GEO010,Active
CUST01131,Priya Kumar,Male,32,25-34,2024-12-03,New,GEO004,Inactive
CUST01132,Ananya Mehta,Male,47,45-54,2025-08-29,Existing,GEO032,Active
CUST01133,Vivaan Mehta,Male,50,45-54,2024-12-14,Existing,GEO067,Active
CUST01134,Arjun Shetty,Female,24,18-24,2026-02-21,Existing,GEO075,Active
CUST01135,Sneha Nair,Male,25,25-34,2024-02-04,New,GEO101,Active
CUST01136,Priya Rao,Female,23,18-24,2024-02-26,Existing,GEO009,Active
CUST01137,Sneha Singh,Male,23,18-24,2024-10-28,New,GEO080,Inactive
CUST01138,Sneha Verma,Male,34,25-34,2025-04-09,Existing,GEO113,Active
CUST01139,Nisha Nair,Male,41,35-44,2025-04-09,New,GEO014,Active
CUST01140,Karan Mishra,Male,20,18-24,2025-08-30,New,GEO082,Active
CUST01141,Diya Verma,Female,42,35-44,2025-05-07,New,GEO032,Active
CUST01142,Priya Rao,Male,22,18-24,2024-05-10,Existing,GEO066,Active
CUST01143,Pooja Iyer,Male,39,35-44,2024-05-30,Existing,GEO038,Active
CUST01144,Vikram Joshi,Male,20,18-24,2024-02-28,New,GEO055,Active
CUST01145,Karan Das,Male,32,25-34,2025-10-17,New,GEO044,Active
CUST01146,Ananya Mehta,Female,50,45-54,2025-09-06,Existing,GEO079,Active
CUST01147,Arjun Verma,Female,46,45-54,2024-06-15,New,GEO064,Active
CUST01148,Vikram Verma,Male,20,18-24,2025-12-10,New,GEO031,Inactive
CUST01149,Sneha Patel,Female,41,35-44,2024-07-29,New,GEO047,Active
CUST01150,Aditi Kumar,Female,24,18-24,2024-01-31,New,GEO038,Inactive
CUST01151,Aarav Reddy,Female,32,25-34,2024-02-14,New,GEO037,Active
CUST01152,Rahul Nair,Female,34,25-34,2026-01-06,New,GEO023,Active
CUST01153,Neha Mishra,Male,21,18-24,2026-05-13,New,GEO003,Active
CUST01154,Karan Iyer,Male,44,35-44,2024-12-12,Existing,GEO031,Active
CUST01155,Diya Mishra,Male,43,35-44,2025-06-23,Existing,GEO113,Active
CUST01156,Karan Reddy,Male,27,25-34,2024-05-13,Existing,GEO089,Active
CUST01157,Vikram Mishra,Female,40,35-44,2025-10-13,New,GEO098,Active
CUST01158,Rohan Nair,Female,54,45-54,2026-03-19,New,GEO007,Active
CUST01159,Aditya Das,Female,28,25-34,2024-08-02,Existing,GEO102,Active
CUST01160,Nisha Nair,Female,30,25-34,2026-02-08,Existing,GEO067,Inactive
CUST01161,Kavya Joshi,Female,31,25-34,2025-12-30,Existing,GEO092,Inactive
CUST01162,Sneha Shetty,Female,50,45-54,2025-08-18,New,GEO027,Active
CUST01163,Vikram Singh,Female,32,25-34,2026-06-02,New,GEO040,Inactive
CUST01164,Kavya Iyer,Male,44,35-44,2026-05-12,New,GEO018,Active
CUST01165,Kavya Reddy,Female,38,35-44,2025-06-15,New,GEO060,Active
CUST01166,Meera Singh,Female,47,45-54,2025-04-23,Existing,GEO103,Inactive
CUST01167,Aarav Patel,Female,40,35-44,2025-01-26,Existing,GEO030,Active
CUST01168,Priya Mehta,Female,24,18-24,2024-03-25,New,GEO101,Active
CUST01169,Aditya Nair,Male,34,25-34,2024-05-01,New,GEO070,Active
CUST01170,Ananya Iyer,Male,41,35-44,2025-11-22,Existing,GEO096,Active
CUST01171,Aditi Mishra,Male,32,25-34,2026-05-25,Existing,GEO002,Active
CUST01172,Sneha Singh,Female,38,35-44,2026-03-12,New,GEO061,Active
CUST01173,Karan Verma,Male,45,45-54,2024-08-20,New,GEO067,Inactive
CUST01174,Aditya Nair,Female,49,45-54,2026-03-21,New,GEO055,Inactive
CUST01175,Aditi Sharma,Female,33,25-34,2025-04-05,Existing,GEO018,Active
CUST01176,Kavya Nair,Male,39,35-44,2025-05-26,New,GEO054,Inactive
CUST01177,Riya Sharma,Female,45,45-54,2024-11-29,New,GEO119,Active
CUST01178,Diya Mishra,Female,29,25-34,2025-08-04,Existing,GEO049,Active
CUST01179,Sneha Reddy,Male,45,45-54,2025-07-01,Existing,GEO014,Active
CUST01180,Priya Kumar,Female,56,55+,2025-10-16,New,GEO014,Active
CUST01181,Rahul Reddy,Female,22,18-24,2024-01-28,New,GEO117,Inactive
CUST01182,Priya Shetty,Male,38,35-44,2024-08-26,New,GEO059,Active
CUST01183,Ananya Mehta,Male,43,35-44,2024-06-24,Existing,GEO051,Active
CUST01184,Meera Verma,Male,27,25-34,2025-07-03,New,GEO050,Active
CUST01185,Meera Mehta,Male,28,25-34,2024-11-13,Existing,GEO021,Active
CUST01186,Isha Iyer,Male,57,55+,2025-05-29,New,GEO001,Active
CUST01187,Sneha Rao,Male,48,45-54,2026-04-24,New,GEO068,Active
CUST01188,Isha Rao,Female,56,55+,2025-04-16,New,GEO095,Active
CUST01189,Priya Singh,Female,38,35-44,2024-12-21,New,GEO054,Active
CUST01190,Sneha Mishra,Female,31,25-34,2025-04-13,New,GEO090,Active
CUST01191,Rahul Iyer,Male,45,45-54,2024-09-02,Existing,GEO086,Active
CUST01192,Aditi Kumar,Female,33,25-34,2025-02-25,Existing,GEO010,Active
CUST01193,Isha Patel,Female,52,45-54,2025-02-23,Existing,GEO027,Active
CUST01194,Isha Singh,Male,49,45-54,2024-03-15,Existing,GEO096,Inactive
CUST01195,Aarav Iyer,Female,32,25-34,2024-02-08,New,GEO091,Active
CUST01196,Isha Kumar,Female,40,35-44,2025-05-11,New,GEO071,Active
CUST01197,Neha Mehta,Male,48,45-54,2025-04-27,New,GEO022,Active
CUST01198,Priya Kumar,Male,58,55+,2024-06-30,Existing,GEO022,Active
CUST01199,Isha Nair,Female,20,18-24,2024-06-06,New,GEO028,Active
CUST01200,Vivaan Mehta,Male,54,45-54,2025-03-28,New,GEO050,Active
CUST01201,Aarav Sharma,Male,48,45-54,2025-09-04,Existing,GEO099,Active
CUST01202,Karan Kumar,Female,35,35-44,2024-09-01,New,GEO054,Active
CUST01203,Karan Shetty,Female,20,18-24,2026-04-20,New,GEO029,Active
CUST01204,Meera Joshi,Male,30,25-34,2024-02-15,New,GEO105,Active
CUST01205,Karan Mishra,Male,40,35-44,2025-10-01,Existing,GEO121,Inactive
CUST01206,Arjun Nair,Male,27,25-34,2024-08-06,Existing,GEO023,Active
CUST01207,Sneha Reddy,Female,45,45-54,2024-01-13,Existing,GEO029,Active
CUST01208,Aditya Mishra,Female,37,35-44,2024-02-14,New,GEO053,Active
CUST01209,Aditi Das,Female,58,55+,2024-04-14,New,GEO033,Active
CUST01210,Sneha Shetty,Female,58,55+,2025-10-08,New,GEO043,Active
CUST01211,Pooja Kumar,Female,60,55+,2026-05-21,Existing,GEO003,Inactive
CUST01212,Riya Gupta,Male,44,35-44,2025-05-30,New,GEO030,Active
CUST01213,Vikram Gupta,Male,59,55+,2024-11-12,Existing,GEO097,Active
CUST01214,Rohan Nair,Male,59,55+,2024-03-02,Existing,GEO038,Active
CUST01215,Vivaan Reddy,Female,29,25-34,2024-07-28,Existing,GEO095,Active
CUST01216,Vivaan Joshi,Female,28,25-34,2024-11-21,Existing,GEO083,Active
CUST01217,Ananya Nair,Male,21,18-24,2026-05-17,New,GEO027,Active
CUST01218,Sneha Joshi,Male,35,35-44,2025-09-14,Existing,GEO024,Inactive
CUST01219,Pooja Kumar,Male,60,55+,2024-03-07,New,GEO007,Active
CUST01220,Rahul Rao,Male,33,25-34,2024-04-03,New,GEO031,Active
CUST01221,Rahul Gupta,Female,47,45-54,2024-11-14,New,GEO032,Inactive
CUST01222,Priya Rao,Male,31,25-34,2024-11-06,Existing,GEO082,Active
CUST01223,Kavya Singh,Female,37,35-44,2024-03-22,Existing,GEO022,Inactive
CUST01224,Diya Gupta,Female,48,45-54,2025-06-01,Existing,GEO098,Active
CUST01225,Sneha Singh,Male,50,45-54,2026-02-19,New,GEO098,Active
CUST01226,Rahul Iyer,Male,58,55+,2025-07-20,Existing,GEO060,Active
CUST01227,Aditi Rao,Female,49,45-54,2025-01-19,Existing,GEO010,Active
CUST01228,Rohan Mishra,Female,28,25-34,2024-07-19,New,GEO001,Active
CUST01229,Sneha Mishra,Female,52,45-54,2025-05-18,Existing,GEO121,Inactive
CUST01230,Priya Shetty,Female,43,35-44,2025-05-16,New,GEO053,Active
CUST01231,Rahul Reddy,Female,27,25-34,2025-08-02,Existing,GEO033,Active
CUST01232,Kavya Gupta,Female,52,45-54,2025-10-12,New,GEO084,Inactive
CUST01233,Pooja Sharma,Male,47,45-54,2024-09-05,Existing,GEO081,Active
CUST01234,Isha Shetty,Female,29,25-34,2025-09-11,New,GEO033,Active
CUST01235,Arjun Das,Male,58,55+,2024-01-13,New,GEO083,Inactive
CUST01236,Karan Mishra,Male,45,45-54,2025-06-14,Existing,GEO022,Inactive
CUST01237,Aditi Shetty,Female,36,35-44,2025-05-27,Existing,GEO076,Active
CUST01238,Riya Das,Male,46,45-54,2024-04-21,Existing,GEO105,Active
CUST01239,Sneha Gupta,Male,37,35-44,2026-02-05,Existing,GEO001,Active
CUST01240,Aditya Das,Male,51,45-54,2024-04-09,Existing,GEO068,Inactive
CUST01241,Rahul Nair,Female,38,35-44,2024-06-23,New,GEO091,Active
CUST01242,Nisha Kumar,Female,32,25-34,2024-07-05,Existing,GEO073,Active
CUST01243,Rahul Das,Male,31,25-34,2024-03-01,New,GEO034,Inactive
CUST01244,Rahul Kumar,Male,48,45-54,2026-06-08,Existing,GEO011,Inactive
CUST01245,Ananya Sharma,Female,27,25-34,2024-03-06,New,GEO062,Inactive
CUST01246,Neha Das,Male,26,25-34,2024-03-03,New,GEO086,Active
CUST01247,Aarav Singh,Male,26,25-34,2025-06-18,Existing,GEO120,Inactive
CUST01248,Meera Nair,Female,50,45-54,2025-09-10,Existing,GEO088,Active
CUST01249,Sneha Singh,Male,40,35-44,2025-01-04,New,GEO046,Active
CUST01250,Sneha Gupta,Male,26,25-34,2025-04-12,New,GEO004,Active
CUST01251,Vikram Nair,Female,53,45-54,2025-12-17,Existing,GEO080,Inactive
CUST01252,Karan Sharma,Female,52,45-54,2025-11-07,Existing,GEO003,Active
CUST01253,Isha Reddy,Female,22,18-24,2025-11-25,Existing,GEO052,Active
CUST01254,Arjun Gupta,Female,42,35-44,2025-05-02,Existing,GEO038,Active
CUST01255,Pooja Das,Male,29,25-34,2024-05-10,New,GEO039,Inactive
CUST01256,Pooja Shetty,Female,30,25-34,2024-04-28,New,GEO032,Active
CUST01257,Meera Gupta,Male,30,25-34,2024-04-18,New,GEO021,Active
CUST01258,Neha Shetty,Female,44,35-44,2024-08-13,Existing,GEO115,Active
CUST01259,Ananya Mehta,Female,28,25-34,2024-04-02,New,GEO120,Active
CUST01260,Sneha Shetty,Female,41,35-44,2026-01-04,Existing,GEO104,Active
CUST01261,Priya Kumar,Female,34,25-34,2024-04-28,New,GEO012,Active
CUST01262,Arjun Rao,Male,57,55+,2026-02-01,Existing,GEO017,Active
CUST01263,Vivaan Rao,Male,44,35-44,2024-11-14,New,GEO109,Inactive
CUST01264,Kavya Das,Female,47,45-54,2026-02-28,New,GEO067,Active
CUST01265,Aditi Mehta,Female,26,25-34,2024-01-10,Existing,GEO041,Active
CUST01266,Isha Patel,Male,38,35-44,2025-05-26,Existing,GEO019,Active
CUST01267,Nisha Gupta,Female,58,55+,2024-11-12,New,GEO036,Inactive
CUST01268,Priya Gupta,Male,60,55+,2025-05-21,Existing,GEO008,Active
CUST01269,Vikram Gupta,Male,29,25-34,2026-05-18,New,GEO119,Active
CUST01270,Rahul Sharma,Female,51,45-54,2024-11-02,Existing,GEO044,Inactive
CUST01271,Sneha Singh,Female,50,45-54,2026-02-14,New,GEO068,Active
CUST01272,Aditi Singh,Male,38,35-44,2025-12-18,New,GEO017,Active
CUST01273,Priya Verma,Male,57,55+,2026-05-20,New,GEO074,Active
CUST01274,Rohan Reddy,Female,48,45-54,2024-10-25,New,GEO103,Active
CUST01275,Riya Kumar,Female,20,18-24,2026-01-13,New,GEO049,Inactive
CUST01276,Kavya Verma,Male,30,25-34,2024-04-08,New,GEO121,Active
CUST01277,Meera Patel,Female,27,25-34,2025-08-30,Existing,GEO032,Active
CUST01278,Pooja Iyer,Male,27,25-34,2025-02-10,New,GEO084,Inactive
CUST01279,Sneha Iyer,Female,25,25-34,2026-06-04,Existing,GEO048,Active
CUST01280,Arjun Verma,Male,27,25-34,2024-03-25,New,GEO003,Inactive
CUST01281,Riya Patel,Male,37,35-44,2026-03-24,Existing,GEO062,Inactive
CUST01282,Ananya Kumar,Male,39,35-44,2024-04-11,New,GEO052,Active
CUST01283,Nisha Mehta,Female,45,45-54,2024-03-06,New,GEO097,Active
CUST01284,Diya Gupta,Male,27,25-34,2026-06-01,New,GEO001,Inactive
CUST01285,Rohan Rao,Male,40,35-44,2024-02-10,New,GEO084,Active
CUST01286,Vivaan Kumar,Female,25,25-34,2026-05-21,New,GEO065,Active
CUST01287,Aarav Reddy,Male,43,35-44,2025-03-09,Existing,GEO006,Active
CUST01288,Riya Verma,Female,54,45-54,2024-05-23,Existing,GEO067,Active
CUST01289,Arjun Shetty,Male,58,55+,2025-12-05,New,GEO031,Active
CUST01290,Karan Patel,Male,32,25-34,2024-11-02,New,GEO076,Active
CUST01291,Diya Singh,Male,37,35-44,2026-01-16,New,GEO071,Active
CUST01292,Rahul Singh,Female,36,35-44,2025-10-27,Existing,GEO011,Active
CUST01293,Karan Kumar,Male,47,45-54,2025-07-02,Existing,GEO082,Active
CUST01294,Rohan Nair,Male,43,35-44,2025-03-05,Existing,GEO049,Active
CUST01295,Neha Kumar,Male,58,55+,2024-03-20,New,GEO088,Inactive
CUST01296,Aditya Nair,Female,24,18-24,2025-10-17,Existing,GEO100,Active
CUST01297,Aarav Kumar,Male,29,25-34,2024-10-07,Existing,GEO029,Inactive
CUST01298,Nisha Gupta,Male,26,25-34,2024-06-28,Existing,GEO076,Inactive
CUST01299,Riya Mehta,Female,26,25-34,2025-12-18,Existing,GEO071,Active
CUST01300,Rahul Nair,Male,58,55+,2024-02-19,Existing,GEO024,Active
CUST01301,Riya Patel,Female,54,45-54,2025-05-03,Existing,GEO002,Active
CUST01302,Riya Gupta,Male,28,25-34,2025-01-22,Existing,GEO007,Active
CUST01303,Isha Patel,Female,35,35-44,2025-12-24,Existing,GEO046,Inactive
CUST01304,Meera Joshi,Female,52,45-54,2024-10-09,New,GEO040,Active
CUST01305,Ananya Mehta,Female,39,35-44,2026-02-28,New,GEO082,Active
CUST01306,Rahul Rao,Male,24,18-24,2024-04-05,New,GEO011,Active
CUST01307,Aarav Singh,Female,55,55+,2026-04-07,New,GEO062,Inactive
CUST01308,Aarav Rao,Male,52,45-54,2025-02-19,New,GEO117,Active
CUST01309,Nisha Shetty,Female,47,45-54,2024-09-07,New,GEO078,Inactive
CUST01310,Aditya Nair,Male,30,25-34,2024-06-28,New,GEO066,Active
CUST01311,Sneha Patel,Female,23,18-24,2025-05-22,Existing,GEO015,Active
CUST01312,Priya Verma,Male,35,35-44,2024-10-24,Existing,GEO034,Active
CUST01313,Priya Mishra,Female,20,18-24,2024-08-10,New,GEO120,Inactive
CUST01314,Kavya Sharma,Female,59,55+,2024-02-28,Existing,GEO043,Active
CUST01315,Kavya Mishra,Male,42,35-44,2024-01-06,New,GEO052,Active
CUST01316,Pooja Reddy,Male,20,18-24,2025-03-17,New,GEO068,Active
CUST01317,Aarav Patel,Male,46,45-54,2025-05-14,Existing,GEO029,Inactive
CUST01318,Kavya Singh,Female,45,45-54,2024-11-02,New,GEO069,Active
CUST01319,Isha Patel,Female,26,25-34,2025-11-03,New,GEO046,Inactive
CUST01320,Karan Kumar,Female,20,18-24,2026-06-10,New,GEO037,Active
CUST01321,Ananya Mishra,Female,28,25-34,2025-03-07,New,GEO021,Active
CUST01322,Meera Verma,Female,50,45-54,2024-05-01,Existing,GEO103,Active
CUST01323,Sneha Patel,Female,40,35-44,2025-05-28,New,GEO014,Active
CUST01324,Nisha Sharma,Male,28,25-34,2024-12-18,New,GEO007,Active
CUST01325,Pooja Iyer,Male,47,45-54,2025-03-20,Existing,GEO063,Active
CUST01326,Rohan Gupta,Male,47,45-54,2025-09-24,New,GEO032,Active
CUST01327,Vikram Shetty,Female,27,25-34,2025-12-18,Existing,GEO026,Inactive
CUST01328,Riya Shetty,Male,26,25-34,2024-07-12,New,GEO030,Active
CUST01329,Neha Reddy,Female,28,25-34,2024-02-09,New,GEO055,Active
CUST01330,Vivaan Singh,Male,59,55+,2024-04-03,Existing,GEO068,Active
CUST01331,Ananya Singh,Male,60,55+,2024-08-15,Existing,GEO008,Inactive
CUST01332,Neha Nair,Female,23,18-24,2024-04-22,Existing,GEO121,Active
CUST01333,Vivaan Patel,Male,46,45-54,2024-11-23,New,GEO001,Active
CUST01334,Pooja Iyer,Male,40,35-44,2024-10-19,New,GEO056,Active
CUST01335,Ananya Iyer,Female,36,35-44,2025-01-07,New,GEO013,Active
CUST01336,Kavya Gupta,Male,55,55+,2024-12-05,Existing,GEO096,Active
CUST01337,Riya Singh,Female,35,35-44,2024-08-03,New,GEO114,Active
CUST01338,Riya Mishra,Male,28,25-34,2024-02-12,New,GEO025,Inactive
CUST01339,Diya Nair,Male,26,25-34,2025-07-13,Existing,GEO093,Inactive
CUST01340,Rohan Reddy,Male,32,25-34,2024-02-14,Existing,GEO071,Active
CUST01341,Isha Shetty,Female,55,55+,2025-01-09,New,GEO117,Inactive
CUST01342,Nisha Mishra,Female,24,18-24,2025-03-05,New,GEO022,Active
CUST01343,Riya Sharma,Female,28,25-34,2024-02-16,New,GEO095,Inactive
CUST01344,Isha Das,Male,51,45-54,2024-06-18,Existing,GEO072,Inactive
CUST01345,Rahul Sharma,Female,45,45-54,2024-07-30,New,GEO074,Active
CUST01346,Nisha Verma,Male,57,55+,2026-06-19,Existing,GEO039,Active
CUST01347,Arjun Patel,Female,38,35-44,2025-07-19,New,GEO006,Active
CUST01348,Rohan Mishra,Male,38,35-44,2025-10-16,Existing,GEO119,Active
CUST01349,Vikram Mehta,Male,37,35-44,2025-10-19,New,GEO069,Active
CUST01350,Diya Nair,Female,20,18-24,2025-10-09,Existing,GEO011,Active
CUST01351,Priya Nair,Female,28,25-34,2025-09-18,New,GEO081,Active
CUST01352,Neha Patel,Male,42,35-44,2026-01-18,Existing,GEO003,Active
CUST01353,Diya Joshi,Female,44,35-44,2026-06-09,New,GEO105,Inactive
CUST01354,Karan Rao,Female,34,25-34,2024-10-02,Existing,GEO020,Inactive
CUST01355,Rohan Mishra,Female,34,25-34,2025-01-12,Existing,GEO012,Inactive
CUST01356,Rahul Reddy,Female,31,25-34,2024-07-08,Existing,GEO121,Active
CUST01357,Rahul Mishra,Male,38,35-44,2024-11-13,New,GEO105,Inactive
CUST01358,Rohan Kumar,Male,58,55+,2024-03-12,Existing,GEO032,Inactive
CUST01359,Nisha Patel,Male,45,45-54,2026-01-11,New,GEO078,Active
CUST01360,Arjun Mehta,Female,44,35-44,2024-01-22,New,GEO098,Active
CUST01361,Aditya Iyer,Male,28,25-34,2026-02-27,New,GEO121,Active
CUST01362,Ananya Mehta,Male,20,18-24,2025-07-09,New,GEO026,Active
CUST01363,Rahul Iyer,Female,50,45-54,2026-04-15,Existing,GEO062,Active
CUST01364,Neha Shetty,Male,35,35-44,2025-07-10,New,GEO003,Active
CUST01365,Nisha Mishra,Female,26,25-34,2024-04-15,Existing,GEO019,Active
CUST01366,Meera Singh,Male,34,25-34,2024-08-20,New,GEO046,Active
CUST01367,Arjun Verma,Female,34,25-34,2025-12-04,New,GEO015,Active
CUST01368,Aditya Rao,Female,26,25-34,2024-12-31,Existing,GEO016,Active
CUST01369,Rohan Patel,Male,25,25-34,2025-09-11,Existing,GEO068,Active
CUST01370,Meera Patel,Male,58,55+,2025-11-26,Existing,GEO080,Active
CUST01371,Pooja Shetty,Male,42,35-44,2024-10-04,Existing,GEO120,Active
CUST01372,Rohan Das,Male,24,18-24,2026-06-01,New,GEO041,Active
CUST01373,Pooja Mehta,Female,44,35-44,2026-01-08,New,GEO015,Inactive
CUST01374,Ananya Patel,Male,37,35-44,2024-04-02,New,GEO099,Inactive
CUST01375,Meera Verma,Female,42,35-44,2025-05-21,Existing,GEO078,Active
CUST01376,Meera Joshi,Male,28,25-34,2025-01-27,Existing,GEO069,Inactive
CUST01377,Aditya Rao,Male,54,45-54,2025-01-28,Existing,GEO068,Active
CUST01378,Aarav Reddy,Male,25,25-34,2025-01-05,New,GEO047,Inactive
CUST01379,Kavya Nair,Male,28,25-34,2024-03-02,New,GEO038,Inactive
CUST01380,Karan Mehta,Female,29,25-34,2024-09-05,New,GEO008,Active
CUST01381,Aarav Gupta,Male,27,25-34,2025-01-21,Existing,GEO048,Active
CUST01382,Diya Mehta,Male,26,25-34,2025-05-03,New,GEO004,Active
CUST01383,Vikram Kumar,Male,43,35-44,2024-03-21,New,GEO073,Inactive
CUST01384,Rohan Gupta,Male,29,25-34,2025-04-26,Existing,GEO061,Inactive
CUST01385,Aarav Iyer,Female,41,35-44,2026-03-11,New,GEO020,Active
CUST01386,Rahul Sharma,Male,22,18-24,2025-05-30,Existing,GEO107,Inactive
CUST01387,Nisha Iyer,Female,49,45-54,2025-08-08,New,GEO055,Active
CUST01388,Sneha Patel,Male,37,35-44,2025-06-18,New,GEO052,Active
CUST01389,Aditi Rao,Female,34,25-34,2024-07-07,New,GEO105,Inactive
CUST01390,Sneha Mehta,Female,50,45-54,2025-10-30,Existing,GEO022,Active
CUST01391,Neha Kumar,Female,43,35-44,2024-07-18,New,GEO010,Active
CUST01392,Vikram Iyer,Female,58,55+,2024-01-29,New,GEO070,Active
CUST01393,Aarav Das,Male,24,18-24,2025-09-03,Existing,GEO025,Active
CUST01394,Neha Kumar,Male,60,55+,2024-09-03,New,GEO073,Inactive
CUST01395,Aditya Iyer,Male,22,18-24,2024-11-18,New,GEO046,Active
CUST01396,Sneha Gupta,Male,45,45-54,2024-11-18,Existing,GEO017,Active
CUST01397,Nisha Kumar,Female,41,35-44,2026-01-29,New,GEO004,Inactive
CUST01398,Rahul Patel,Male,50,45-54,2024-10-24,Existing,GEO011,Active
CUST01399,Rohan Das,Male,34,25-34,2026-04-06,New,GEO065,Active
CUST01400,Priya Nair,Male,48,45-54,2024-12-13,Existing,GEO006,Inactive
CUST01401,Diya Kumar,Male,35,35-44,2025-09-17,New,GEO073,Inactive
CUST01402,Priya Joshi,Male,26,25-34,2024-05-26,New,GEO064,Active
CUST01403,Priya Patel,Female,49,45-54,2024-06-22,New,GEO036,Active
CUST01404,Rahul Gupta,Male,42,35-44,2024-03-13,Existing,GEO034,Inactive
CUST01405,Rohan Kumar,Female,36,35-44,2025-10-27,Existing,GEO006,Active
CUST01406,Diya Mishra,Female,38,35-44,2025-02-22,New,GEO057,Active
CUST01407,Aditya Shetty,Female,52,45-54,2025-01-17,Existing,GEO065,Inactive
CUST01408,Vivaan Gupta,Male,36,35-44,2025-09-27,New,GEO090,Active
CUST01409,Sneha Patel,Male,29,25-34,2024-10-24,Existing,GEO110,Active
CUST01410,Isha Shetty,Female,34,25-34,2026-06-14,New,GEO045,Inactive
CUST01411,Aditya Patel,Female,49,45-54,2024-04-21,New,GEO118,Inactive
CUST01412,Ananya Kumar,Male,47,45-54,2025-02-15,Existing,GEO044,Inactive
CUST01413,Neha Verma,Female,33,25-34,2024-04-27,New,GEO070,Active
CUST01414,Karan Nair,Male,50,45-54,2025-10-17,New,GEO077,Inactive
CUST01415,Meera Verma,Female,23,18-24,2026-03-19,New,GEO007,Active
CUST01416,Neha Shetty,Female,21,18-24,2024-10-03,New,GEO011,Active
CUST01417,Aditya Iyer,Female,24,18-24,2025-02-18,Existing,GEO112,Inactive
CUST01418,Neha Patel,Male,53,45-54,2025-11-16,New,GEO012,Inactive
CUST01419,Karan Nair,Female,41,35-44,2024-06-17,Existing,GEO062,Inactive
CUST01420,Meera Nair,Male,54,45-54,2025-12-14,Existing,GEO106,Active
CUST01421,Riya Rao,Male,55,55+,2024-03-20,New,GEO042,Active
CUST01422,Rohan Verma,Male,20,18-24,2025-04-14,Existing,GEO015,Inactive
CUST01423,Rohan Shetty,Male,36,35-44,2025-04-06,Existing,GEO082,Active
CUST01424,Karan Singh,Male,22,18-24,2026-02-02,New,GEO077,Inactive
CUST01425,Karan Shetty,Female,33,25-34,2024-08-02,New,GEO048,Active
CUST01426,Nisha Mehta,Female,21,18-24,2024-11-10,New,GEO090,Inactive
CUST01427,Kavya Nair,Female,49,45-54,2025-02-24,Existing,GEO067,Active
CUST01428,Meera Nair,Male,27,25-34,2025-04-14,New,GEO071,Active
CUST01429,Priya Mehta,Female,54,45-54,2025-01-25,Existing,GEO082,Active
CUST01430,Arjun Kumar,Male,59,55+,2024-03-30,New,GEO079,Inactive
CUST01431,Diya Mishra,Female,26,25-34,2026-02-06,New,GEO082,Inactive
CUST01432,Priya Mehta,Male,52,45-54,2025-11-14,Existing,GEO028,Active
CUST01433,Karan Mehta,Female,49,45-54,2024-04-27,Existing,GEO016,Active
CUST01434,Sneha Sharma,Female,49,45-54,2026-04-20,Existing,GEO101,Active
CUST01435,Neha Iyer,Female,52,45-54,2024-10-01,Existing,GEO087,Active
CUST01436,Aarav Sharma,Female,20,18-24,2024-02-03,New,GEO102,Active
CUST01437,Rahul Rao,Female,53,45-54,2024-12-09,Existing,GEO031,Inactive
CUST01438,Vivaan Das,Female,32,25-34,2026-04-28,Existing,GEO017,Inactive
CUST01439,Nisha Patel,Female,31,25-34,2024-11-21,Existing,GEO030,Active
CUST01440,Riya Das,Male,28,25-34,2025-10-08,Existing,GEO108,Active
CUST01441,Karan Kumar,Male,55,55+,2024-11-26,New,GEO004,Inactive
CUST01442,Diya Gupta,Male,20,18-24,2024-01-29,New,GEO074,Inactive
CUST01443,Kavya Patel,Male,21,18-24,2025-04-09,New,GEO084,Active
CUST01444,Vikram Gupta,Male,39,35-44,2025-07-02,Existing,GEO099,Active
CUST01445,Rohan Shetty,Female,23,18-24,2024-03-25,New,GEO082,Active
CUST01446,Arjun Kumar,Female,27,25-34,2025-09-02,New,GEO037,Active
CUST01447,Pooja Mehta,Male,31,25-34,2024-03-20,Existing,GEO117,Active
CUST01448,Aarav Singh,Male,45,45-54,2025-05-17,New,GEO063,Active
CUST01449,Ananya Shetty,Female,33,25-34,2025-01-19,Existing,GEO104,Active
CUST01450,Rahul Shetty,Female,31,25-34,2024-01-11,New,GEO016,Active
CUST01451,Diya Joshi,Female,42,35-44,2025-09-20,New,GEO021,Active
CUST01452,Aarav Joshi,Male,27,25-34,2025-09-12,New,GEO067,Active
CUST01453,Karan Sharma,Female,33,25-34,2024-04-27,Existing,GEO018,Active
CUST01454,Neha Verma,Male,25,25-34,2024-10-01,New,GEO012,Active
CUST01455,Pooja Singh,Female,55,55+,2025-04-23,Existing,GEO119,Active
CUST01456,Neha Singh,Male,36,35-44,2024-07-21,New,GEO075,Active
CUST01457,Pooja Singh,Male,30,25-34,2026-01-09,Existing,GEO055,Active
CUST01458,Sneha Singh,Male,40,35-44,2025-09-13,New,GEO073,Active
CUST01459,Rahul Mishra,Male,43,35-44,2025-04-05,New,GEO066,Active
CUST01460,Diya Mehta,Female,57,55+,2024-10-27,Existing,GEO051,Active
CUST01461,Ananya Singh,Male,27,25-34,2026-04-08,New,GEO046,Active
CUST01462,Kavya Nair,Male,24,18-24,2025-11-03,New,GEO100,Active
CUST01463,Aarav Gupta,Male,27,25-34,2024-11-22,Existing,GEO028,Inactive
CUST01464,Aditi Kumar,Female,56,55+,2024-08-26,Existing,GEO037,Active
CUST01465,Aditi Iyer,Male,53,45-54,2024-04-15,New,GEO074,Inactive
CUST01466,Ananya Reddy,Female,47,45-54,2026-04-12,New,GEO007,Inactive
CUST01467,Meera Kumar,Male,51,45-54,2024-10-08,New,GEO058,Active
CUST01468,Sneha Reddy,Female,58,55+,2025-08-28,New,GEO037,Active
CUST01469,Priya Patel,Male,56,55+,2025-04-17,Existing,GEO005,Active
CUST01470,Pooja Kumar,Male,41,35-44,2024-03-12,Existing,GEO093,Active
CUST01471,Kavya Singh,Female,37,35-44,2026-02-10,New,GEO072,Active
CUST01472,Priya Gupta,Male,51,45-54,2025-02-06,Existing,GEO064,Active
CUST01473,Vikram Sharma,Male,43,35-44,2024-01-30,New,GEO018,Active
CUST01474,Rahul Kumar,Female,40,35-44,2024-08-19,New,GEO093,Active
CUST01475,Vivaan Iyer,Male,54,45-54,2025-12-05,New,GEO015,Active
CUST01476,Ananya Gupta,Male,39,35-44,2024-09-27,Existing,GEO035,Active
CUST01477,Rohan Nair,Female,28,25-34,2024-05-02,New,GEO097,Inactive
CUST01478,Arjun Joshi,Female,60,55+,2025-11-15,New,GEO074,Inactive
CUST01479,Pooja Reddy,Female,51,45-54,2024-11-25,New,GEO034,Active
CUST01480,Vikram Shetty,Female,25,25-34,2025-07-25,New,GEO089,Active
CUST01481,Karan Sharma,Female,24,18-24,2024-03-02,New,GEO060,Inactive
CUST01482,Ananya Reddy,Female,32,25-34,2024-04-17,Existing,GEO098,Active
CUST01483,Nisha Kumar,Male,49,45-54,2026-05-18,New,GEO029,Active
CUST01484,Diya Joshi,Female,44,35-44,2026-06-07,New,GEO100,Inactive
CUST01485,Meera Patel,Male,32,25-34,2024-10-11,Existing,GEO112,Active
CUST01486,Arjun Gupta,Female,29,25-34,2026-06-16,New,GEO031,Active
CUST01487,Aarav Verma,Male,49,45-54,2024-09-30,Existing,GEO046,Active
CUST01488,Meera Reddy,Male,27,25-34,2024-12-28,New,GEO051,Inactive
CUST01489,Isha Iyer,Female,52,45-54,2024-02-24,Existing,GEO013,Active
CUST01490,Priya Reddy,Female,44,35-44,2024-07-17,Existing,GEO023,Active
CUST01491,Meera Kumar,Female,53,45-54,2025-06-15,New,GEO083,Active
CUST01492,Vivaan Mishra,Male,27,25-34,2024-04-27,New,GEO074,Active
CUST01493,Arjun Iyer,Male,35,35-44,2025-06-28,New,GEO113,Inactive
CUST01494,Vikram Gupta,Female,45,45-54,2024-04-13,Existing,GEO064,Active
CUST01495,Priya Gupta,Male,30,25-34,2024-12-21,Existing,GEO094,Active
CUST01496,Diya Verma,Male,26,25-34,2025-05-30,Existing,GEO110,Active
CUST01497,Aditya Patel,Female,30,25-34,2025-11-28,New,GEO043,Inactive
CUST01498,Pooja Singh,Male,29,25-34,2025-11-13,Existing,GEO003,Active
CUST01499,Aarav Rao,Male,36,35-44,2024-06-23,Existing,GEO061,Active
CUST01500,Arjun Sharma,Male,51,45-54,2025-04-28,New,GEO073,Active
CUST01501,Rohan Das,Male,34,25-34,2026-02-12,New,GEO013,Active
CUST01502,Kavya Joshi,Female,41,35-44,2025-05-17,Existing,GEO085,Inactive
CUST01503,Aarav Mehta,Female,36,35-44,2025-04-14,Existing,GEO039,Active
CUST01504,Neha Shetty,Female,53,45-54,2024-04-25,New,GEO019,Inactive
CUST01505,Pooja Sharma,Male,34,25-34,2024-12-31,New,GEO074,Inactive
CUST01506,Aditya Reddy,Male,43,35-44,2026-02-01,Existing,GEO082,Active
CUST01507,Nisha Patel,Female,37,35-44,2026-06-16,Existing,GEO117,Active
CUST01508,Meera Iyer,Female,41,35-44,2025-08-26,Existing,GEO025,Active
CUST01509,Diya Kumar,Female,57,55+,2026-05-04,Existing,GEO102,Inactive
CUST01510,Arjun Sharma,Female,56,55+,2024-10-22,Existing,GEO119,Active
CUST01511,Priya Rao,Male,49,45-54,2025-06-19,New,GEO039,Inactive
CUST01512,Priya Sharma,Male,38,35-44,2026-03-29,Existing,GEO006,Active
CUST01513,Pooja Iyer,Male,38,35-44,2024-02-24,New,GEO056,Active
CUST01514,Rohan Nair,Male,20,18-24,2024-09-14,Existing,GEO101,Active
CUST01515,Karan Singh,Female,25,25-34,2024-05-26,New,GEO038,Active
CUST01516,Vikram Das,Female,22,18-24,2024-12-29,Existing,GEO055,Inactive
CUST01517,Diya Iyer,Female,26,25-34,2024-11-05,New,GEO073,Inactive
CUST01518,Karan Iyer,Male,40,35-44,2025-11-30,New,GEO054,Active
CUST01519,Priya Rao,Female,39,35-44,2024-03-28,Existing,GEO070,Active
CUST01520,Rohan Joshi,Female,44,35-44,2024-04-08,Existing,GEO089,Active
CUST01521,Kavya Singh,Female,52,45-54,2025-04-24,Existing,GEO054,Inactive
CUST01522,Aarav Das,Male,49,45-54,2025-07-26,Existing,GEO012,Active
CUST01523,Vikram Rao,Female,59,55+,2026-03-16,Existing,GEO017,Active
CUST01524,Sneha Shetty,Female,23,18-24,2024-05-08,New,GEO060,Inactive
CUST01525,Neha Mehta,Male,23,18-24,2024-02-26,New,GEO043,Active
CUST01526,Ananya Mehta,Female,38,35-44,2025-12-08,New,GEO016,Active
CUST01527,Pooja Patel,Male,33,25-34,2025-07-29,New,GEO115,Active
CUST01528,Aarav Das,Female,39,35-44,2026-01-06,Existing,GEO080,Active
CUST01529,Rohan Rao,Male,27,25-34,2024-01-01,New,GEO067,Active
CUST01530,Pooja Sharma,Male,35,35-44,2024-04-16,Existing,GEO051,Active
CUST01531,Pooja Patel,Female,27,25-34,2025-02-18,New,GEO108,Active
CUST01532,Diya Kumar,Female,59,55+,2026-05-29,Existing,GEO019,Active
CUST01533,Vikram Patel,Male,31,25-34,2026-04-18,New,GEO061,Inactive
CUST01534,Arjun Rao,Female,38,35-44,2025-11-14,Existing,GEO048,Active
CUST01535,Arjun Verma,Female,45,45-54,2025-12-15,Existing,GEO105,Inactive
CUST01536,Isha Kumar,Male,29,25-34,2024-10-17,Existing,GEO002,Active
CUST01537,Kavya Patel,Female,22,18-24,2024-02-13,Existing,GEO113,Inactive
CUST01538,Kavya Joshi,Male,37,35-44,2024-06-11,New,GEO045,Inactive
CUST01539,Rohan Nair,Male,52,45-54,2024-06-27,Existing,GEO059,Active
CUST01540,Aditya Mishra,Female,37,35-44,2025-02-07,Existing,GEO049,Inactive
CUST01541,Nisha Das,Male,58,55+,2025-08-12,Existing,GEO017,Active
CUST01542,Diya Mehta,Female,57,55+,2025-08-21,Existing,GEO009,Active
CUST01543,Arjun Shetty,Male,21,18-24,2024-08-25,New,GEO064,Inactive
CUST01544,Vikram Kumar,Male,40,35-44,2026-03-01,New,GEO094,Inactive
CUST01545,Diya Iyer,Male,46,45-54,2024-03-04,New,GEO005,Active
CUST01546,Aarav Mishra,Female,48,45-54,2025-09-13,New,GEO042,Active
CUST01547,Riya Joshi,Female,48,45-54,2024-05-16,New,GEO026,Active
CUST01548,Priya Reddy,Female,51,45-54,2025-11-26,New,GEO095,Active
CUST01549,Riya Sharma,Male,47,45-54,2024-03-29,New,GEO027,Active
CUST01550,Meera Rao,Male,28,25-34,2025-01-03,New,GEO044,Active
CUST01551,Karan Rao,Female,53,45-54,2024-07-13,Existing,GEO065,Active
CUST01552,Aditya Verma,Male,42,35-44,2026-03-31,Existing,GEO081,Inactive
CUST01553,Nisha Iyer,Male,24,18-24,2024-05-10,New,GEO016,Inactive
CUST01554,Aditi Nair,Male,34,25-34,2025-09-07,New,GEO029,Active
CUST01555,Kavya Kumar,Female,36,35-44,2025-12-21,New,GEO037,Active
CUST01556,Nisha Mishra,Male,54,45-54,2026-05-23,Existing,GEO052,Active
CUST01557,Pooja Mishra,Male,54,45-54,2025-08-19,Existing,GEO084,Active
CUST01558,Neha Reddy,Female,22,18-24,2025-03-07,Existing,GEO114,Active
CUST01559,Ananya Mishra,Male,28,25-34,2025-07-14,New,GEO031,Inactive
CUST01560,Aditya Singh,Male,24,18-24,2024-12-20,New,GEO114,Inactive
CUST01561,Vivaan Kumar,Female,28,25-34,2026-01-10,New,GEO064,Active
CUST01562,Priya Das,Female,42,35-44,2025-05-04,New,GEO003,Active
CUST01563,Diya Mehta,Male,21,18-24,2025-07-01,Existing,GEO088,Active
CUST01564,Sneha Das,Female,55,55+,2024-02-23,Existing,GEO090,Active
CUST01565,Rohan Kumar,Female,47,45-54,2025-07-16,Existing,GEO016,Active
CUST01566,Meera Mishra,Male,42,35-44,2024-12-17,New,GEO031,Active
CUST01567,Meera Gupta,Male,25,25-34,2024-08-20,New,GEO103,Active
CUST01568,Vivaan Patel,Male,35,35-44,2024-03-19,Existing,GEO024,Active
CUST01569,Diya Shetty,Female,22,18-24,2024-12-24,New,GEO038,Active
CUST01570,Arjun Shetty,Female,58,55+,2025-05-05,New,GEO010,Active
CUST01571,Kavya Mishra,Male,54,45-54,2025-05-21,New,GEO057,Active
CUST01572,Vikram Joshi,Female,43,35-44,2026-06-08,Existing,GEO041,Active
CUST01573,Diya Verma,Female,23,18-24,2025-02-24,Existing,GEO011,Active
CUST01574,Aditi Reddy,Male,28,25-34,2024-11-08,New,GEO048,Active
CUST01575,Isha Shetty,Male,22,18-24,2025-12-16,Existing,GEO015,Active
CUST01576,Neha Rao,Male,51,45-54,2024-10-03,Existing,GEO039,Active
CUST01577,Diya Singh,Female,23,18-24,2026-05-25,Existing,GEO003,Inactive
CUST01578,Vikram Reddy,Female,44,35-44,2024-02-15,Existing,GEO024,Inactive
CUST01579,Priya Sharma,Male,54,45-54,2025-11-07,Existing,GEO120,Active
CUST01580,Neha Das,Female,58,55+,2026-04-28,New,GEO097,Active
CUST01581,Meera Das,Female,41,35-44,2026-06-05,New,GEO104,Active
CUST01582,Priya Mehta,Female,55,55+,2026-01-08,Existing,GEO055,Active
CUST01583,Vikram Patel,Female,30,25-34,2025-04-23,New,GEO036,Active
CUST01584,Aditi Iyer,Male,25,25-34,2026-02-28,Existing,GEO074,Inactive
CUST01585,Neha Shetty,Female,22,18-24,2025-01-05,Existing,GEO101,Active
CUST01586,Ananya Mehta,Female,27,25-34,2025-08-05,Existing,GEO109,Active
CUST01587,Isha Sharma,Female,48,45-54,2024-01-18,Existing,GEO005,Active
CUST01588,Vivaan Rao,Male,50,45-54,2025-02-22,New,GEO036,Active
CUST01589,Neha Das,Female,24,18-24,2024-07-03,Existing,GEO034,Inactive
CUST01590,Rahul Patel,Male,28,25-34,2025-10-07,New,GEO030,Active
CUST01591,Nisha Mehta,Male,22,18-24,2025-12-01,Existing,GEO075,Active
CUST01592,Neha Iyer,Male,22,18-24,2024-03-03,New,GEO087,Active
CUST01593,Vikram Nair,Male,54,45-54,2025-09-06,New,GEO010,Inactive
CUST01594,Karan Nair,Male,27,25-34,2024-08-30,Existing,GEO107,Inactive
CUST01595,Priya Patel,Female,24,18-24,2026-06-15,New,GEO042,Active
CUST01596,Kavya Verma,Female,41,35-44,2025-10-29,Existing,GEO080,Active
CUST01597,Priya Mishra,Female,30,25-34,2024-02-15,New,GEO117,Active
CUST01598,Ananya Joshi,Male,26,25-34,2026-04-07,Existing,GEO121,Active
CUST01599,Rohan Singh,Male,44,35-44,2025-11-03,New,GEO010,Active
CUST01600,Arjun Mehta,Female,56,55+,2025-07-05,New,GEO078,Inactive
CUST01601,Neha Reddy,Female,53,45-54,2024-11-20,Existing,GEO117,Active
CUST01602,Kavya Reddy,Male,41,35-44,2026-03-29,Existing,GEO041,Active
CUST01603,Meera Nair,Female,35,35-44,2026-01-20,New,GEO046,Active
CUST01604,Vikram Verma,Female,43,35-44,2025-09-11,Existing,GEO030,Active
CUST01605,Meera Shetty,Male,54,45-54,2026-03-06,New,GEO078,Active
CUST01606,Arjun Kumar,Female,38,35-44,2024-11-17,Existing,GEO054,Active
CUST01607,Karan Mishra,Female,56,55+,2025-10-09,New,GEO113,Inactive
CUST01608,Meera Iyer,Male,20,18-24,2024-05-03,Existing,GEO096,Active
CUST01609,Meera Sharma,Male,28,25-34,2026-05-03,New,GEO010,Active
CUST01610,Kavya Patel,Female,52,45-54,2025-03-08,Existing,GEO090,Active
CUST01611,Ananya Rao,Male,38,35-44,2024-12-10,New,GEO093,Active
CUST01612,Meera Shetty,Female,24,18-24,2025-04-04,Existing,GEO095,Inactive
CUST01613,Rohan Gupta,Female,38,35-44,2025-12-17,New,GEO093,Active
CUST01614,Riya Nair,Male,29,25-34,2025-08-30,Existing,GEO049,Active
CUST01615,Riya Iyer,Male,48,45-54,2025-06-04,New,GEO030,Active
CUST01616,Riya Joshi,Female,51,45-54,2024-02-19,Existing,GEO037,Active
CUST01617,Rahul Patel,Female,44,35-44,2026-02-14,New,GEO105,Active
CUST01618,Diya Nair,Female,47,45-54,2025-08-11,New,GEO045,Active
CUST01619,Neha Verma,Male,30,25-34,2024-10-21,Existing,GEO029,Active
CUST01620,Arjun Mishra,Female,38,35-44,2025-09-12,New,GEO086,Active
CUST01621,Aditi Mehta,Male,29,25-34,2024-07-30,New,GEO004,Active
CUST01622,Pooja Mehta,Male,54,45-54,2024-01-07,New,GEO048,Active
CUST01623,Isha Joshi,Female,38,35-44,2026-01-19,New,GEO107,Inactive
CUST01624,Arjun Verma,Male,38,35-44,2026-01-03,Existing,GEO064,Active
CUST01625,Arjun Nair,Male,25,25-34,2024-10-12,New,GEO096,Active
CUST01626,Nisha Nair,Female,24,18-24,2024-06-09,Existing,GEO059,Active
CUST01627,Arjun Mishra,Male,40,35-44,2025-03-19,Existing,GEO025,Active
CUST01628,Rohan Rao,Male,60,55+,2024-09-08,Existing,GEO112,Active
CUST01629,Rohan Verma,Female,32,25-34,2025-04-26,New,GEO094,Inactive
CUST01630,Aditya Joshi,Male,38,35-44,2024-07-22,New,GEO001,Inactive
CUST01631,Diya Reddy,Female,24,18-24,2025-07-25,New,GEO005,Inactive
CUST01632,Riya Reddy,Female,36,35-44,2025-10-08,Existing,GEO062,Active
CUST01633,Priya Shetty,Male,39,35-44,2026-06-15,Existing,GEO063,Inactive
CUST01634,Pooja Iyer,Female,58,55+,2025-07-10,New,GEO029,Active
CUST01635,Ananya Reddy,Female,38,35-44,2025-04-02,Existing,GEO015,Active
CUST01636,Arjun Nair,Female,49,45-54,2025-11-07,Existing,GEO091,Active
CUST01637,Meera Shetty,Female,50,45-54,2025-09-07,New,GEO004,Active
CUST01638,Meera Sharma,Male,37,35-44,2026-05-21,Existing,GEO034,Active
CUST01639,Isha Singh,Female,46,45-54,2026-04-08,Existing,GEO034,Active
CUST01640,Vikram Nair,Female,37,35-44,2026-01-15,New,GEO040,Inactive
CUST01641,Rahul Joshi,Male,46,45-54,2025-08-09,New,GEO100,Active
CUST01642,Diya Joshi,Female,59,55+,2024-05-12,New,GEO093,Active
CUST01643,Ananya Mishra,Male,44,35-44,2026-03-10,Existing,GEO099,Active
CUST01644,Aditi Reddy,Male,23,18-24,2025-01-05,New,GEO108,Inactive
CUST01645,Rahul Mishra,Female,34,25-34,2026-03-31,Existing,GEO043,Inactive
CUST01646,Vivaan Mehta,Male,33,25-34,2024-01-14,New,GEO097,Active
CUST01647,Pooja Sharma,Female,52,45-54,2026-03-21,New,GEO037,Active
CUST01648,Vikram Sharma,Male,21,18-24,2025-10-08,Existing,GEO096,Active
CUST01649,Neha Mehta,Female,44,35-44,2024-05-14,New,GEO010,Active
CUST01650,Aarav Gupta,Female,52,45-54,2024-01-21,New,GEO013,Inactive
CUST01651,Ananya Singh,Female,32,25-34,2026-03-14,New,GEO039,Active
CUST01652,Neha Shetty,Male,49,45-54,2024-04-12,Existing,GEO049,Active
CUST01653,Meera Joshi,Male,47,45-54,2024-08-15,Existing,GEO062,Active
CUST01654,Aarav Verma,Male,54,45-54,2025-01-26,Existing,GEO048,Active
CUST01655,Aarav Singh,Male,48,45-54,2025-08-14,New,GEO058,Active
CUST01656,Priya Nair,Male,50,45-54,2025-10-20,New,GEO104,Active
CUST01657,Pooja Rao,Male,26,25-34,2024-07-31,New,GEO011,Active
CUST01658,Riya Das,Female,45,45-54,2025-06-19,New,GEO008,Inactive
CUST01659,Ananya Mehta,Female,36,35-44,2024-11-14,New,GEO005,Active
CUST01660,Aarav Iyer,Female,56,55+,2026-06-11,New,GEO097,Inactive
CUST01661,Vikram Nair,Female,54,45-54,2024-11-16,Existing,GEO091,Inactive
CUST01662,Meera Gupta,Male,52,45-54,2024-04-17,New,GEO049,Active
CUST01663,Arjun Patel,Male,20,18-24,2025-06-16,New,GEO057,Active
CUST01664,Rahul Shetty,Female,22,18-24,2025-05-22,Existing,GEO018,Inactive
CUST01665,Arjun Singh,Male,45,45-54,2024-10-30,Existing,GEO093,Active
CUST01666,Kavya Rao,Female,53,45-54,2025-09-21,New,GEO019,Active
CUST01667,Diya Gupta,Male,53,45-54,2026-04-02,Existing,GEO067,Active
CUST01668,Ananya Mishra,Female,50,45-54,2024-08-03,New,GEO022,Inactive
CUST01669,Rahul Patel,Female,20,18-24,2025-03-02,Existing,GEO009,Active
CUST01670,Arjun Joshi,Male,39,35-44,2024-07-23,Existing,GEO043,Active
CUST01671,Rahul Kumar,Female,23,18-24,2025-08-31,Existing,GEO082,Active
CUST01672,Neha Iyer,Male,42,35-44,2024-07-16,Existing,GEO075,Active
CUST01673,Aditi Joshi,Female,43,35-44,2024-09-17,New,GEO010,Active
CUST01674,Rahul Iyer,Male,26,25-34,2024-10-13,New,GEO017,Inactive
CUST01675,Diya Shetty,Female,41,35-44,2026-04-06,Existing,GEO027,Active
CUST01676,Aditya Mishra,Male,20,18-24,2024-08-09,New,GEO019,Active
CUST01677,Aditya Mishra,Male,50,45-54,2024-11-27,New,GEO018,Inactive
CUST01678,Priya Joshi,Female,47,45-54,2024-11-30,New,GEO031,Inactive
CUST01679,Pooja Nair,Female,44,35-44,2025-12-24,Existing,GEO108,Active
CUST01680,Karan Patel,Male,53,45-54,2025-09-11,Existing,GEO092,Active
CUST01681,Neha Shetty,Female,47,45-54,2025-05-16,New,GEO072,Inactive
CUST01682,Kavya Mehta,Male,42,35-44,2024-01-26,Existing,GEO099,Active
CUST01683,Aditi Mishra,Male,47,45-54,2025-09-23,New,GEO049,Active
CUST01684,Isha Nair,Male,31,25-34,2024-07-19,New,GEO001,Active
CUST01685,Neha Joshi,Male,41,35-44,2025-01-12,New,GEO078,Active
CUST01686,Pooja Singh,Female,22,18-24,2025-10-19,New,GEO090,Active
CUST01687,Aarav Mehta,Male,37,35-44,2025-08-08,Existing,GEO078,Inactive
CUST01688,Aditi Das,Male,51,45-54,2025-04-29,New,GEO005,Active
CUST01689,Rahul Mehta,Male,21,18-24,2025-12-23,New,GEO011,Inactive
CUST01690,Vivaan Nair,Male,27,25-34,2025-03-30,New,GEO110,Active
CUST01691,Ananya Mishra,Male,32,25-34,2024-12-06,New,GEO116,Active
CUST01692,Sneha Singh,Male,53,45-54,2025-11-11,New,GEO009,Active
CUST01693,Neha Kumar,Male,52,45-54,2026-01-16,New,GEO057,Active
CUST01694,Nisha Singh,Male,37,35-44,2025-12-06,New,GEO082,Active
CUST01695,Kavya Kumar,Female,39,35-44,2025-07-28,Existing,GEO060,Active
CUST01696,Arjun Mishra,Female,56,55+,2024-03-31,New,GEO024,Active
CUST01697,Aarav Das,Female,31,25-34,2025-08-28,New,GEO101,Active
CUST01698,Aditya Mishra,Female,33,25-34,2025-04-16,New,GEO040,Active
CUST01699,Sneha Gupta,Female,28,25-34,2024-02-24,Existing,GEO023,Active
CUST01700,Vikram Mehta,Female,28,25-34,2025-02-27,New,GEO035,Active
CUST01701,Isha Iyer,Female,31,25-34,2024-09-22,New,GEO063,Active
CUST01702,Nisha Verma,Female,57,55+,2024-12-23,New,GEO005,Inactive
CUST01703,Meera Nair,Male,29,25-34,2025-12-20,Existing,GEO027,Active
CUST01704,Nisha Das,Female,52,45-54,2024-04-02,New,GEO034,Active
CUST01705,Arjun Joshi,Female,49,45-54,2024-02-02,New,GEO061,Active
CUST01706,Riya Singh,Female,49,45-54,2025-01-16,New,GEO042,Active
CUST01707,Aarav Patel,Female,60,55+,2026-06-09,Existing,GEO061,Active
CUST01708,Kavya Iyer,Male,41,35-44,2024-07-10,New,GEO060,Active
CUST01709,Diya Verma,Female,21,18-24,2026-04-08,Existing,GEO094,Inactive
CUST01710,Kavya Rao,Male,50,45-54,2024-09-15,Existing,GEO062,Inactive
CUST01711,Vikram Das,Male,39,35-44,2026-06-17,New,GEO054,Inactive
CUST01712,Aarav Patel,Female,37,35-44,2025-08-30,New,GEO119,Active
CUST01713,Rohan Patel,Male,58,55+,2025-08-04,Existing,GEO101,Active
CUST01714,Rohan Das,Female,25,25-34,2026-03-22,Existing,GEO059,Inactive
CUST01715,Rohan Reddy,Female,30,25-34,2024-01-01,New,GEO039,Active
CUST01716,Karan Singh,Male,25,25-34,2024-08-29,New,GEO093,Active
CUST01717,Pooja Patel,Female,29,25-34,2024-01-06,Existing,GEO013,Inactive
CUST01718,Karan Mishra,Female,55,55+,2025-12-16,Existing,GEO086,Inactive
CUST01719,Arjun Singh,Male,49,45-54,2026-02-20,New,GEO041,Active
CUST01720,Meera Rao,Female,45,45-54,2024-10-16,Existing,GEO069,Active
CUST01721,Riya Sharma,Female,42,35-44,2025-11-16,New,GEO114,Active
CUST01722,Ananya Joshi,Female,35,35-44,2025-01-05,New,GEO079,Inactive
CUST01723,Pooja Reddy,Male,24,18-24,2024-05-21,New,GEO028,Active
CUST01724,Sneha Shetty,Male,47,45-54,2024-12-13,New,GEO055,Active
CUST01725,Pooja Sharma,Female,38,35-44,2025-01-31,Existing,GEO054,Active
CUST01726,Nisha Mehta,Female,30,25-34,2025-11-29,New,GEO060,Active
CUST01727,Sneha Das,Male,42,35-44,2025-11-02,New,GEO021,Active
CUST01728,Isha Sharma,Female,28,25-34,2025-12-03,Existing,GEO084,Inactive
CUST01729,Meera Iyer,Male,47,45-54,2024-11-06,New,GEO078,Inactive
CUST01730,Pooja Gupta,Female,52,45-54,2026-03-10,Existing,GEO109,Active
CUST01731,Aditi Das,Male,27,25-34,2025-03-10,Existing,GEO112,Active
CUST01732,Riya Iyer,Male,29,25-34,2024-12-11,New,GEO066,Inactive
CUST01733,Priya Sharma,Male,47,45-54,2025-04-20,New,GEO112,Inactive
CUST01734,Diya Shetty,Female,49,45-54,2024-02-21,Existing,GEO033,Inactive
CUST01735,Aarav Joshi,Female,41,35-44,2026-02-24,Existing,GEO023,Active
CUST01736,Isha Nair,Female,42,35-44,2024-01-18,Existing,GEO082,Active
CUST01737,Vivaan Joshi,Male,58,55+,2024-12-31,Existing,GEO032,Active
CUST01738,Rohan Shetty,Male,25,25-34,2024-05-09,Existing,GEO056,Active
CUST01739,Diya Reddy,Female,42,35-44,2025-12-06,Existing,GEO006,Active
CUST01740,Rohan Rao,Female,40,35-44,2024-02-09,New,GEO049,Active
CUST01741,Sneha Sharma,Female,41,35-44,2025-03-08,New,GEO096,Active
CUST01742,Karan Rao,Female,25,25-34,2024-04-29,Existing,GEO039,Active
CUST01743,Pooja Reddy,Female,23,18-24,2025-08-10,Existing,GEO036,Active
CUST01744,Sneha Mishra,Male,37,35-44,2025-09-11,New,GEO087,Active
CUST01745,Karan Sharma,Male,37,35-44,2025-02-20,Existing,GEO085,Active
CUST01746,Diya Das,Female,37,35-44,2025-04-18,Existing,GEO013,Active
CUST01747,Ananya Reddy,Male,34,25-34,2025-12-27,New,GEO079,Active
CUST01748,Meera Shetty,Female,58,55+,2025-08-25,Existing,GEO070,Inactive
CUST01749,Ananya Nair,Male,50,45-54,2024-12-17,Existing,GEO106,Inactive
CUST01750,Pooja Reddy,Female,29,25-34,2026-05-24,New,GEO087,Inactive
CUST01751,Riya Kumar,Female,36,35-44,2024-02-03,Existing,GEO072,Active
CUST01752,Nisha Nair,Male,25,25-34,2026-02-04,Existing,GEO038,Active
CUST01753,Rohan Rao,Female,48,45-54,2024-01-31,New,GEO080,Active
CUST01754,Aarav Das,Female,56,55+,2025-03-01,Existing,GEO072,Inactive
CUST01755,Rohan Singh,Female,35,35-44,2025-07-04,New,GEO013,Inactive
CUST01756,Riya Iyer,Male,33,25-34,2024-04-23,New,GEO111,Active
CUST01757,Karan Singh,Female,45,45-54,2024-12-26,Existing,GEO041,Active
CUST01758,Ananya Joshi,Male,60,55+,2025-11-11,Existing,GEO029,Inactive
CUST01759,Isha Patel,Female,51,45-54,2024-10-20,New,GEO052,Active
CUST01760,Isha Shetty,Female,20,18-24,2026-02-20,New,GEO088,Active
CUST01761,Meera Reddy,Female,44,35-44,2025-03-04,New,GEO080,Active
CUST01762,Riya Gupta,Male,28,25-34,2025-09-05,Existing,GEO003,Active
CUST01763,Riya Shetty,Male,59,55+,2024-06-19,Existing,GEO088,Active
CUST01764,Diya Mishra,Male,43,35-44,2026-01-30,Existing,GEO071,Active
CUST01765,Vikram Patel,Female,30,25-34,2025-01-12,Existing,GEO120,Active
CUST01766,Aditya Mishra,Male,40,35-44,2024-10-27,New,GEO027,Inactive
CUST01767,Diya Verma,Male,49,45-54,2025-12-01,New,GEO102,Active
CUST01768,Diya Mehta,Male,49,45-54,2026-04-02,Existing,GEO112,Active
CUST01769,Aditya Sharma,Female,35,35-44,2026-01-09,New,GEO088,Inactive
CUST01770,Sneha Kumar,Female,53,45-54,2026-06-01,Existing,GEO034,Active
CUST01771,Pooja Mehta,Male,58,55+,2025-03-25,New,GEO038,Inactive
CUST01772,Nisha Shetty,Female,22,18-24,2025-02-13,Existing,GEO055,Active
CUST01773,Neha Das,Male,26,25-34,2026-05-17,New,GEO093,Active
CUST01774,Ananya Patel,Female,43,35-44,2025-11-03,New,GEO102,Inactive
CUST01775,Ananya Shetty,Female,33,25-34,2024-04-09,New,GEO059,Inactive
CUST01776,Priya Gupta,Female,35,35-44,2024-12-16,Existing,GEO043,Inactive
CUST01777,Vivaan Das,Female,36,35-44,2025-08-31,New,GEO019,Active
CUST01778,Riya Nair,Male,21,18-24,2025-01-14,Existing,GEO040,Active
CUST01779,Isha Shetty,Female,56,55+,2025-05-01,Existing,GEO020,Active
CUST01780,Sneha Iyer,Female,29,25-34,2026-05-29,New,GEO004,Active
CUST01781,Riya Sharma,Female,57,55+,2024-05-31,Existing,GEO047,Inactive
CUST01782,Rohan Rao,Male,50,45-54,2024-12-18,Existing,GEO067,Active
CUST01783,Rahul Mehta,Female,44,35-44,2025-10-25,Existing,GEO023,Inactive
CUST01784,Aditya Nair,Male,44,35-44,2025-11-15,New,GEO040,Active
CUST01785,Diya Das,Male,34,25-34,2024-10-11,New,GEO084,Active
CUST01786,Riya Mishra,Female,42,35-44,2025-04-15,New,GEO108,Active
CUST01787,Vivaan Singh,Female,32,25-34,2025-11-11,New,GEO043,Active
CUST01788,Vivaan Verma,Male,37,35-44,2026-03-28,New,GEO032,Active
CUST01789,Isha Patel,Male,31,25-34,2024-08-21,New,GEO078,Active
CUST01790,Karan Gupta,Female,55,55+,2024-04-03,New,GEO116,Active
CUST01791,Karan Reddy,Female,53,45-54,2024-03-03,New,GEO075,Inactive
CUST01792,Vivaan Nair,Male,49,45-54,2025-07-03,New,GEO026,Inactive
CUST01793,Pooja Reddy,Female,27,25-34,2024-03-26,New,GEO070,Active
CUST01794,Riya Sharma,Female,58,55+,2024-11-03,Existing,GEO111,Active
CUST01795,Diya Das,Male,48,45-54,2025-08-26,Existing,GEO001,Active
CUST01796,Rahul Nair,Female,46,45-54,2025-05-19,Existing,GEO066,Active
CUST01797,Aditi Reddy,Female,39,35-44,2026-06-07,Existing,GEO036,Active
CUST01798,Rahul Verma,Female,60,55+,2024-04-24,New,GEO041,Inactive
CUST01799,Aditya Das,Male,51,45-54,2024-07-02,Existing,GEO087,Active
CUST01800,Aditi Mehta,Female,26,25-34,2024-12-16,New,GEO025,Active
CUST01801,Nisha Iyer,Male,34,25-34,2024-11-10,Existing,GEO099,Inactive
CUST01802,Karan Rao,Female,26,25-34,2025-09-16,New,GEO042,Active
CUST01803,Rahul Mehta,Female,32,25-34,2026-03-15,New,GEO079,Active
CUST01804,Diya Das,Female,40,35-44,2025-10-31,Existing,GEO100,Active
CUST01805,Priya Nair,Female,34,25-34,2025-04-28,New,GEO040,Active
CUST01806,Priya Singh,Female,42,35-44,2025-04-05,Existing,GEO098,Inactive
CUST01807,Meera Nair,Female,20,18-24,2024-02-26,New,GEO059,Active
CUST01808,Neha Iyer,Male,21,18-24,2024-08-01,Existing,GEO004,Active
CUST01809,Aditi Joshi,Female,47,45-54,2024-11-29,New,GEO103,Active
CUST01810,Neha Kumar,Female,59,55+,2026-05-26,New,GEO032,Active
CUST01811,Riya Verma,Female,40,35-44,2026-01-08,New,GEO100,Inactive
CUST01812,Diya Rao,Male,51,45-54,2024-10-13,Existing,GEO008,Active
CUST01813,Aditi Nair,Female,23,18-24,2024-10-09,Existing,GEO119,Active
CUST01814,Aditya Nair,Female,27,25-34,2024-05-17,Existing,GEO106,Active
CUST01815,Karan Joshi,Female,29,25-34,2025-08-10,New,GEO057,Active
CUST01816,Nisha Mehta,Female,40,35-44,2025-07-24,Existing,GEO089,Active
CUST01817,Ananya Mehta,Male,28,25-34,2026-06-10,Existing,GEO116,Inactive
CUST01818,Isha Reddy,Male,33,25-34,2024-11-24,Existing,GEO047,Active
CUST01819,Diya Gupta,Female,32,25-34,2024-09-18,New,GEO018,Active
CUST01820,Pooja Das,Female,46,45-54,2025-02-09,New,GEO107,Active
CUST01821,Riya Singh,Female,52,45-54,2024-01-17,New,GEO065,Active
CUST01822,Riya Nair,Female,54,45-54,2024-10-16,New,GEO095,Active
CUST01823,Arjun Joshi,Male,56,55+,2025-07-25,New,GEO103,Active
CUST01824,Karan Das,Female,56,55+,2025-09-16,New,GEO099,Inactive
CUST01825,Rohan Shetty,Female,37,35-44,2025-04-07,Existing,GEO010,Active
CUST01826,Nisha Das,Female,56,55+,2025-04-09,Existing,GEO114,Active
CUST01827,Diya Mehta,Female,45,45-54,2024-01-07,Existing,GEO003,Active
CUST01828,Rohan Iyer,Female,34,25-34,2025-03-13,New,GEO075,Active
CUST01829,Karan Das,Female,54,45-54,2025-10-31,Existing,GEO115,Active
CUST01830,Priya Patel,Male,32,25-34,2024-07-30,New,GEO004,Active
CUST01831,Ananya Mehta,Female,28,25-34,2024-03-11,Existing,GEO119,Active
CUST01832,Rahul Singh,Male,33,25-34,2024-11-06,Existing,GEO030,Active
CUST01833,Isha Kumar,Male,42,35-44,2024-05-20,Existing,GEO004,Inactive
CUST01834,Isha Verma,Female,33,25-34,2024-02-20,Existing,GEO026,Active
CUST01835,Rahul Joshi,Male,44,35-44,2024-04-05,New,GEO021,Active
CUST01836,Diya Nair,Female,27,25-34,2026-01-28,Existing,GEO054,Active
CUST01837,Nisha Nair,Male,33,25-34,2026-03-29,Existing,GEO033,Active
CUST01838,Sneha Das,Male,49,45-54,2024-01-08,Existing,GEO052,Active
CUST01839,Aditya Singh,Female,42,35-44,2024-11-13,Existing,GEO030,Active
CUST01840,Neha Gupta,Female,44,35-44,2024-01-17,Existing,GEO006,Active
CUST01841,Aarav Patel,Male,35,35-44,2025-08-01,New,GEO018,Inactive
CUST01842,Karan Mehta,Male,22,18-24,2025-09-02,Existing,GEO048,Inactive
CUST01843,Rahul Mishra,Female,30,25-34,2024-06-25,New,GEO095,Active
CUST01844,Rahul Sharma,Male,43,35-44,2026-03-16,Existing,GEO027,Active
CUST01845,Neha Rao,Female,45,45-54,2026-05-11,Existing,GEO004,Active
CUST01846,Vivaan Gupta,Male,41,35-44,2025-04-26,New,GEO117,Inactive
CUST01847,Diya Gupta,Female,22,18-24,2026-02-19,New,GEO021,Active
CUST01848,Aditya Singh,Female,20,18-24,2024-08-16,New,GEO015,Inactive
CUST01849,Aditi Verma,Female,49,45-54,2026-05-26,New,GEO110,Active
CUST01850,Neha Patel,Female,39,35-44,2025-04-25,Existing,GEO085,Active
CUST01851,Pooja Gupta,Male,59,55+,2025-05-04,New,GEO017,Active
CUST01852,Rohan Reddy,Male,52,45-54,2026-04-04,New,GEO096,Active
CUST01853,Arjun Reddy,Female,45,45-54,2025-09-21,New,GEO033,Active
CUST01854,Isha Shetty,Female,39,35-44,2025-12-28,Existing,GEO098,Active
CUST01855,Rohan Rao,Female,40,35-44,2025-01-18,New,GEO096,Inactive
CUST01856,Karan Patel,Male,60,55+,2026-03-24,New,GEO019,Active
CUST01857,Ananya Sharma,Male,35,35-44,2025-02-10,Existing,GEO062,Active
CUST01858,Karan Verma,Female,32,25-34,2025-04-07,Existing,GEO070,Inactive
CUST01859,Nisha Mishra,Female,27,25-34,2025-11-02,Existing,GEO044,Active
CUST01860,Pooja Das,Female,36,35-44,2026-04-06,Existing,GEO085,Active
CUST01861,Kavya Singh,Female,41,35-44,2024-03-05,New,GEO070,Active
CUST01862,Arjun Kumar,Male,26,25-34,2025-04-13,Existing,GEO017,Active
CUST01863,Aditi Kumar,Female,39,35-44,2025-03-22,New,GEO051,Active
CUST01864,Aarav Reddy,Male,29,25-34,2026-03-05,Existing,GEO068,Active
CUST01865,Aditi Nair,Male,56,55+,2026-03-30,New,GEO089,Active
CUST01866,Rahul Shetty,Male,43,35-44,2024-04-12,New,GEO108,Active
CUST01867,Karan Iyer,Female,54,45-54,2026-05-28,New,GEO052,Active
CUST01868,Isha Nair,Female,44,35-44,2025-05-02,New,GEO093,Active
CUST01869,Aditi Shetty,Male,20,18-24,2024-09-14,Existing,GEO027,Active
CUST01870,Rohan Verma,Female,23,18-24,2024-05-23,New,GEO098,Active
CUST01871,Meera Singh,Male,45,45-54,2025-10-23,New,GEO032,Active
CUST01872,Rohan Mishra,Male,24,18-24,2024-10-09,Existing,GEO016,Active
CUST01873,Neha Das,Female,33,25-34,2024-05-25,Existing,GEO002,Active
CUST01874,Arjun Das,Female,53,45-54,2025-06-20,Existing,GEO030,Inactive
CUST01875,Diya Verma,Male,39,35-44,2025-07-08,New,GEO010,Active
CUST01876,Neha Kumar,Male,37,35-44,2025-01-25,Existing,GEO055,Active
CUST01877,Nisha Kumar,Female,51,45-54,2024-08-18,New,GEO094,Active
CUST01878,Meera Singh,Female,35,35-44,2026-05-06,New,GEO082,Active
CUST01879,Nisha Nair,Female,37,35-44,2024-09-14,Existing,GEO086,Active
CUST01880,Arjun Gupta,Male,42,35-44,2024-01-14,Existing,GEO032,Inactive
CUST01881,Neha Kumar,Female,34,25-34,2025-11-12,Existing,GEO072,Inactive
CUST01882,Diya Kumar,Female,58,55+,2024-02-13,New,GEO074,Active
CUST01883,Riya Shetty,Male,27,25-34,2025-01-04,Existing,GEO105,Inactive
CUST01884,Isha Mehta,Female,22,18-24,2025-10-24,Existing,GEO074,Active
CUST01885,Aarav Reddy,Female,45,45-54,2025-11-16,New,GEO004,Active
CUST01886,Aarav Gupta,Female,26,25-34,2025-02-26,Existing,GEO109,Active
CUST01887,Vikram Iyer,Female,42,35-44,2024-12-26,Existing,GEO101,Active
CUST01888,Neha Das,Female,40,35-44,2025-12-16,New,GEO027,Active
CUST01889,Rahul Mehta,Female,45,45-54,2026-03-10,Existing,GEO110,Active
CUST01890,Aditi Gupta,Female,41,35-44,2025-09-23,New,GEO041,Active
CUST01891,Sneha Nair,Male,26,25-34,2025-10-16,Existing,GEO082,Active
CUST01892,Pooja Nair,Male,44,35-44,2024-09-28,Existing,GEO104,Inactive
CUST01893,Ananya Sharma,Male,43,35-44,2024-06-21,New,GEO025,Active
CUST01894,Aditi Joshi,Female,52,45-54,2026-02-13,New,GEO051,Active
CUST01895,Diya Mishra,Male,32,25-34,2024-04-02,Existing,GEO110,Active
CUST01896,Kavya Singh,Female,29,25-34,2025-06-29,New,GEO118,Inactive
CUST01897,Riya Kumar,Female,26,25-34,2025-09-20,Existing,GEO029,Inactive
CUST01898,Rohan Shetty,Male,22,18-24,2025-07-15,Existing,GEO004,Inactive
CUST01899,Vikram Verma,Male,34,25-34,2024-09-08,New,GEO019,Active
CUST01900,Diya Verma,Male,38,35-44,2024-01-22,Existing,GEO054,Active
CUST01901,Nisha Rao,Male,46,45-54,2026-05-18,Existing,GEO081,Inactive
CUST01902,Neha Singh,Female,36,35-44,2026-04-02,Existing,GEO047,Active
CUST01903,Rohan Nair,Female,40,35-44,2024-03-19,New,GEO102,Active
CUST01904,Ananya Kumar,Female,26,25-34,2025-07-02,New,GEO093,Active
CUST01905,Neha Rao,Male,55,55+,2025-04-21,New,GEO059,Inactive
CUST01906,Rahul Sharma,Female,51,45-54,2024-03-07,Existing,GEO072,Active
CUST01907,Rohan Kumar,Female,42,35-44,2026-06-07,Existing,GEO009,Active
CUST01908,Aarav Gupta,Female,56,55+,2026-01-15,Existing,GEO056,Active
CUST01909,Isha Iyer,Male,45,45-54,2025-11-08,Existing,GEO043,Active
CUST01910,Aditi Shetty,Female,56,55+,2024-05-27,Existing,GEO111,Active
CUST01911,Kavya Rao,Male,59,55+,2025-12-30,New,GEO100,Active
CUST01912,Meera Gupta,Male,59,55+,2025-06-26,New,GEO094,Active
CUST01913,Rahul Sharma,Male,35,35-44,2026-05-05,Existing,GEO094,Active
CUST01914,Sneha Rao,Male,41,35-44,2024-04-06,Existing,GEO104,Inactive
CUST01915,Ananya Patel,Female,44,35-44,2024-05-21,New,GEO040,Active
CUST01916,Neha Verma,Female,31,25-34,2026-06-19,New,GEO024,Active
CUST01917,Kavya Shetty,Male,45,45-54,2024-08-20,New,GEO044,Inactive
CUST01918,Diya Sharma,Female,26,25-34,2024-01-21,New,GEO088,Active
CUST01919,Nisha Sharma,Male,26,25-34,2024-01-02,New,GEO042,Inactive
CUST01920,Riya Rao,Male,39,35-44,2026-03-30,Existing,GEO110,Active
CUST01921,Diya Verma,Male,31,25-34,2025-10-13,New,GEO069,Active
CUST01922,Rohan Rao,Male,42,35-44,2026-06-12,Existing,GEO074,Active
CUST01923,Rohan Mehta,Male,48,45-54,2025-06-03,Existing,GEO004,Active
CUST01924,Priya Mishra,Male,54,45-54,2026-04-06,Existing,GEO014,Active
CUST01925,Pooja Reddy,Male,31,25-34,2024-04-12,New,GEO079,Active
CUST01926,Isha Kumar,Female,49,45-54,2026-03-13,New,GEO044,Active
CUST01927,Pooja Reddy,Male,43,35-44,2024-09-02,Existing,GEO006,Active
CUST01928,Riya Kumar,Female,23,18-24,2026-04-10,New,GEO085,Active
CUST01929,Aditi Shetty,Female,53,45-54,2026-02-14,New,GEO037,Active
CUST01930,Karan Iyer,Female,28,25-34,2026-02-20,Existing,GEO052,Inactive
CUST01931,Aarav Verma,Male,44,35-44,2025-05-17,New,GEO042,Inactive
CUST01932,Pooja Das,Female,59,55+,2024-11-09,Existing,GEO099,Active
CUST01933,Aditya Iyer,Male,53,45-54,2024-07-11,New,GEO083,Active
CUST01934,Priya Singh,Male,23,18-24,2024-02-18,New,GEO046,Active
CUST01935,Kavya Shetty,Male,47,45-54,2025-06-04,New,GEO117,Active
CUST01936,Vikram Gupta,Female,26,25-34,2024-07-09,Existing,GEO010,Active
CUST01937,Diya Sharma,Male,51,45-54,2025-08-07,New,GEO119,Inactive
CUST01938,Aarav Mishra,Male,33,25-34,2024-10-24,New,GEO085,Active
CUST01939,Vikram Nair,Female,31,25-34,2026-04-26,Existing,GEO006,Active
CUST01940,Neha Mishra,Male,29,25-34,2025-09-28,Existing,GEO088,Active
CUST01941,Aarav Singh,Female,33,25-34,2025-02-23,Existing,GEO049,Active
CUST01942,Diya Sharma,Female,32,25-34,2024-09-16,Existing,GEO006,Inactive
CUST01943,Arjun Kumar,Male,28,25-34,2024-03-13,New,GEO116,Inactive
CUST01944,Ananya Patel,Male,24,18-24,2025-07-03,Existing,GEO088,Inactive
CUST01945,Riya Iyer,Female,38,35-44,2024-10-18,New,GEO098,Active
CUST01946,Aditi Mehta,Male,45,45-54,2024-03-29,Existing,GEO026,Active
CUST01947,Pooja Kumar,Male,53,45-54,2025-04-25,New,GEO030,Active
CUST01948,Aditya Reddy,Male,44,35-44,2024-03-26,Existing,GEO079,Active
CUST01949,Diya Das,Male,48,45-54,2025-03-28,New,GEO085,Active
CUST01950,Riya Sharma,Female,33,25-34,2024-02-14,New,GEO044,Active
CUST01951,Karan Mishra,Female,31,25-34,2025-04-18,New,GEO051,Inactive
CUST01952,Aditya Reddy,Female,29,25-34,2025-06-01,New,GEO081,Active
CUST01953,Isha Kumar,Female,41,35-44,2024-01-26,New,GEO078,Active
CUST01954,Aditi Nair,Male,55,55+,2024-05-26,New,GEO015,Active
CUST01955,Rahul Gupta,Male,46,45-54,2025-09-25,Existing,GEO048,Active
CUST01956,Vikram Sharma,Male,29,25-34,2025-12-01,Existing,GEO001,Active
CUST01957,Vikram Das,Male,44,35-44,2026-05-27,New,GEO073,Active
CUST01958,Sneha Iyer,Female,21,18-24,2025-08-08,Existing,GEO058,Active
CUST01959,Isha Verma,Female,51,45-54,2024-12-19,New,GEO059,Active
CUST01960,Rahul Singh,Male,34,25-34,2024-10-20,Existing,GEO113,Active
CUST01961,Priya Patel,Male,43,35-44,2025-03-18,New,GEO059,Inactive
CUST01962,Rohan Mehta,Male,54,45-54,2025-02-15,Existing,GEO027,Inactive
CUST01963,Isha Verma,Female,46,45-54,2025-04-16,Existing,GEO060,Active
CUST01964,Sneha Patel,Female,41,35-44,2025-11-12,New,GEO032,Active
CUST01965,Diya Nair,Male,32,25-34,2026-06-13,Existing,GEO071,Inactive
CUST01966,Sneha Patel,Female,43,35-44,2024-08-06,Existing,GEO014,Inactive
CUST01967,Karan Reddy,Female,39,35-44,2024-02-22,Existing,GEO071,Active
CUST01968,Isha Sharma,Female,44,35-44,2024-07-03,New,GEO050,Active
CUST01969,Sneha Rao,Male,37,35-44,2025-10-18,New,GEO020,Inactive
CUST01970,Rohan Das,Female,40,35-44,2024-09-08,Existing,GEO041,Active
CUST01971,Aarav Sharma,Male,26,25-34,2024-03-28,New,GEO043,Active
CUST01972,Rohan Reddy,Female,40,35-44,2024-07-26,Existing,GEO108,Active
CUST01973,Isha Verma,Female,43,35-44,2025-08-20,Existing,GEO091,Active
CUST01974,Aditi Patel,Female,38,35-44,2024-04-13,New,GEO021,Inactive
CUST01975,Aditi Joshi,Female,27,25-34,2024-06-11,Existing,GEO090,Active
CUST01976,Rohan Mishra,Male,35,35-44,2025-11-10,Existing,GEO013,Active
CUST01977,Sneha Verma,Female,28,25-34,2025-04-29,New,GEO099,Active
CUST01978,Riya Rao,Female,57,55+,2025-03-27,New,GEO058,Active
CUST01979,Aditya Mishra,Female,51,45-54,2024-12-13,Existing,GEO009,Active
CUST01980,Sneha Mishra,Female,28,25-34,2025-11-24,New,GEO015,Active
CUST01981,Aditya Nair,Female,60,55+,2024-10-26,Existing,GEO003,Inactive
CUST01982,Neha Reddy,Female,30,25-34,2026-05-21,Existing,GEO067,Active
CUST01983,Vivaan Shetty,Female,51,45-54,2024-06-19,New,GEO090,Active
CUST01984,Ananya Sharma,Female,36,35-44,2025-03-19,Existing,GEO096,Inactive
CUST01985,Vivaan Patel,Female,25,25-34,2025-07-18,New,GEO095,Active
CUST01986,Pooja Singh,Female,39,35-44,2024-07-23,Existing,GEO005,Active
CUST01987,Nisha Mehta,Female,44,35-44,2025-01-10,Existing,GEO053,Active
CUST01988,Neha Joshi,Female,28,25-34,2026-01-06,New,GEO063,Active
CUST01989,Aditya Das,Male,37,35-44,2025-04-05,Existing,GEO111,Active
CUST01990,Arjun Reddy,Male,21,18-24,2026-04-05,New,GEO023,Active
CUST01991,Vikram Das,Male,24,18-24,2025-08-08,New,GEO111,Active
CUST01992,Ananya Mehta,Male,20,18-24,2026-01-24,New,GEO020,Inactive
CUST01993,Arjun Rao,Female,60,55+,2026-03-15,New,GEO008,Active
CUST01994,Aditya Gupta,Male,32,25-34,2024-07-09,New,GEO001,Inactive
CUST01995,Aditya Singh,Male,34,25-34,2024-02-21,Existing,GEO081,Active
CUST01996,Pooja Rao,Male,50,45-54,2025-12-26,New,GEO061,Active
CUST01997,Rahul Joshi,Male,57,55+,2025-03-29,New,GEO011,Active
CUST01998,Aditi Rao,Female,32,25-34,2024-05-27,New,GEO090,Active
CUST01999,Ananya Das,Male,24,18-24,2024-07-10,New,GEO021,Inactive
CUST02000,Meera Joshi,Female,60,55+,2025-09-07,Existing,GEO028,Inactive
CUST02001,Vikram Joshi,Female,36,35-44,2026-01-23,New,GEO084,Active
CUST02002,Vivaan Kumar,Male,38,35-44,2024-03-07,Existing,GEO045,Active
CUST02003,Isha Sharma,Female,59,55+,2024-03-22,New,GEO041,Active
CUST02004,Neha Gupta,Male,58,55+,2025-08-05,Existing,GEO058,Active
CUST02005,Priya Das,Female,50,45-54,2025-05-26,Existing,GEO041,Active
CUST02006,Kavya Singh,Male,34,25-34,2024-02-13,Existing,GEO113,Inactive
CUST02007,Isha Verma,Female,40,35-44,2025-04-19,New,GEO019,Inactive
CUST02008,Rohan Das,Male,46,45-54,2026-06-13,Existing,GEO049,Active
CUST02009,Meera Das,Female,45,45-54,2024-01-15,New,GEO020,Active
CUST02010,Sneha Verma,Male,33,25-34,2024-01-17,New,GEO035,Active
CUST02011,Sneha Patel,Male,32,25-34,2025-05-24,Existing,GEO107,Active
CUST02012,Diya Gupta,Male,34,25-34,2025-05-13,Existing,GEO056,Inactive
CUST02013,Vivaan Nair,Female,30,25-34,2025-11-12,New,GEO009,Active
CUST02014,Vikram Joshi,Female,50,45-54,2024-05-24,Existing,GEO103,Active
CUST02015,Priya Shetty,Female,46,45-54,2024-01-14,New,GEO044,Active
CUST02016,Arjun Rao,Female,59,55+,2025-09-18,New,GEO068,Active
CUST02017,Rohan Nair,Female,41,35-44,2026-04-06,Existing,GEO009,Active
CUST02018,Vikram Reddy,Female,48,45-54,2025-03-03,Existing,GEO089,Active
CUST02019,Neha Joshi,Female,40,35-44,2026-03-16,Existing,GEO074,Active
CUST02020,Riya Mishra,Male,32,25-34,2024-11-25,New,GEO091,Active
CUST02021,Pooja Mishra,Female,35,35-44,2025-07-30,New,GEO041,Active
CUST02022,Ananya Kumar,Male,44,35-44,2025-09-30,Existing,GEO060,Active
CUST02023,Karan Das,Female,24,18-24,2025-02-02,Existing,GEO092,Active
CUST02024,Vikram Reddy,Male,43,35-44,2025-04-30,New,GEO042,Active
CUST02025,Rohan Das,Female,59,55+,2025-07-29,Existing,GEO041,Inactive
CUST02026,Karan Mishra,Male,40,35-44,2026-04-23,New,GEO038,Active
CUST02027,Sneha Singh,Female,32,25-34,2024-09-11,New,GEO039,Active
CUST02028,Aarav Sharma,Male,33,25-34,2024-10-30,Existing,GEO011,Active
CUST02029,Sneha Joshi,Male,49,45-54,2025-04-02,New,GEO077,Inactive
CUST02030,Isha Iyer,Male,40,35-44,2024-10-07,New,GEO091,Inactive
CUST02031,Rohan Nair,Male,38,35-44,2025-08-23,New,GEO016,Active
CUST02032,Rohan Nair,Female,40,35-44,2025-01-12,Existing,GEO071,Active
CUST02033,Ananya Singh,Female,60,55+,2025-10-23,New,GEO042,Active
CUST02034,Riya Sharma,Female,38,35-44,2025-08-02,New,GEO093,Active
CUST02035,Rohan Patel,Male,51,45-54,2024-03-10,New,GEO067,Active
CUST02036,Kavya Nair,Male,35,35-44,2026-02-11,Existing,GEO011,Inactive
CUST02037,Sneha Joshi,Male,41,35-44,2025-05-19,New,GEO068,Inactive
CUST02038,Aditya Mehta,Male,45,45-54,2025-07-15,New,GEO058,Active
CUST02039,Vikram Sharma,Female,27,25-34,2024-08-20,New,GEO007,Active
CUST02040,Vikram Das,Male,50,45-54,2024-02-13,New,GEO020,Active
CUST02041,Sneha Das,Female,52,45-54,2024-11-26,Existing,GEO003,Active
CUST02042,Meera Joshi,Male,51,45-54,2025-11-16,New,GEO006,Active
CUST02043,Vikram Rao,Male,57,55+,2024-08-01,Existing,GEO001,Active
CUST02044,Rahul Singh,Female,25,25-34,2025-06-05,New,GEO020,Active
CUST02045,Aditi Nair,Female,60,55+,2024-09-29,Existing,GEO021,Active
CUST02046,Karan Nair,Female,58,55+,2024-12-08,Existing,GEO051,Active
CUST02047,Isha Rao,Female,38,35-44,2024-01-30,Existing,GEO027,Active
CUST02048,Arjun Gupta,Male,27,25-34,2025-01-31,New,GEO026,Active
CUST02049,Isha Sharma,Female,33,25-34,2025-01-04,New,GEO073,Active
CUST02050,Aarav Reddy,Male,33,25-34,2024-11-13,New,GEO111,Active
CUST02051,Sneha Gupta,Female,33,25-34,2026-01-07,Existing,GEO059,Inactive
CUST02052,Pooja Joshi,Male,58,55+,2025-05-18,Existing,GEO102,Active
CUST02053,Aarav Rao,Male,24,18-24,2024-01-01,New,GEO110,Active
CUST02054,Isha Singh,Male,37,35-44,2024-11-06,New,GEO013,Active
CUST02055,Karan Singh,Male,43,35-44,2025-10-23,Existing,GEO010,Active
CUST02056,Vivaan Mishra,Male,46,45-54,2024-10-31,New,GEO039,Active
CUST02057,Karan Kumar,Female,36,35-44,2026-03-30,New,GEO113,Inactive
CUST02058,Aditya Gupta,Male,31,25-34,2024-04-25,New,GEO059,Active
CUST02059,Riya Verma,Male,37,35-44,2025-12-20,New,GEO094,Active
CUST02060,Sneha Sharma,Male,33,25-34,2025-02-11,New,GEO064,Inactive
CUST02061,Aarav Rao,Female,49,45-54,2024-06-28,New,GEO085,Active
CUST02062,Pooja Reddy,Female,37,35-44,2026-01-06,Existing,GEO004,Active
CUST02063,Isha Das,Male,32,25-34,2025-12-07,New,GEO084,Active
CUST02064,Pooja Das,Female,56,55+,2025-07-26,New,GEO092,Active
CUST02065,Diya Nair,Female,38,35-44,2024-03-31,Existing,GEO106,Inactive
CUST02066,Kavya Gupta,Male,54,45-54,2025-01-17,New,GEO042,Active
CUST02067,Sneha Nair,Male,46,45-54,2025-08-17,Existing,GEO045,Active
CUST02068,Aditi Singh,Female,29,25-34,2025-11-22,Existing,GEO056,Active
CUST02069,Ananya Mishra,Female,58,55+,2024-05-20,Existing,GEO083,Inactive
CUST02070,Ananya Joshi,Male,48,45-54,2024-02-13,New,GEO077,Active
CUST02071,Riya Patel,Male,54,45-54,2026-05-21,New,GEO106,Inactive
CUST02072,Nisha Joshi,Female,25,25-34,2024-04-24,New,GEO067,Active
CUST02073,Aditi Shetty,Male,56,55+,2024-09-17,New,GEO095,Active
CUST02074,Ananya Gupta,Female,41,35-44,2024-04-29,Existing,GEO071,Inactive
CUST02075,Riya Nair,Female,53,45-54,2024-08-12,Existing,GEO089,Active
CUST02076,Karan Gupta,Female,34,25-34,2024-06-08,New,GEO115,Active
CUST02077,Priya Reddy,Male,51,45-54,2024-03-14,Existing,GEO039,Active
CUST02078,Karan Sharma,Male,54,45-54,2026-04-14,New,GEO004,Active
CUST02079,Aditya Kumar,Male,27,25-34,2024-07-09,Existing,GEO058,Active
CUST02080,Sneha Sharma,Female,47,45-54,2025-11-08,Existing,GEO044,Inactive
CUST02081,Meera Rao,Male,43,35-44,2024-11-07,Existing,GEO082,Active
CUST02082,Ananya Nair,Male,51,45-54,2025-05-26,New,GEO033,Inactive
CUST02083,Riya Rao,Male,44,35-44,2025-03-08,Existing,GEO088,Inactive
CUST02084,Pooja Das,Female,21,18-24,2024-02-09,New,GEO061,Active
CUST02085,Vikram Gupta,Male,54,45-54,2024-03-25,New,GEO059,Inactive
CUST02086,Pooja Sharma,Male,41,35-44,2025-09-10,Existing,GEO040,Inactive
CUST02087,Aarav Shetty,Female,33,25-34,2024-04-07,New,GEO076,Active
CUST02088,Nisha Patel,Female,52,45-54,2024-03-11,Existing,GEO036,Inactive
CUST02089,Riya Kumar,Male,54,45-54,2024-09-16,Existing,GEO023,Inactive
CUST02090,Priya Rao,Male,38,35-44,2024-02-10,Existing,GEO055,Active
CUST02091,Pooja Verma,Male,29,25-34,2024-07-22,New,GEO001,Inactive
CUST02092,Priya Patel,Female,31,25-34,2024-02-14,New,GEO044,Inactive
CUST02093,Arjun Kumar,Female,34,25-34,2026-04-07,New,GEO018,Active
CUST02094,Pooja Nair,Male,58,55+,2025-03-24,Existing,GEO003,Active
CUST02095,Pooja Sharma,Male,60,55+,2025-03-04,Existing,GEO056,Inactive
CUST02096,Neha Mishra,Male,24,18-24,2024-03-30,Existing,GEO061,Inactive
CUST02097,Rohan Kumar,Male,52,45-54,2026-06-15,New,GEO021,Active
CUST02098,Karan Verma,Male,56,55+,2025-11-11,Existing,GEO072,Active
CUST02099,Rahul Rao,Male,50,45-54,2026-03-19,Existing,GEO015,Active
CUST02100,Priya Patel,Male,34,25-34,2024-05-30,Existing,GEO002,Active
CUST02101,Nisha Shetty,Male,23,18-24,2024-04-25,Existing,GEO075,Active
CUST02102,Vikram Mehta,Male,39,35-44,2024-11-23,Existing,GEO103,Active
CUST02103,Pooja Reddy,Female,32,25-34,2025-05-04,New,GEO023,Inactive
CUST02104,Rohan Mehta,Male,55,55+,2024-05-29,New,GEO111,Active
CUST02105,Rahul Reddy,Male,50,45-54,2025-08-02,Existing,GEO108,Active
CUST02106,Vivaan Das,Female,34,25-34,2025-02-20,Existing,GEO006,Active
CUST02107,Kavya Singh,Male,45,45-54,2024-07-16,Existing,GEO078,Active
CUST02108,Nisha Mishra,Female,28,25-34,2025-09-21,Existing,GEO083,Active
CUST02109,Aditya Singh,Female,35,35-44,2025-05-24,New,GEO054,Active
CUST02110,Rohan Das,Male,55,55+,2025-12-22,New,GEO048,Active
CUST02111,Ananya Iyer,Female,45,45-54,2025-04-20,Existing,GEO118,Active
CUST02112,Riya Gupta,Female,50,45-54,2025-01-30,New,GEO061,Active
CUST02113,Aditi Joshi,Female,25,25-34,2024-12-16,New,GEO033,Active
CUST02114,Nisha Reddy,Female,37,35-44,2025-08-31,Existing,GEO119,Active
CUST02115,Priya Reddy,Male,35,35-44,2024-12-22,Existing,GEO067,Inactive
CUST02116,Meera Shetty,Female,37,35-44,2025-09-04,New,GEO099,Active
CUST02117,Kavya Gupta,Male,38,35-44,2025-12-04,Existing,GEO027,Inactive
CUST02118,Priya Shetty,Male,57,55+,2024-04-30,New,GEO027,Active
CUST02119,Vikram Singh,Female,31,25-34,2025-01-18,Existing,GEO092,Active
CUST02120,Ananya Patel,Female,56,55+,2025-07-04,Existing,GEO078,Active
CUST02121,Aditi Singh,Male,36,35-44,2025-01-20,New,GEO009,Active
CUST02122,Aditi Rao,Female,36,35-44,2025-04-10,Existing,GEO066,Inactive
CUST02123,Meera Shetty,Female,32,25-34,2024-02-22,Existing,GEO077,Active
CUST02124,Ananya Kumar,Female,50,45-54,2025-01-31,New,GEO024,Active
CUST02125,Aditya Iyer,Male,43,35-44,2024-02-12,New,GEO071,Active
CUST02126,Meera Reddy,Male,28,25-34,2026-01-30,New,GEO115,Active
CUST02127,Diya Gupta,Male,20,18-24,2024-12-11,Existing,GEO037,Inactive
CUST02128,Diya Rao,Male,35,35-44,2024-08-13,Existing,GEO119,Active
CUST02129,Aditi Rao,Male,35,35-44,2024-01-24,Existing,GEO098,Active
CUST02130,Aditi Rao,Female,30,25-34,2024-07-27,New,GEO021,Active
CUST02131,Pooja Kumar,Female,56,55+,2026-04-08,New,GEO032,Inactive
CUST02132,Diya Patel,Male,34,25-34,2025-04-15,New,GEO118,Active
CUST02133,Vikram Shetty,Male,37,35-44,2024-01-04,Existing,GEO056,Inactive
CUST02134,Arjun Mehta,Male,48,45-54,2024-08-25,New,GEO053,Inactive
CUST02135,Sneha Mehta,Male,48,45-54,2026-01-26,Existing,GEO003,Active
CUST02136,Nisha Nair,Female,33,25-34,2025-03-23,Existing,GEO003,Inactive
CUST02137,Isha Rao,Female,52,45-54,2026-05-08,New,GEO048,Active
CUST02138,Sneha Reddy,Female,24,18-24,2024-06-21,New,GEO041,Active
CUST02139,Priya Mishra,Female,45,45-54,2024-09-11,New,GEO049,Inactive
CUST02140,Aditya Verma,Male,21,18-24,2025-10-22,New,GEO050,Active
CUST02141,Pooja Singh,Female,43,35-44,2024-01-21,Existing,GEO117,Inactive
CUST02142,Kavya Reddy,Female,25,25-34,2024-09-18,Existing,GEO047,Active
CUST02143,Vikram Mehta,Male,50,45-54,2024-06-21,New,GEO109,Active
CUST02144,Vikram Kumar,Female,44,35-44,2024-02-19,New,GEO012,Active
CUST02145,Neha Verma,Male,36,35-44,2025-06-21,New,GEO038,Active
CUST02146,Rahul Reddy,Female,47,45-54,2026-06-10,Existing,GEO040,Active
CUST02147,Aditya Rao,Male,53,45-54,2024-08-25,New,GEO074,Active
CUST02148,Rahul Reddy,Female,38,35-44,2025-03-09,New,GEO104,Active
CUST02149,Arjun Iyer,Male,58,55+,2024-03-09,New,GEO069,Active
CUST02150,Rahul Patel,Female,49,45-54,2026-01-10,New,GEO032,Active
CUST02151,Neha Joshi,Male,40,35-44,2026-02-23,New,GEO065,Active
CUST02152,Vivaan Verma,Male,45,45-54,2024-06-20,New,GEO109,Active
CUST02153,Neha Verma,Female,35,35-44,2025-08-10,New,GEO059,Active
CUST02154,Diya Das,Male,27,25-34,2024-06-14,New,GEO009,Inactive
CUST02155,Isha Joshi,Male,28,25-34,2024-10-21,Existing,GEO087,Inactive
CUST02156,Isha Shetty,Female,55,55+,2025-06-21,Existing,GEO101,Inactive
CUST02157,Nisha Mehta,Female,36,35-44,2024-06-19,Existing,GEO017,Active
CUST02158,Kavya Mehta,Male,33,25-34,2025-09-06,Existing,GEO015,Inactive
CUST02159,Kavya Sharma,Female,44,35-44,2024-11-02,Existing,GEO063,Active
CUST02160,Rohan Verma,Male,21,18-24,2025-03-21,New,GEO084,Active
CUST02161,Aarav Mishra,Male,45,45-54,2024-05-25,New,GEO116,Inactive
CUST02162,Isha Gupta,Female,36,35-44,2025-02-12,Existing,GEO048,Active
CUST02163,Vivaan Reddy,Male,49,45-54,2025-03-01,New,GEO115,Active
CUST02164,Kavya Verma,Female,38,35-44,2024-02-24,Existing,GEO114,Inactive
CUST02165,Nisha Joshi,Female,24,18-24,2024-12-29,Existing,GEO006,Inactive
CUST02166,Karan Iyer,Female,24,18-24,2024-12-05,New,GEO002,Active
CUST02167,Aarav Joshi,Female,29,25-34,2024-03-02,New,GEO081,Active
CUST02168,Ananya Das,Female,21,18-24,2025-02-17,Existing,GEO045,Active
CUST02169,Nisha Rao,Female,38,35-44,2024-02-22,New,GEO114,Inactive
CUST02170,Nisha Sharma,Female,51,45-54,2026-02-20,New,GEO020,Inactive
CUST02171,Neha Patel,Female,41,35-44,2026-01-19,New,GEO098,Active
CUST02172,Sneha Reddy,Female,25,25-34,2024-10-09,New,GEO006,Active
CUST02173,Meera Rao,Male,20,18-24,2024-07-18,New,GEO054,Active
CUST02174,Aarav Kumar,Female,47,45-54,2024-08-03,New,GEO110,Active
CUST02175,Aditya Reddy,Female,36,35-44,2026-03-16,Existing,GEO118,Active
CUST02176,Isha Das,Male,51,45-54,2024-03-22,Existing,GEO079,Active
CUST02177,Aditi Joshi,Female,50,45-54,2025-08-13,Existing,GEO081,Active
CUST02178,Riya Joshi,Male,53,45-54,2025-11-14,Existing,GEO104,Active
CUST02179,Pooja Iyer,Male,34,25-34,2025-03-20,Existing,GEO121,Active
CUST02180,Riya Iyer,Female,51,45-54,2024-02-22,Existing,GEO014,Active
CUST02181,Vikram Mishra,Male,55,55+,2026-05-14,New,GEO060,Active
CUST02182,Sneha Singh,Female,26,25-34,2025-02-26,Existing,GEO039,Active
CUST02183,Pooja Mishra,Male,35,35-44,2025-09-30,New,GEO100,Active
CUST02184,Meera Patel,Female,23,18-24,2025-02-19,Existing,GEO061,Active
CUST02185,Priya Reddy,Female,41,35-44,2024-05-01,Existing,GEO113,Inactive
CUST02186,Meera Mehta,Male,45,45-54,2025-02-19,New,GEO037,Active
CUST02187,Rahul Rao,Male,59,55+,2024-12-10,Existing,GEO076,Inactive
CUST02188,Aditya Das,Male,25,25-34,2024-03-25,New,GEO020,Inactive
CUST02189,Rohan Sharma,Male,51,45-54,2026-03-23,New,GEO061,Active
CUST02190,Kavya Shetty,Male,22,18-24,2024-10-25,Existing,GEO086,Active
CUST02191,Ananya Kumar,Male,22,18-24,2024-11-13,New,GEO075,Active
CUST02192,Karan Das,Male,22,18-24,2026-04-21,New,GEO115,Inactive
CUST02193,Riya Iyer,Male,51,45-54,2024-09-30,New,GEO107,Active
CUST02194,Diya Mehta,Male,28,25-34,2025-04-18,Existing,GEO021,Active
CUST02195,Priya Sharma,Male,51,45-54,2025-12-06,Existing,GEO110,Active
CUST02196,Isha Nair,Female,30,25-34,2026-04-09,Existing,GEO038,Inactive
CUST02197,Priya Shetty,Male,46,45-54,2026-03-24,Existing,GEO027,Active
CUST02198,Rohan Sharma,Male,49,45-54,2025-12-21,New,GEO008,Active
CUST02199,Rohan Patel,Male,29,25-34,2025-04-04,New,GEO037,Active
CUST02200,Pooja Singh,Male,40,35-44,2026-01-05,Existing,GEO016,Active
CUST02201,Vivaan Nair,Female,33,25-34,2025-11-02,New,GEO051,Active
CUST02202,Vivaan Mehta,Male,42,35-44,2024-02-20,Existing,GEO050,Active
CUST02203,Sneha Das,Female,51,45-54,2025-11-05,Existing,GEO058,Active
CUST02204,Ananya Mishra,Female,40,35-44,2025-11-05,New,GEO001,Active
CUST02205,Pooja Mishra,Female,36,35-44,2024-04-05,Existing,GEO019,Active
CUST02206,Diya Verma,Male,28,25-34,2025-06-09,Existing,GEO117,Active
CUST02207,Aarav Shetty,Female,31,25-34,2024-02-09,Existing,GEO092,Active
CUST02208,Aarav Kumar,Female,59,55+,2024-12-11,Existing,GEO099,Active
CUST02209,Nisha Iyer,Male,33,25-34,2024-12-06,Existing,GEO114,Active
CUST02210,Riya Joshi,Male,47,45-54,2025-04-10,Existing,GEO069,Inactive
CUST02211,Aarav Singh,Female,22,18-24,2024-12-06,New,GEO061,Inactive
CUST02212,Riya Reddy,Male,49,45-54,2024-11-18,Existing,GEO034,Active
CUST02213,Riya Iyer,Male,22,18-24,2025-11-15,Existing,GEO034,Active
CUST02214,Vikram Mehta,Male,53,45-54,2024-02-11,Existing,GEO031,Inactive
CUST02215,Aditya Das,Female,20,18-24,2024-02-18,Existing,GEO069,Inactive
CUST02216,Diya Shetty,Female,21,18-24,2026-02-26,New,GEO064,Active
CUST02217,Arjun Mehta,Female,54,45-54,2026-03-09,New,GEO119,Inactive
CUST02218,Aditi Shetty,Female,55,55+,2024-06-30,New,GEO002,Inactive
CUST02219,Vikram Verma,Female,25,25-34,2025-10-24,New,GEO013,Active
CUST02220,Priya Shetty,Male,36,35-44,2025-11-04,Existing,GEO054,Active
CUST02221,Rahul Nair,Male,47,45-54,2026-01-16,New,GEO098,Active
CUST02222,Rohan Mehta,Male,39,35-44,2024-03-19,New,GEO110,Active
CUST02223,Neha Patel,Male,35,35-44,2026-03-08,New,GEO098,Inactive
CUST02224,Aditi Verma,Male,41,35-44,2025-05-27,New,GEO062,Active
CUST02225,Aditya Nair,Female,25,25-34,2026-03-18,New,GEO050,Active
CUST02226,Aarav Mishra,Female,54,45-54,2026-01-12,New,GEO009,Active
CUST02227,Nisha Mehta,Female,29,25-34,2024-06-13,New,GEO062,Active
CUST02228,Sneha Das,Female,21,18-24,2026-05-23,Existing,GEO014,Inactive
CUST02229,Diya Shetty,Male,33,25-34,2024-07-13,Existing,GEO100,Active
CUST02230,Isha Singh,Female,34,25-34,2025-07-24,Existing,GEO083,Active
CUST02231,Isha Reddy,Male,32,25-34,2024-02-07,New,GEO074,Active
CUST02232,Ananya Singh,Female,21,18-24,2025-10-26,New,GEO041,Inactive
CUST02233,Arjun Rao,Male,25,25-34,2026-05-13,New,GEO076,Active
CUST02234,Aditi Gupta,Female,50,45-54,2025-07-20,Existing,GEO016,Active
CUST02235,Priya Joshi,Female,60,55+,2024-09-08,Existing,GEO038,Active
CUST02236,Rohan Gupta,Male,26,25-34,2024-11-03,Existing,GEO105,Inactive
CUST02237,Meera Kumar,Female,29,25-34,2024-12-14,Existing,GEO010,Inactive
CUST02238,Aarav Sharma,Female,39,35-44,2025-02-20,Existing,GEO042,Active
CUST02239,Diya Rao,Male,25,25-34,2025-06-21,New,GEO047,Active
CUST02240,Ananya Nair,Female,26,25-34,2026-02-25,New,GEO024,Active
CUST02241,Vivaan Iyer,Male,57,55+,2024-08-25,Existing,GEO108,Active
CUST02242,Priya Kumar,Female,55,55+,2025-07-19,Existing,GEO097,Active
CUST02243,Ananya Iyer,Female,39,35-44,2024-04-05,New,GEO018,Active
CUST02244,Pooja Sharma,Male,26,25-34,2024-04-19,Existing,GEO104,Active
CUST02245,Rahul Rao,Male,45,45-54,2024-09-27,New,GEO011,Active
CUST02246,Riya Gupta,Male,30,25-34,2025-10-26,New,GEO081,Active
CUST02247,Rohan Patel,Male,50,45-54,2026-01-16,New,GEO053,Active
CUST02248,Karan Verma,Female,53,45-54,2025-08-13,New,GEO008,Inactive
CUST02249,Nisha Iyer,Female,33,25-34,2024-07-16,Existing,GEO018,Inactive
CUST02250,Priya Iyer,Female,57,55+,2025-08-15,New,GEO079,Active
CUST02251,Diya Verma,Female,46,45-54,2025-10-25,New,GEO015,Inactive
CUST02252,Neha Gupta,Male,57,55+,2026-02-03,New,GEO074,Active
CUST02253,Vikram Patel,Male,57,55+,2025-11-18,New,GEO030,Active
CUST02254,Sneha Patel,Male,22,18-24,2025-12-01,New,GEO036,Active
CUST02255,Karan Gupta,Male,56,55+,2025-10-29,New,GEO107,Active
CUST02256,Karan Verma,Male,46,45-54,2024-12-15,New,GEO019,Active
CUST02257,Sneha Shetty,Female,43,35-44,2025-02-24,Existing,GEO057,Active
CUST02258,Sneha Nair,Male,60,55+,2024-07-30,New,GEO112,Active
CUST02259,Meera Sharma,Female,51,45-54,2024-10-07,Existing,GEO001,Inactive
CUST02260,Vivaan Gupta,Male,49,45-54,2024-03-03,Existing,GEO068,Active
CUST02261,Priya Patel,Female,33,25-34,2024-04-23,Existing,GEO036,Active
CUST02262,Nisha Kumar,Male,47,45-54,2025-04-29,Existing,GEO045,Active
CUST02263,Neha Mehta,Female,34,25-34,2024-07-24,Existing,GEO050,Active
CUST02264,Isha Mishra,Female,30,25-34,2024-08-13,New,GEO003,Active
CUST02265,Aditi Joshi,Female,51,45-54,2024-08-12,New,GEO015,Active
CUST02266,Arjun Iyer,Female,43,35-44,2025-12-07,Existing,GEO096,Inactive
CUST02267,Arjun Reddy,Male,21,18-24,2025-08-03,Existing,GEO033,Active
CUST02268,Pooja Joshi,Male,55,55+,2025-10-04,New,GEO020,Active
CUST02269,Ananya Sharma,Female,40,35-44,2025-08-04,Existing,GEO025,Active
CUST02270,Meera Iyer,Female,26,25-34,2026-01-08,Existing,GEO076,Active
CUST02271,Diya Rao,Female,60,55+,2025-11-16,Existing,GEO013,Inactive
CUST02272,Ananya Sharma,Male,50,45-54,2024-09-07,Existing,GEO046,Inactive
CUST02273,Vikram Singh,Female,35,35-44,2025-05-19,New,GEO089,Active
CUST02274,Meera Mehta,Male,26,25-34,2024-08-24,New,GEO027,Inactive
CUST02275,Aditi Verma,Male,46,45-54,2024-04-15,New,GEO029,Active
CUST02276,Vivaan Iyer,Female,33,25-34,2024-04-09,New,GEO118,Inactive
CUST02277,Riya Mishra,Female,27,25-34,2025-10-20,Existing,GEO115,Active
CUST02278,Diya Kumar,Female,25,25-34,2024-08-30,New,GEO104,Active
CUST02279,Pooja Gupta,Male,58,55+,2024-02-15,Existing,GEO070,Active
CUST02280,Karan Das,Female,20,18-24,2026-04-16,Existing,GEO114,Active
CUST02281,Riya Reddy,Male,26,25-34,2025-05-30,Existing,GEO001,Inactive
CUST02282,Isha Joshi,Female,42,35-44,2026-02-10,New,GEO004,Active
CUST02283,Neha Reddy,Male,60,55+,2025-11-14,New,GEO106,Active
CUST02284,Rahul Reddy,Male,34,25-34,2026-01-20,New,GEO026,Active
CUST02285,Isha Reddy,Female,38,35-44,2024-03-03,New,GEO005,Active
CUST02286,Priya Mehta,Female,33,25-34,2025-10-04,Existing,GEO020,Active
CUST02287,Aarav Patel,Female,30,25-34,2025-01-22,Existing,GEO005,Active
CUST02288,Rahul Reddy,Male,46,45-54,2024-03-27,New,GEO020,Inactive
CUST02289,Rahul Iyer,Female,26,25-34,2024-08-22,Existing,GEO114,Inactive
CUST02290,Meera Patel,Male,30,25-34,2025-04-04,Existing,GEO036,Active
CUST02291,Aarav Reddy,Male,36,35-44,2026-01-21,Existing,GEO038,Inactive
CUST02292,Riya Kumar,Female,54,45-54,2024-04-03,New,GEO116,Active
CUST02293,Pooja Singh,Male,34,25-34,2025-07-27,New,GEO007,Active
CUST02294,Rohan Reddy,Male,54,45-54,2026-03-29,New,GEO066,Active
CUST02295,Nisha Joshi,Male,35,35-44,2024-12-13,New,GEO034,Active
CUST02296,Rahul Sharma,Male,41,35-44,2026-04-27,Existing,GEO063,Active
CUST02297,Aditya Joshi,Male,28,25-34,2025-12-16,New,GEO080,Inactive
CUST02298,Aditi Kumar,Female,24,18-24,2026-01-08,Existing,GEO059,Active
CUST02299,Vivaan Das,Female,37,35-44,2024-01-31,New,GEO100,Active
CUST02300,Ananya Patel,Male,21,18-24,2024-03-26,New,GEO011,Active
CUST02301,Aditi Shetty,Male,50,45-54,2025-03-25,Existing,GEO008,Active
CUST02302,Sneha Shetty,Female,29,25-34,2024-11-16,New,GEO102,Active
CUST02303,Aditya Joshi,Female,38,35-44,2024-06-12,New,GEO077,Inactive
CUST02304,Aditya Patel,Female,38,35-44,2025-06-18,New,GEO106,Active
CUST02305,Sneha Verma,Male,52,45-54,2024-11-17,New,GEO065,Inactive
CUST02306,Diya Sharma,Male,49,45-54,2024-02-15,New,GEO085,Active
CUST02307,Ananya Kumar,Female,35,35-44,2024-12-19,Existing,GEO093,Active
CUST02308,Sneha Rao,Male,53,45-54,2025-02-18,New,GEO031,Inactive
CUST02309,Vikram Nair,Female,29,25-34,2025-06-07,Existing,GEO085,Active
CUST02310,Rahul Das,Female,43,35-44,2026-04-21,Existing,GEO094,Active
CUST02311,Pooja Sharma,Male,55,55+,2025-10-02,Existing,GEO027,Active
CUST02312,Kavya Das,Female,46,45-54,2025-09-24,New,GEO099,Active
CUST02313,Neha Das,Male,28,25-34,2024-03-03,New,GEO119,Active
CUST02314,Nisha Kumar,Female,45,45-54,2026-05-04,New,GEO034,Active
CUST02315,Vikram Joshi,Female,31,25-34,2025-05-25,New,GEO049,Active
CUST02316,Neha Reddy,Male,53,45-54,2025-02-13,New,GEO087,Active
CUST02317,Priya Gupta,Female,29,25-34,2025-09-25,New,GEO067,Active
CUST02318,Aarav Reddy,Female,46,45-54,2024-06-11,Existing,GEO097,Active
CUST02319,Arjun Iyer,Female,43,35-44,2024-08-07,Existing,GEO011,Inactive
CUST02320,Sneha Patel,Female,22,18-24,2024-10-25,Existing,GEO097,Active
CUST02321,Sneha Das,Male,38,35-44,2024-07-10,New,GEO093,Active
CUST02322,Karan Mehta,Male,41,35-44,2024-10-27,New,GEO086,Active
CUST02323,Meera Das,Female,50,45-54,2024-11-11,Existing,GEO111,Active
CUST02324,Vikram Gupta,Male,52,45-54,2026-03-01,New,GEO048,Active
CUST02325,Neha Nair,Male,55,55+,2026-04-30,New,GEO060,Active
CUST02326,Vivaan Mehta,Male,41,35-44,2024-10-23,Existing,GEO031,Active
CUST02327,Kavya Reddy,Male,33,25-34,2026-02-22,Existing,GEO076,Active
CUST02328,Vikram Das,Female,27,25-34,2026-01-15,New,GEO104,Active
CUST02329,Diya Verma,Male,25,25-34,2025-12-29,Existing,GEO093,Active
CUST02330,Karan Reddy,Male,54,45-54,2025-09-13,New,GEO081,Active
CUST02331,Sneha Shetty,Male,51,45-54,2024-05-17,Existing,GEO029,Active
CUST02332,Aditya Kumar,Male,46,45-54,2026-01-10,Existing,GEO098,Active
CUST02333,Nisha Mehta,Male,44,35-44,2025-04-17,Existing,GEO100,Active
CUST02334,Aarav Das,Male,20,18-24,2024-08-01,New,GEO076,Active
CUST02335,Aditi Patel,Female,41,35-44,2024-04-24,New,GEO032,Inactive
CUST02336,Pooja Iyer,Female,41,35-44,2025-10-14,Existing,GEO106,Active
CUST02337,Karan Singh,Male,46,45-54,2025-09-27,Existing,GEO079,Active
CUST02338,Priya Rao,Male,28,25-34,2024-03-19,New,GEO104,Active
CUST02339,Aditi Iyer,Female,53,45-54,2024-04-21,New,GEO030,Inactive
CUST02340,Aarav Rao,Female,53,45-54,2024-12-17,New,GEO097,Inactive
CUST02341,Rahul Reddy,Male,32,25-34,2026-04-14,New,GEO010,Active
CUST02342,Ananya Singh,Female,48,45-54,2024-12-09,New,GEO012,Active
CUST02343,Nisha Joshi,Female,22,18-24,2024-05-13,Existing,GEO121,Active
CUST02344,Ananya Reddy,Male,43,35-44,2026-03-07,Existing,GEO120,Inactive
CUST02345,Vivaan Joshi,Female,47,45-54,2026-03-20,New,GEO015,Active
CUST02346,Karan Mehta,Male,47,45-54,2024-02-13,New,GEO067,Active
CUST02347,Diya Kumar,Female,43,35-44,2025-02-11,New,GEO050,Active
CUST02348,Karan Kumar,Male,49,45-54,2024-11-24,New,GEO099,Active
CUST02349,Vivaan Mehta,Female,36,35-44,2024-12-30,Existing,GEO066,Active
CUST02350,Pooja Singh,Male,47,45-54,2025-05-12,New,GEO080,Active
CUST02351,Vivaan Kumar,Female,53,45-54,2024-10-24,New,GEO039,Active
CUST02352,Karan Nair,Female,53,45-54,2026-03-09,Existing,GEO031,Inactive
CUST02353,Vivaan Reddy,Male,55,55+,2025-02-21,New,GEO083,Active
CUST02354,Arjun Shetty,Male,59,55+,2024-02-24,Existing,GEO058,Active
CUST02355,Kavya Rao,Male,58,55+,2025-06-03,New,GEO103,Active
CUST02356,Isha Iyer,Male,38,35-44,2024-01-17,New,GEO052,Inactive
CUST02357,Priya Mehta,Female,59,55+,2026-06-09,Existing,GEO012,Active
CUST02358,Sneha Shetty,Female,29,25-34,2025-08-16,New,GEO019,Active
CUST02359,Aarav Das,Male,56,55+,2024-10-28,Existing,GEO073,Active
CUST02360,Rahul Mehta,Male,31,25-34,2024-04-20,New,GEO038,Active
CUST02361,Aditi Sharma,Female,47,45-54,2025-07-31,Existing,GEO080,Active
CUST02362,Sneha Shetty,Female,55,55+,2024-06-07,New,GEO059,Inactive
CUST02363,Karan Iyer,Female,21,18-24,2024-06-27,New,GEO067,Active
CUST02364,Vikram Mishra,Female,40,35-44,2025-10-27,New,GEO085,Active
CUST02365,Meera Mishra,Male,38,35-44,2024-12-18,New,GEO019,Inactive
CUST02366,Rohan Singh,Male,41,35-44,2025-07-16,Existing,GEO070,Active
CUST02367,Aditi Singh,Female,47,45-54,2024-04-05,Existing,GEO045,Inactive
CUST02368,Karan Sharma,Male,60,55+,2026-04-29,Existing,GEO104,Inactive
CUST02369,Karan Das,Male,26,25-34,2026-02-23,Existing,GEO074,Active
CUST02370,Karan Das,Female,27,25-34,2026-05-13,Existing,GEO052,Active
CUST02371,Nisha Iyer,Female,35,35-44,2026-05-20,New,GEO110,Active
CUST02372,Vikram Sharma,Female,30,25-34,2026-02-09,New,GEO086,Inactive
CUST02373,Aditya Sharma,Female,58,55+,2025-02-02,New,GEO107,Inactive
CUST02374,Aditya Shetty,Male,52,45-54,2024-03-17,New,GEO105,Active
CUST02375,Sneha Joshi,Male,21,18-24,2024-03-08,New,GEO079,Active
CUST02376,Diya Kumar,Female,25,25-34,2025-10-06,Existing,GEO007,Inactive
CUST02377,Nisha Reddy,Male,46,45-54,2026-06-02,Existing,GEO083,Inactive
CUST02378,Kavya Reddy,Male,60,55+,2024-02-21,Existing,GEO035,Active
CUST02379,Diya Iyer,Female,51,45-54,2025-03-29,Existing,GEO021,Active
CUST02380,Sneha Das,Male,48,45-54,2026-01-13,Existing,GEO086,Active
CUST02381,Aarav Joshi,Male,58,55+,2024-12-18,New,GEO096,Inactive
CUST02382,Vivaan Patel,Female,60,55+,2025-01-28,New,GEO099,Active
CUST02383,Aditi Iyer,Female,21,18-24,2025-06-20,New,GEO025,Active
CUST02384,Aditya Mishra,Female,32,25-34,2024-08-25,New,GEO120,Active
CUST02385,Kavya Mishra,Male,42,35-44,2024-07-26,Existing,GEO014,Inactive
CUST02386,Aarav Reddy,Male,54,45-54,2025-04-20,New,GEO087,Active
CUST02387,Sneha Kumar,Male,25,25-34,2024-01-01,New,GEO097,Inactive
CUST02388,Isha Verma,Female,35,35-44,2024-05-15,Existing,GEO049,Active
CUST02389,Aditya Mishra,Male,32,25-34,2025-04-03,Existing,GEO040,Active
CUST02390,Rahul Mehta,Male,57,55+,2026-01-13,Existing,GEO007,Active
CUST02391,Vivaan Mehta,Female,45,45-54,2025-06-06,New,GEO056,Active
CUST02392,Isha Reddy,Male,38,35-44,2024-08-30,Existing,GEO107,Active
CUST02393,Arjun Mishra,Female,45,45-54,2025-07-01,New,GEO116,Inactive
CUST02394,Aditya Sharma,Male,51,45-54,2024-07-10,New,GEO082,Active
CUST02395,Karan Iyer,Male,51,45-54,2024-04-14,Existing,GEO022,Active
CUST02396,Meera Mehta,Female,51,45-54,2024-08-27,New,GEO112,Active
CUST02397,Ananya Singh,Male,27,25-34,2025-07-10,New,GEO044,Active
CUST02398,Aarav Verma,Female,56,55+,2026-01-26,Existing,GEO052,Active
CUST02399,Vivaan Singh,Female,49,45-54,2025-12-17,Existing,GEO031,Inactive
CUST02400,Aarav Nair,Male,53,45-54,2026-05-30,New,GEO049,Active
CUST02401,Vikram Shetty,Male,25,25-34,2024-07-03,Existing,GEO042,Active
CUST02402,Kavya Sharma,Female,25,25-34,2025-11-26,Existing,GEO070,Inactive
CUST02403,Riya Patel,Female,26,25-34,2025-02-18,New,GEO067,Active
CUST02404,Riya Singh,Male,24,18-24,2024-12-01,Existing,GEO097,Active
CUST02405,Meera Rao,Female,55,55+,2024-08-28,Existing,GEO101,Active
CUST02406,Ananya Das,Male,30,25-34,2024-02-08,New,GEO078,Active
CUST02407,Diya Gupta,Female,54,45-54,2026-01-06,Existing,GEO065,Active
CUST02408,Ananya Mehta,Female,28,25-34,2025-09-12,New,GEO083,Active
CUST02409,Aditi Joshi,Female,38,35-44,2025-04-07,Existing,GEO104,Active
CUST02410,Rahul Reddy,Male,48,45-54,2024-12-31,Existing,GEO058,Inactive
CUST02411,Rahul Sharma,Male,50,45-54,2025-07-06,Existing,GEO036,Inactive
CUST02412,Isha Verma,Male,24,18-24,2026-01-06,Existing,GEO050,Active
CUST02413,Pooja Gupta,Female,59,55+,2025-06-01,New,GEO108,Active
CUST02414,Vivaan Das,Male,40,35-44,2025-05-20,Existing,GEO088,Active
CUST02415,Vikram Nair,Male,45,45-54,2025-11-29,New,GEO090,Active
CUST02416,Sneha Singh,Female,21,18-24,2026-02-12,Existing,GEO088,Inactive
CUST02417,Arjun Patel,Male,56,55+,2024-02-01,Existing,GEO116,Active
CUST02418,Neha Patel,Female,41,35-44,2024-10-01,Existing,GEO059,Inactive
CUST02419,Diya Iyer,Male,32,25-34,2024-12-27,New,GEO082,Active
CUST02420,Aditi Gupta,Male,60,55+,2025-11-30,Existing,GEO102,Inactive
CUST02421,Riya Mishra,Male,34,25-34,2025-07-13,New,GEO044,Inactive
CUST02422,Ananya Patel,Female,30,25-34,2024-03-22,Existing,GEO093,Inactive
CUST02423,Rahul Rao,Female,31,25-34,2025-02-02,New,GEO052,Active
CUST02424,Diya Das,Female,34,25-34,2025-06-26,Existing,GEO014,Active
CUST02425,Sneha Nair,Male,52,45-54,2025-07-27,Existing,GEO004,Inactive
CUST02426,Aditi Nair,Female,53,45-54,2025-01-30,New,GEO079,Active
CUST02427,Neha Reddy,Female,51,45-54,2026-04-24,New,GEO025,Active
CUST02428,Nisha Mehta,Male,60,55+,2026-06-17,New,GEO119,Active
CUST02429,Vivaan Reddy,Female,50,45-54,2024-06-17,Existing,GEO075,Active
CUST02430,Kavya Reddy,Male,37,35-44,2024-03-29,Existing,GEO040,Active
CUST02431,Arjun Nair,Female,40,35-44,2025-04-09,Existing,GEO026,Active
CUST02432,Diya Mishra,Male,33,25-34,2025-01-09,New,GEO105,Inactive
CUST02433,Meera Verma,Male,50,45-54,2024-08-31,Existing,GEO006,Active
CUST02434,Rohan Gupta,Female,59,55+,2026-05-16,New,GEO037,Active
CUST02435,Isha Singh,Female,22,18-24,2024-06-30,New,GEO090,Inactive
CUST02436,Rohan Das,Male,55,55+,2025-09-11,Existing,GEO001,Active
CUST02437,Nisha Joshi,Male,43,35-44,2024-08-28,Existing,GEO052,Active
CUST02438,Meera Singh,Female,28,25-34,2025-07-24,New,GEO042,Inactive
CUST02439,Priya Mehta,Female,48,45-54,2024-10-13,New,GEO018,Inactive
CUST02440,Neha Joshi,Female,41,35-44,2026-01-28,Existing,GEO094,Inactive
CUST02441,Diya Iyer,Female,43,35-44,2026-03-17,New,GEO065,Active
CUST02442,Meera Nair,Male,39,35-44,2024-03-25,New,GEO018,Active
CUST02443,Priya Nair,Male,22,18-24,2024-06-08,New,GEO076,Active
CUST02444,Arjun Das,Male,24,18-24,2024-05-14,Existing,GEO112,Active
CUST02445,Ananya Nair,Male,24,18-24,2024-01-06,Existing,GEO005,Active
CUST02446,Rahul Shetty,Female,60,55+,2025-07-22,New,GEO037,Active
CUST02447,Riya Rao,Female,38,35-44,2025-01-30,Existing,GEO019,Inactive
CUST02448,Isha Gupta,Female,34,25-34,2025-04-04,Existing,GEO083,Inactive
CUST02449,Kavya Mehta,Male,29,25-34,2024-05-12,New,GEO118,Active
CUST02450,Nisha Reddy,Male,38,35-44,2024-03-12,New,GEO091,Active
CUST02451,Aditya Patel,Male,28,25-34,2026-05-06,New,GEO078,Active
CUST02452,Aditya Sharma,Female,20,18-24,2025-10-01,Existing,GEO095,Active
CUST02453,Neha Verma,Male,25,25-34,2025-03-01,New,GEO027,Inactive
CUST02454,Rahul Das,Male,42,35-44,2025-06-29,Existing,GEO052,Active
CUST02455,Rahul Mishra,Male,49,45-54,2026-03-16,Existing,GEO062,Inactive
CUST02456,Kavya Joshi,Female,40,35-44,2026-02-03,Existing,GEO062,Active
CUST02457,Riya Sharma,Male,44,35-44,2026-06-02,Existing,GEO019,Active
CUST02458,Aditi Reddy,Female,52,45-54,2025-01-26,New,GEO051,Active
CUST02459,Isha Kumar,Male,55,55+,2026-01-05,Existing,GEO023,Active
CUST02460,Isha Das,Male,49,45-54,2024-07-22,New,GEO119,Active
CUST02461,Rahul Patel,Female,21,18-24,2024-07-05,New,GEO095,Inactive
CUST02462,Meera Das,Male,30,25-34,2026-01-20,Existing,GEO085,Active
CUST02463,Aditi Joshi,Female,60,55+,2024-08-29,New,GEO031,Active
CUST02464,Vikram Das,Female,40,35-44,2025-12-20,New,GEO041,Active
CUST02465,Pooja Gupta,Female,37,35-44,2024-05-05,Existing,GEO095,Inactive
CUST02466,Sneha Iyer,Male,34,25-34,2026-04-07,New,GEO121,Active
CUST02467,Neha Rao,Female,56,55+,2024-09-24,Existing,GEO079,Active
CUST02468,Riya Verma,Female,31,25-34,2025-09-10,New,GEO024,Active
CUST02469,Vivaan Nair,Male,48,45-54,2024-06-14,New,GEO086,Inactive
CUST02470,Arjun Reddy,Female,53,45-54,2026-01-06,Existing,GEO091,Active
CUST02471,Rohan Sharma,Male,28,25-34,2024-05-13,New,GEO018,Active
CUST02472,Karan Patel,Male,45,45-54,2025-07-15,New,GEO114,Active
CUST02473,Isha Joshi,Female,36,35-44,2025-09-13,Existing,GEO045,Active
CUST02474,Vikram Shetty,Female,43,35-44,2024-07-08,Existing,GEO119,Active
CUST02475,Neha Iyer,Male,22,18-24,2024-01-18,New,GEO119,Inactive
CUST02476,Isha Kumar,Female,25,25-34,2024-04-22,Existing,GEO107,Active
CUST02477,Rohan Shetty,Male,33,25-34,2024-01-24,New,GEO100,Active
CUST02478,Karan Verma,Male,21,18-24,2024-11-06,Existing,GEO084,Active
CUST02479,Riya Singh,Male,23,18-24,2024-01-06,Existing,GEO011,Active
CUST02480,Diya Kumar,Female,57,55+,2024-04-05,New,GEO051,Active
CUST02481,Rohan Kumar,Male,60,55+,2026-01-19,New,GEO021,Active
CUST02482,Rohan Sharma,Female,49,45-54,2025-04-22,New,GEO078,Active
CUST02483,Sneha Kumar,Male,27,25-34,2025-01-26,New,GEO117,Active
CUST02484,Vivaan Verma,Male,22,18-24,2025-09-24,New,GEO093,Active
CUST02485,Karan Mishra,Female,53,45-54,2024-09-11,New,GEO005,Active
CUST02486,Sneha Nair,Male,56,55+,2025-03-17,New,GEO069,Active
CUST02487,Priya Das,Female,31,25-34,2025-10-28,New,GEO020,Active
CUST02488,Priya Sharma,Male,31,25-34,2024-04-02,Existing,GEO081,Active
CUST02489,Ananya Patel,Male,41,35-44,2025-08-13,New,GEO077,Active
CUST02490,Riya Reddy,Male,44,35-44,2024-01-18,Existing,GEO045,Inactive
CUST02491,Karan Gupta,Male,24,18-24,2026-04-04,Existing,GEO017,Inactive
CUST02492,Isha Kumar,Male,21,18-24,2024-08-22,New,GEO036,Active
CUST02493,Ananya Joshi,Female,47,45-54,2025-07-16,Existing,GEO050,Active
CUST02494,Aarav Iyer,Male,28,25-34,2026-05-16,New,GEO114,Active
CUST02495,Vivaan Singh,Male,21,18-24,2025-05-08,New,GEO047,Active
CUST02496,Pooja Iyer,Male,50,45-54,2025-07-24,New,GEO022,Active
CUST02497,Meera Mehta,Male,48,45-54,2025-03-17,New,GEO053,Active
CUST02498,Priya Joshi,Male,28,25-34,2026-05-30,New,GEO044,Active
CUST02499,Aarav Reddy,Male,36,35-44,2026-04-27,Existing,GEO005,Active
CUST02500,Diya Nair,Male,23,18-24,2024-01-18,Existing,GEO064,Inactive
CUST02501,Priya Rao,Female,43,35-44,2026-03-16,New,GEO048,Inactive
CUST02502,Priya Singh,Female,57,55+,2025-01-15,New,GEO032,Active
CUST02503,Neha Verma,Male,50,45-54,2024-05-20,Existing,GEO001,Active
CUST02504,Arjun Das,Male,22,18-24,2026-02-26,New,GEO005,Active
CUST02505,Vikram Kumar,Female,21,18-24,2025-07-21,Existing,GEO052,Active
CUST02506,Meera Joshi,Female,25,25-34,2024-06-14,New,GEO070,Active
CUST02507,Kavya Verma,Male,53,45-54,2026-04-11,New,GEO019,Active
CUST02508,Vivaan Verma,Female,26,25-34,2025-12-22,New,GEO026,Active
CUST02509,Vikram Sharma,Female,46,45-54,2024-04-14,Existing,GEO092,Active
CUST02510,Priya Nair,Male,41,35-44,2024-02-18,Existing,GEO063,Active
CUST02511,Arjun Gupta,Female,32,25-34,2024-06-28,New,GEO004,Active
CUST02512,Kavya Joshi,Female,56,55+,2024-07-05,Existing,GEO058,Inactive
CUST02513,Aarav Reddy,Female,47,45-54,2025-05-23,New,GEO072,Active
CUST02514,Karan Rao,Male,41,35-44,2025-11-18,Existing,GEO021,Inactive
CUST02515,Meera Mehta,Female,36,35-44,2025-02-07,New,GEO011,Active
CUST02516,Vikram Mehta,Male,57,55+,2025-06-21,New,GEO090,Inactive
CUST02517,Neha Singh,Male,21,18-24,2024-02-28,Existing,GEO055,Active
CUST02518,Riya Sharma,Female,39,35-44,2025-10-03,New,GEO102,Active
CUST02519,Pooja Shetty,Female,23,18-24,2025-08-25,Existing,GEO016,Active
CUST02520,Neha Rao,Male,22,18-24,2026-02-05,New,GEO070,Active
CUST02521,Aarav Nair,Female,56,55+,2025-08-10,New,GEO086,Active
CUST02522,Neha Rao,Male,40,35-44,2024-02-13,New,GEO104,Active
CUST02523,Diya Joshi,Female,58,55+,2025-02-08,Existing,GEO082,Active
CUST02524,Riya Verma,Male,24,18-24,2025-04-19,New,GEO105,Inactive
CUST02525,Meera Mishra,Female,44,35-44,2024-04-14,Existing,GEO013,Active
CUST02526,Vivaan Verma,Female,33,25-34,2024-10-20,Existing,GEO074,Active
CUST02527,Rahul Das,Male,35,35-44,2026-04-30,Existing,GEO056,Active
CUST02528,Riya Mishra,Female,33,25-34,2025-08-19,New,GEO079,Inactive
CUST02529,Neha Patel,Male,20,18-24,2025-12-29,Existing,GEO109,Active
CUST02530,Vivaan Joshi,Male,21,18-24,2025-04-23,Existing,GEO105,Active
CUST02531,Vivaan Mehta,Male,26,25-34,2025-02-24,New,GEO085,Active
CUST02532,Aditi Das,Female,60,55+,2024-04-07,New,GEO031,Active
CUST02533,Arjun Kumar,Female,59,55+,2024-05-30,Existing,GEO003,Active
CUST02534,Aditya Joshi,Male,52,45-54,2026-04-14,Existing,GEO115,Active
CUST02535,Arjun Verma,Male,39,35-44,2024-06-13,Existing,GEO067,Active
CUST02536,Kavya Verma,Female,56,55+,2025-06-03,New,GEO070,Active
CUST02537,Aditi Sharma,Male,23,18-24,2024-09-22,Existing,GEO061,Active
CUST02538,Rahul Mehta,Male,50,45-54,2026-04-28,New,GEO049,Active
CUST02539,Aditya Mishra,Female,39,35-44,2024-04-03,New,GEO066,Inactive
CUST02540,Rahul Rao,Female,57,55+,2026-03-21,Existing,GEO072,Active
CUST02541,Pooja Shetty,Female,49,45-54,2025-08-15,New,GEO035,Active
CUST02542,Arjun Iyer,Female,57,55+,2024-08-22,New,GEO102,Inactive
CUST02543,Vivaan Verma,Female,27,25-34,2025-03-13,New,GEO023,Inactive
CUST02544,Sneha Nair,Male,38,35-44,2024-12-07,New,GEO100,Inactive
CUST02545,Priya Shetty,Female,57,55+,2024-07-05,New,GEO114,Inactive
CUST02546,Diya Singh,Female,60,55+,2026-05-05,Existing,GEO070,Active
CUST02547,Neha Verma,Female,36,35-44,2024-01-27,Existing,GEO020,Active
CUST02548,Aditi Nair,Male,48,45-54,2024-06-05,New,GEO050,Active
CUST02549,Vikram Mehta,Female,30,25-34,2025-08-16,Existing,GEO036,Active
CUST02550,Aditi Singh,Male,20,18-24,2024-09-29,New,GEO079,Active
CUST02551,Sneha Verma,Male,47,45-54,2024-09-21,New,GEO097,Inactive
CUST02552,Aarav Rao,Male,58,55+,2025-03-11,New,GEO012,Active
CUST02553,Arjun Rao,Male,24,18-24,2026-04-29,New,GEO046,Active
CUST02554,Vikram Reddy,Female,33,25-34,2024-04-20,Existing,GEO093,Inactive
CUST02555,Vikram Sharma,Female,20,18-24,2024-07-10,Existing,GEO042,Active
CUST02556,Aarav Mishra,Female,45,45-54,2026-03-09,New,GEO047,Active
CUST02557,Neha Kumar,Female,39,35-44,2024-05-28,New,GEO055,Active
CUST02558,Priya Iyer,Male,22,18-24,2025-12-14,New,GEO101,Inactive
CUST02559,Pooja Mishra,Male,45,45-54,2025-04-26,New,GEO099,Active
CUST02560,Aditi Mishra,Male,36,35-44,2025-07-13,New,GEO111,Inactive
CUST02561,Neha Kumar,Male,49,45-54,2024-04-09,Existing,GEO035,Inactive
CUST02562,Vikram Mehta,Male,53,45-54,2026-03-17,Existing,GEO080,Active
CUST02563,Aditi Singh,Female,45,45-54,2024-09-28,New,GEO090,Inactive
CUST02564,Nisha Singh,Female,59,55+,2024-11-15,Existing,GEO089,Active
CUST02565,Neha Nair,Female,40,35-44,2025-08-25,New,GEO015,Active
CUST02566,Diya Shetty,Male,59,55+,2026-01-09,New,GEO008,Inactive
CUST02567,Sneha Mishra,Male,43,35-44,2025-12-14,New,GEO045,Active
CUST02568,Meera Shetty,Female,24,18-24,2024-03-21,New,GEO030,Inactive
CUST02569,Vikram Singh,Female,33,25-34,2024-11-17,New,GEO013,Active
CUST02570,Vivaan Singh,Female,40,35-44,2025-09-05,Existing,GEO001,Active
CUST02571,Rohan Iyer,Female,21,18-24,2026-04-06,Existing,GEO023,Active
CUST02572,Neha Das,Female,38,35-44,2025-01-19,Existing,GEO056,Inactive
CUST02573,Meera Iyer,Male,46,45-54,2024-11-30,New,GEO002,Active
CUST02574,Kavya Verma,Female,40,35-44,2026-06-04,Existing,GEO044,Active
CUST02575,Priya Das,Female,56,55+,2026-03-12,Existing,GEO029,Active
CUST02576,Rohan Reddy,Male,52,45-54,2025-03-11,Existing,GEO034,Inactive
CUST02577,Rahul Das,Male,44,35-44,2026-05-24,Existing,GEO044,Active
CUST02578,Ananya Rao,Male,23,18-24,2025-02-10,Existing,GEO030,Active
CUST02579,Rahul Kumar,Female,20,18-24,2024-06-13,New,GEO020,Active
CUST02580,Pooja Gupta,Female,31,25-34,2025-03-14,Existing,GEO040,Inactive
CUST02581,Aditya Singh,Female,28,25-34,2025-09-19,New,GEO014,Active
CUST02582,Arjun Kumar,Female,31,25-34,2025-12-27,Existing,GEO117,Active
CUST02583,Aarav Das,Female,54,45-54,2024-03-02,New,GEO014,Inactive
CUST02584,Pooja Joshi,Female,57,55+,2025-05-07,New,GEO026,Active
CUST02585,Aarav Mishra,Female,31,25-34,2025-03-30,Existing,GEO058,Active
CUST02586,Rahul Shetty,Female,46,45-54,2026-05-23,Existing,GEO010,Active
CUST02587,Karan Joshi,Male,27,25-34,2024-02-24,Existing,GEO030,Inactive
CUST02588,Kavya Gupta,Male,41,35-44,2025-03-16,Existing,GEO111,Active
CUST02589,Rahul Nair,Female,49,45-54,2026-04-18,Existing,GEO066,Active
CUST02590,Aditi Gupta,Male,39,35-44,2024-05-06,New,GEO065,Active
CUST02591,Neha Sharma,Female,36,35-44,2026-03-27,New,GEO087,Inactive
CUST02592,Kavya Iyer,Female,36,35-44,2025-10-30,Existing,GEO044,Active
CUST02593,Rohan Reddy,Male,32,25-34,2024-04-24,New,GEO120,Inactive
CUST02594,Diya Gupta,Female,38,35-44,2025-11-29,New,GEO058,Inactive
CUST02595,Priya Shetty,Male,45,45-54,2024-09-05,New,GEO063,Active
CUST02596,Aditi Joshi,Male,21,18-24,2026-06-07,Existing,GEO088,Active
CUST02597,Aarav Shetty,Female,24,18-24,2024-12-28,New,GEO103,Active
CUST02598,Vivaan Iyer,Female,58,55+,2024-09-09,Existing,GEO092,Active
CUST02599,Vikram Nair,Female,22,18-24,2025-09-15,New,GEO035,Active
CUST02600,Aarav Sharma,Male,41,35-44,2024-11-08,New,GEO066,Active
CUST02601,Nisha Iyer,Female,45,45-54,2025-04-30,New,GEO108,Inactive
CUST02602,Neha Iyer,Male,42,35-44,2024-10-12,Existing,GEO034,Active
CUST02603,Aditi Reddy,Male,47,45-54,2026-04-25,Existing,GEO089,Active
CUST02604,Aditi Kumar,Male,50,45-54,2025-04-06,New,GEO083,Active
CUST02605,Aditi Verma,Male,35,35-44,2024-05-30,Existing,GEO112,Inactive
CUST02606,Nisha Joshi,Female,59,55+,2025-08-23,New,GEO114,Active
CUST02607,Riya Gupta,Female,39,35-44,2025-05-07,New,GEO108,Inactive
CUST02608,Isha Shetty,Female,26,25-34,2026-05-09,New,GEO033,Inactive
CUST02609,Aditya Mehta,Male,34,25-34,2026-04-09,Existing,GEO091,Active
CUST02610,Karan Mehta,Female,31,25-34,2024-05-15,New,GEO076,Inactive
CUST02611,Riya Das,Male,30,25-34,2024-08-31,New,GEO020,Active
CUST02612,Sneha Mishra,Female,55,55+,2024-01-31,New,GEO121,Active
CUST02613,Riya Joshi,Male,31,25-34,2025-12-29,New,GEO022,Active
CUST02614,Arjun Sharma,Male,27,25-34,2026-04-15,New,GEO030,Active
CUST02615,Nisha Singh,Male,20,18-24,2024-03-05,Existing,GEO056,Inactive
CUST02616,Nisha Mehta,Male,27,25-34,2024-01-31,Existing,GEO092,Inactive
CUST02617,Aditya Mehta,Male,27,25-34,2025-07-14,Existing,GEO025,Active
CUST02618,Vivaan Mishra,Male,44,35-44,2024-10-22,New,GEO115,Active
CUST02619,Aditya Rao,Male,40,35-44,2025-10-18,New,GEO101,Inactive
CUST02620,Aditi Shetty,Female,37,35-44,2026-03-12,New,GEO025,Active
CUST02621,Riya Nair,Female,39,35-44,2026-06-06,New,GEO005,Active
CUST02622,Sneha Mishra,Male,32,25-34,2025-04-13,New,GEO001,Active
CUST02623,Riya Singh,Female,37,35-44,2026-01-30,Existing,GEO107,Active
CUST02624,Vivaan Singh,Male,41,35-44,2025-12-06,Existing,GEO115,Inactive
CUST02625,Aditya Sharma,Female,47,45-54,2024-04-04,Existing,GEO118,Active
CUST02626,Aditya Gupta,Male,39,35-44,2025-12-26,New,GEO037,Active
CUST02627,Sneha Rao,Female,48,45-54,2024-04-12,Existing,GEO099,Inactive
CUST02628,Aditi Das,Male,22,18-24,2025-01-11,New,GEO056,Inactive
CUST02629,Aditi Patel,Male,55,55+,2024-10-28,Existing,GEO069,Inactive
CUST02630,Isha Das,Female,30,25-34,2025-09-13,New,GEO068,Active
CUST02631,Aditi Joshi,Female,54,45-54,2025-07-25,New,GEO061,Inactive
CUST02632,Aarav Nair,Male,59,55+,2025-01-07,Existing,GEO024,Active
CUST02633,Isha Mishra,Male,49,45-54,2025-08-06,Existing,GEO003,Active
CUST02634,Rohan Singh,Male,28,25-34,2024-03-30,Existing,GEO059,Active
CUST02635,Aditya Joshi,Male,44,35-44,2024-11-05,New,GEO098,Active
CUST02636,Isha Nair,Male,28,25-34,2026-03-13,Existing,GEO066,Active
CUST02637,Isha Iyer,Female,27,25-34,2025-05-13,New,GEO086,Active
CUST02638,Diya Patel,Female,51,45-54,2025-01-29,New,GEO013,Active
CUST02639,Riya Singh,Male,37,35-44,2025-09-15,New,GEO056,Active
CUST02640,Diya Verma,Male,31,25-34,2024-05-24,Existing,GEO066,Active
CUST02641,Neha Gupta,Male,48,45-54,2026-04-10,Existing,GEO035,Active
CUST02642,Priya Nair,Female,26,25-34,2025-11-28,Existing,GEO107,Active
CUST02643,Nisha Patel,Female,40,35-44,2026-03-09,New,GEO109,Active
CUST02644,Aarav Gupta,Female,28,25-34,2025-05-23,New,GEO121,Active
CUST02645,Ananya Singh,Female,24,18-24,2024-08-12,Existing,GEO007,Inactive
CUST02646,Rohan Iyer,Male,30,25-34,2026-04-27,Existing,GEO023,Active
CUST02647,Neha Sharma,Female,55,55+,2026-01-08,New,GEO012,Inactive
CUST02648,Neha Gupta,Male,53,45-54,2024-06-13,Existing,GEO031,Active
CUST02649,Sneha Mishra,Female,28,25-34,2024-03-15,Existing,GEO001,Inactive
CUST02650,Kavya Joshi,Male,24,18-24,2026-03-16,New,GEO012,Active
CUST02651,Diya Patel,Female,56,55+,2024-01-02,Existing,GEO114,Active
CUST02652,Meera Kumar,Female,25,25-34,2024-07-09,New,GEO096,Active
CUST02653,Riya Patel,Female,34,25-34,2024-02-24,New,GEO006,Active
CUST02654,Meera Rao,Male,49,45-54,2026-04-09,Existing,GEO088,Active
CUST02655,Aditya Mishra,Female,20,18-24,2024-09-19,Existing,GEO072,Active
CUST02656,Rohan Das,Male,38,35-44,2026-04-10,Existing,GEO053,Active
CUST02657,Diya Iyer,Female,46,45-54,2024-05-14,Existing,GEO061,Active
CUST02658,Nisha Mishra,Male,46,45-54,2025-10-01,New,GEO061,Active
CUST02659,Aditya Sharma,Male,39,35-44,2024-08-06,Existing,GEO043,Active
CUST02660,Aditi Shetty,Female,29,25-34,2026-03-04,Existing,GEO029,Active
CUST02661,Karan Mishra,Female,24,18-24,2024-10-30,Existing,GEO057,Active
CUST02662,Rohan Singh,Male,53,45-54,2024-12-11,New,GEO052,Active
CUST02663,Meera Verma,Female,54,45-54,2024-02-09,New,GEO076,Active
CUST02664,Nisha Reddy,Female,36,35-44,2025-07-08,Existing,GEO023,Active
CUST02665,Priya Singh,Female,34,25-34,2026-03-27,New,GEO070,Active
CUST02666,Isha Mehta,Female,41,35-44,2024-02-24,Existing,GEO119,Active
CUST02667,Isha Rao,Female,23,18-24,2025-01-03,Existing,GEO046,Active
CUST02668,Karan Rao,Female,43,35-44,2024-06-12,New,GEO094,Active
CUST02669,Ananya Mishra,Male,58,55+,2025-07-07,Existing,GEO014,Active
CUST02670,Aarav Shetty,Female,51,45-54,2026-01-18,New,GEO114,Active
CUST02671,Isha Das,Male,26,25-34,2024-04-12,Existing,GEO013,Active
CUST02672,Priya Gupta,Female,29,25-34,2026-04-04,Existing,GEO088,Inactive
CUST02673,Aarav Singh,Male,23,18-24,2024-06-21,Existing,GEO118,Active
CUST02674,Aditya Shetty,Female,40,35-44,2025-12-16,New,GEO001,Active
CUST02675,Ananya Das,Male,28,25-34,2025-03-24,Existing,GEO112,Active
CUST02676,Meera Das,Male,20,18-24,2026-05-30,New,GEO011,Active
CUST02677,Rahul Mishra,Female,27,25-34,2024-08-07,Existing,GEO103,Active
CUST02678,Isha Iyer,Female,48,45-54,2024-02-02,New,GEO107,Inactive
CUST02679,Karan Mehta,Female,26,25-34,2025-12-22,New,GEO060,Active
CUST02680,Aarav Mishra,Female,42,35-44,2025-10-21,New,GEO086,Active
CUST02681,Priya Shetty,Male,23,18-24,2025-02-06,New,GEO039,Active
CUST02682,Neha Nair,Male,33,25-34,2024-01-04,New,GEO121,Active
CUST02683,Nisha Rao,Female,33,25-34,2024-02-16,Existing,GEO009,Active
CUST02684,Diya Mishra,Female,54,45-54,2025-10-03,New,GEO029,Active
CUST02685,Kavya Nair,Male,59,55+,2025-07-12,New,GEO117,Active
CUST02686,Vivaan Nair,Female,56,55+,2024-05-30,Existing,GEO010,Active
CUST02687,Riya Rao,Female,23,18-24,2025-05-13,New,GEO083,Active
CUST02688,Aditi Sharma,Female,45,45-54,2026-04-24,New,GEO070,Inactive
CUST02689,Vivaan Das,Female,48,45-54,2024-09-26,New,GEO062,Active
CUST02690,Karan Rao,Male,28,25-34,2025-11-09,Existing,GEO040,Active
CUST02691,Sneha Verma,Male,34,25-34,2024-01-03,Existing,GEO049,Active
CUST02692,Karan Patel,Female,41,35-44,2024-01-09,Existing,GEO107,Active
CUST02693,Sneha Nair,Female,24,18-24,2024-08-05,Existing,GEO017,Inactive
CUST02694,Isha Joshi,Female,31,25-34,2024-04-18,Existing,GEO024,Active
CUST02695,Riya Gupta,Male,60,55+,2025-11-08,New,GEO029,Active
CUST02696,Arjun Kumar,Female,39,35-44,2026-05-26,New,GEO095,Active
CUST02697,Meera Mehta,Male,56,55+,2025-10-20,New,GEO046,Active
CUST02698,Neha Reddy,Female,20,18-24,2025-06-06,New,GEO020,Active
CUST02699,Isha Reddy,Female,25,25-34,2025-02-06,New,GEO079,Active
CUST02700,Ananya Das,Female,38,35-44,2025-04-12,Existing,GEO042,Active
CUST02701,Riya Das,Male,25,25-34,2025-08-30,Existing,GEO040,Active
CUST02702,Vikram Singh,Male,45,45-54,2024-08-24,New,GEO103,Active
CUST02703,Kavya Joshi,Female,29,25-34,2025-01-13,New,GEO010,Active
CUST02704,Diya Patel,Female,49,45-54,2024-01-26,New,GEO117,Inactive
CUST02705,Kavya Mehta,Male,27,25-34,2026-03-31,New,GEO029,Active
CUST02706,Rahul Kumar,Male,31,25-34,2025-03-17,New,GEO009,Active
CUST02707,Riya Mishra,Male,53,45-54,2025-06-18,Existing,GEO093,Active
CUST02708,Arjun Das,Male,43,35-44,2025-03-20,New,GEO065,Inactive
CUST02709,Aditi Joshi,Female,33,25-34,2024-12-06,New,GEO094,Active
CUST02710,Pooja Patel,Female,56,55+,2025-12-07,New,GEO049,Active
CUST02711,Pooja Joshi,Female,23,18-24,2024-08-30,New,GEO009,Inactive
CUST02712,Riya Verma,Male,58,55+,2025-06-04,New,GEO103,Active
CUST02713,Vivaan Shetty,Female,41,35-44,2026-06-06,New,GEO066,Active
CUST02714,Aarav Sharma,Female,30,25-34,2024-06-15,New,GEO071,Active
CUST02715,Rohan Shetty,Female,59,55+,2025-07-03,New,GEO018,Active
CUST02716,Neha Iyer,Female,23,18-24,2024-03-31,Existing,GEO036,Active
CUST02717,Meera Nair,Male,28,25-34,2024-03-08,New,GEO090,Active
CUST02718,Vivaan Shetty,Male,28,25-34,2024-05-10,New,GEO007,Active
CUST02719,Rohan Patel,Male,29,25-34,2026-05-22,Existing,GEO064,Active
CUST02720,Kavya Gupta,Male,28,25-34,2024-09-06,New,GEO006,Active
CUST02721,Ananya Mishra,Male,52,45-54,2025-03-03,New,GEO053,Active
CUST02722,Vivaan Nair,Male,45,45-54,2024-01-03,New,GEO120,Inactive
CUST02723,Sneha Mishra,Female,49,45-54,2024-12-30,New,GEO079,Active
CUST02724,Aarav Shetty,Male,28,25-34,2025-12-01,New,GEO077,Active
CUST02725,Priya Singh,Male,46,45-54,2025-04-25,New,GEO111,Active
CUST02726,Aarav Iyer,Male,57,55+,2024-05-02,New,GEO108,Active
CUST02727,Rahul Patel,Female,24,18-24,2025-02-05,New,GEO103,Active
CUST02728,Aarav Joshi,Female,27,25-34,2025-05-13,New,GEO047,Inactive
CUST02729,Meera Mehta,Female,55,55+,2026-05-11,Existing,GEO059,Active
CUST02730,Sneha Mishra,Male,44,35-44,2025-12-18,New,GEO011,Inactive
CUST02731,Priya Rao,Female,43,35-44,2024-03-02,Existing,GEO100,Active
CUST02732,Meera Singh,Male,39,35-44,2025-03-27,New,GEO088,Active
CUST02733,Vikram Rao,Male,58,55+,2026-01-04,Existing,GEO045,Active
CUST02734,Isha Reddy,Female,39,35-44,2024-06-20,New,GEO109,Active
CUST02735,Arjun Kumar,Male,44,35-44,2025-03-20,Existing,GEO019,Active
CUST02736,Rohan Mishra,Female,33,25-34,2025-11-12,Existing,GEO121,Active
CUST02737,Nisha Mehta,Male,37,35-44,2024-04-13,New,GEO069,Inactive
CUST02738,Diya Mishra,Male,58,55+,2026-01-27,Existing,GEO019,Active
CUST02739,Diya Rao,Male,39,35-44,2025-11-04,Existing,GEO034,Active
CUST02740,Vikram Mishra,Female,32,25-34,2026-04-04,New,GEO093,Active
CUST02741,Vivaan Nair,Male,49,45-54,2025-01-09,New,GEO029,Active
CUST02742,Vivaan Das,Male,36,35-44,2026-04-14,New,GEO010,Active
CUST02743,Aarav Nair,Female,43,35-44,2025-02-19,Existing,GEO048,Inactive
CUST02744,Ananya Das,Female,44,35-44,2025-05-26,Existing,GEO052,Active
CUST02745,Kavya Reddy,Female,60,55+,2024-07-23,Existing,GEO048,Inactive
CUST02746,Diya Das,Female,37,35-44,2025-01-30,Existing,GEO104,Active
CUST02747,Rohan Kumar,Male,47,45-54,2024-10-14,New,GEO044,Active
CUST02748,Aarav Rao,Male,43,35-44,2025-07-02,Existing,GEO119,Active
CUST02749,Ananya Patel,Male,52,45-54,2026-04-14,Existing,GEO077,Active
CUST02750,Sneha Singh,Female,40,35-44,2025-08-12,Existing,GEO109,Inactive
CUST02751,Vikram Sharma,Male,31,25-34,2026-05-23,Existing,GEO112,Active
CUST02752,Riya Kumar,Male,28,25-34,2025-01-11,Existing,GEO024,Inactive
CUST02753,Neha Shetty,Female,27,25-34,2024-02-23,New,GEO032,Active
CUST02754,Ananya Mishra,Male,46,45-54,2024-11-04,Existing,GEO028,Active
CUST02755,Isha Reddy,Female,48,45-54,2024-08-13,New,GEO117,Active
CUST02756,Nisha Mehta,Male,21,18-24,2025-05-22,Existing,GEO118,Active
CUST02757,Kavya Gupta,Male,29,25-34,2024-03-22,Existing,GEO012,Active
CUST02758,Kavya Mehta,Male,40,35-44,2024-08-02,Existing,GEO095,Active
CUST02759,Neha Mehta,Female,47,45-54,2024-09-22,Existing,GEO007,Active
CUST02760,Rahul Mehta,Male,51,45-54,2025-10-20,New,GEO089,Inactive
CUST02761,Isha Verma,Male,41,35-44,2024-08-15,Existing,GEO017,Inactive
CUST02762,Karan Reddy,Female,45,45-54,2025-02-20,Existing,GEO001,Active
CUST02763,Vivaan Mishra,Male,37,35-44,2025-10-23,Existing,GEO105,Active
CUST02764,Kavya Nair,Male,48,45-54,2024-01-26,New,GEO005,Active
CUST02765,Rahul Gupta,Female,29,25-34,2026-05-26,New,GEO009,Active
CUST02766,Karan Kumar,Female,31,25-34,2025-04-19,Existing,GEO004,Active
CUST02767,Karan Das,Male,34,25-34,2026-02-26,Existing,GEO068,Active
CUST02768,Karan Kumar,Male,51,45-54,2024-02-05,New,GEO049,Active
CUST02769,Sneha Patel,Male,42,35-44,2025-06-14,New,GEO077,Active
CUST02770,Vikram Nair,Female,56,55+,2026-03-13,New,GEO093,Active
CUST02771,Karan Mishra,Female,59,55+,2026-04-27,New,GEO019,Active
CUST02772,Diya Reddy,Female,29,25-34,2024-08-20,New,GEO001,Active
CUST02773,Vikram Das,Female,43,35-44,2025-12-08,Existing,GEO029,Active
CUST02774,Aditya Joshi,Female,34,25-34,2025-03-13,Existing,GEO005,Inactive
CUST02775,Aditi Verma,Male,45,45-54,2024-02-20,New,GEO066,Active
CUST02776,Arjun Das,Female,44,35-44,2026-03-17,New,GEO107,Active
CUST02777,Aarav Verma,Male,44,35-44,2024-04-11,New,GEO020,Inactive
CUST02778,Aditi Reddy,Female,26,25-34,2025-10-22,New,GEO091,Active
CUST02779,Neha Joshi,Female,51,45-54,2025-12-25,Existing,GEO100,Inactive
CUST02780,Isha Das,Male,50,45-54,2024-11-28,Existing,GEO017,Active
CUST02781,Rohan Patel,Male,33,25-34,2025-12-08,New,GEO118,Active
CUST02782,Diya Iyer,Male,60,55+,2026-02-11,Existing,GEO020,Active
CUST02783,Rahul Patel,Male,55,55+,2026-01-04,Existing,GEO052,Active
CUST02784,Diya Nair,Male,44,35-44,2026-04-20,New,GEO048,Active
CUST02785,Pooja Mehta,Male,44,35-44,2026-05-03,New,GEO009,Active
CUST02786,Sneha Shetty,Male,54,45-54,2024-10-05,Existing,GEO036,Active
CUST02787,Ananya Reddy,Male,35,35-44,2025-05-12,Existing,GEO099,Active
CUST02788,Aarav Mishra,Female,55,55+,2024-06-01,New,GEO029,Inactive
CUST02789,Vivaan Joshi,Female,31,25-34,2025-11-07,Existing,GEO085,Inactive
CUST02790,Kavya Singh,Female,34,25-34,2025-11-03,New,GEO041,Active
CUST02791,Ananya Iyer,Male,50,45-54,2025-01-05,New,GEO103,Active
CUST02792,Aditya Singh,Male,60,55+,2025-01-12,Existing,GEO010,Active
CUST02793,Meera Iyer,Female,56,55+,2024-12-03,New,GEO073,Active
CUST02794,Karan Rao,Female,56,55+,2025-08-29,Existing,GEO058,Inactive
CUST02795,Pooja Das,Male,42,35-44,2024-03-02,New,GEO104,Active
CUST02796,Meera Patel,Female,21,18-24,2024-06-21,New,GEO010,Inactive
CUST02797,Aditya Patel,Male,26,25-34,2026-01-16,Existing,GEO010,Active
CUST02798,Meera Mishra,Male,56,55+,2026-02-08,Existing,GEO060,Inactive
CUST02799,Nisha Verma,Male,45,45-54,2025-08-02,New,GEO010,Active
CUST02800,Vikram Kumar,Female,47,45-54,2025-05-10,New,GEO017,Inactive
CUST02801,Ananya Gupta,Male,44,35-44,2025-04-16,Existing,GEO084,Inactive
CUST02802,Karan Shetty,Male,42,35-44,2026-05-10,Existing,GEO026,Active
CUST02803,Sneha Nair,Male,58,55+,2025-10-07,Existing,GEO025,Active
CUST02804,Vikram Kumar,Female,52,45-54,2024-07-05,New,GEO006,Active
CUST02805,Aarav Das,Male,27,25-34,2024-12-26,Existing,GEO063,Inactive
CUST02806,Isha Das,Female,37,35-44,2025-07-30,Existing,GEO062,Active
CUST02807,Meera Joshi,Male,23,18-24,2024-05-23,Existing,GEO051,Active
CUST02808,Sneha Iyer,Female,39,35-44,2025-05-23,Existing,GEO076,Inactive
CUST02809,Karan Singh,Male,39,35-44,2025-03-05,Existing,GEO055,Active
CUST02810,Aarav Singh,Female,36,35-44,2024-02-03,New,GEO046,Active
CUST02811,Vivaan Rao,Female,34,25-34,2024-07-22,Existing,GEO035,Inactive
CUST02812,Isha Kumar,Male,59,55+,2025-04-20,New,GEO113,Active
CUST02813,Ananya Reddy,Female,28,25-34,2024-08-16,New,GEO089,Active
CUST02814,Aarav Patel,Female,57,55+,2026-01-06,Existing,GEO045,Active
CUST02815,Meera Shetty,Male,30,25-34,2025-04-18,New,GEO055,Active
CUST02816,Ananya Rao,Male,35,35-44,2026-05-23,Existing,GEO118,Active
CUST02817,Priya Singh,Female,59,55+,2024-12-23,Existing,GEO032,Active
CUST02818,Priya Gupta,Female,41,35-44,2026-06-14,New,GEO040,Active
CUST02819,Arjun Singh,Female,24,18-24,2025-09-18,New,GEO097,Active
CUST02820,Isha Iyer,Female,36,35-44,2025-08-15,New,GEO074,Active
CUST02821,Nisha Das,Female,46,45-54,2024-01-18,New,GEO019,Active
CUST02822,Meera Patel,Female,23,18-24,2025-05-27,Existing,GEO093,Active
CUST02823,Vikram Patel,Female,56,55+,2024-04-12,New,GEO002,Inactive
CUST02824,Rahul Kumar,Male,28,25-34,2025-12-08,Existing,GEO098,Active
CUST02825,Nisha Nair,Female,50,45-54,2024-11-04,New,GEO037,Inactive
CUST02826,Riya Patel,Female,43,35-44,2025-04-28,New,GEO005,Active
CUST02827,Neha Rao,Male,20,18-24,2024-11-05,Existing,GEO109,Active
CUST02828,Diya Reddy,Male,44,35-44,2024-05-31,New,GEO106,Active
CUST02829,Rohan Das,Female,29,25-34,2024-04-19,New,GEO027,Inactive
CUST02830,Kavya Joshi,Female,41,35-44,2026-06-04,Existing,GEO025,Active
CUST02831,Pooja Sharma,Female,57,55+,2025-10-05,Existing,GEO104,Active
CUST02832,Neha Gupta,Male,56,55+,2024-03-11,Existing,GEO071,Active
CUST02833,Ananya Singh,Female,32,25-34,2025-12-13,Existing,GEO029,Active
CUST02834,Aditi Nair,Male,24,18-24,2025-07-09,New,GEO114,Active
CUST02835,Meera Patel,Male,38,35-44,2024-07-14,New,GEO005,Active
CUST02836,Priya Patel,Female,32,25-34,2025-04-13,Existing,GEO053,Active
CUST02837,Vikram Shetty,Male,26,25-34,2024-11-04,Existing,GEO092,Inactive
CUST02838,Aditi Mehta,Female,52,45-54,2026-03-11,New,GEO005,Active
CUST02839,Riya Sharma,Female,29,25-34,2025-01-25,New,GEO114,Active
CUST02840,Aditya Verma,Female,51,45-54,2024-10-19,Existing,GEO025,Active
CUST02841,Ananya Sharma,Male,39,35-44,2026-05-11,New,GEO030,Active
CUST02842,Aditi Rao,Male,23,18-24,2024-06-14,Existing,GEO055,Inactive
CUST02843,Ananya Gupta,Male,41,35-44,2025-04-04,New,GEO026,Active
CUST02844,Vikram Sharma,Male,28,25-34,2025-09-30,New,GEO003,Active
CUST02845,Arjun Reddy,Female,41,35-44,2025-08-10,New,GEO113,Active
CUST02846,Karan Iyer,Male,34,25-34,2024-08-12,Existing,GEO060,Inactive
CUST02847,Meera Das,Male,24,18-24,2025-11-17,Existing,GEO047,Active
CUST02848,Pooja Rao,Female,48,45-54,2024-05-25,Existing,GEO097,Active
CUST02849,Neha Shetty,Male,35,35-44,2024-06-26,Existing,GEO027,Active
CUST02850,Riya Joshi,Male,25,25-34,2024-08-24,Existing,GEO105,Inactive
CUST02851,Karan Iyer,Male,30,25-34,2024-01-30,New,GEO006,Active
CUST02852,Aditya Das,Female,54,45-54,2025-04-14,New,GEO012,Inactive
CUST02853,Rohan Iyer,Male,30,25-34,2025-11-08,New,GEO113,Active
CUST02854,Meera Mishra,Female,23,18-24,2026-04-13,Existing,GEO085,Inactive
CUST02855,Pooja Nair,Female,26,25-34,2025-10-19,Existing,GEO053,Active
CUST02856,Vivaan Singh,Male,59,55+,2024-09-27,Existing,GEO082,Active
CUST02857,Pooja Shetty,Female,54,45-54,2024-06-06,New,GEO044,Active
CUST02858,Diya Sharma,Male,31,25-34,2024-11-20,Existing,GEO050,Inactive
CUST02859,Neha Mishra,Female,54,45-54,2025-12-30,New,GEO032,Inactive
CUST02860,Riya Das,Male,35,35-44,2025-04-07,New,GEO102,Active
CUST02861,Aditya Sharma,Male,26,25-34,2024-03-27,New,GEO068,Inactive
CUST02862,Kavya Gupta,Male,52,45-54,2024-08-29,Existing,GEO104,Active
CUST02863,Vivaan Mehta,Female,24,18-24,2026-05-25,Existing,GEO038,Active
CUST02864,Rohan Nair,Male,60,55+,2025-09-04,New,GEO076,Active
CUST02865,Ananya Gupta,Male,42,35-44,2025-09-04,New,GEO064,Active
CUST02866,Pooja Singh,Male,31,25-34,2024-05-25,Existing,GEO032,Active
CUST02867,Rahul Sharma,Female,55,55+,2024-07-05,Existing,GEO110,Active
CUST02868,Sneha Patel,Male,29,25-34,2024-04-25,Existing,GEO087,Active
CUST02869,Karan Mishra,Female,36,35-44,2026-05-20,New,GEO095,Active
CUST02870,Priya Iyer,Male,54,45-54,2024-07-26,Existing,GEO057,Active
CUST02871,Diya Rao,Female,39,35-44,2025-06-04,Existing,GEO002,Active
CUST02872,Rahul Sharma,Male,49,45-54,2026-04-03,Existing,GEO079,Inactive
CUST02873,Diya Das,Female,52,45-54,2024-03-14,Existing,GEO025,Inactive
CUST02874,Rahul Singh,Female,51,45-54,2025-09-30,Existing,GEO082,Active
CUST02875,Vikram Iyer,Female,30,25-34,2025-02-28,New,GEO058,Inactive
CUST02876,Rahul Patel,Female,50,45-54,2026-03-24,Existing,GEO073,Active
CUST02877,Sneha Nair,Female,21,18-24,2024-03-23,New,GEO019,Active
CUST02878,Rahul Patel,Female,21,18-24,2025-08-09,Existing,GEO015,Active
CUST02879,Vivaan Patel,Female,40,35-44,2024-08-11,Existing,GEO041,Inactive
CUST02880,Isha Shetty,Female,34,25-34,2024-09-07,New,GEO083,Inactive
CUST02881,Rahul Sharma,Female,31,25-34,2025-11-11,Existing,GEO049,Active
CUST02882,Nisha Sharma,Female,41,35-44,2025-09-30,Existing,GEO013,Active
CUST02883,Aditi Das,Male,33,25-34,2024-08-16,New,GEO006,Active
CUST02884,Rahul Kumar,Male,56,55+,2025-12-22,New,GEO023,Active
CUST02885,Aditya Nair,Male,26,25-34,2026-03-11,Existing,GEO066,Active
CUST02886,Meera Joshi,Male,43,35-44,2026-06-09,Existing,GEO069,Inactive
CUST02887,Arjun Das,Female,45,45-54,2024-01-09,New,GEO068,Active
CUST02888,Priya Iyer,Male,36,35-44,2025-02-02,New,GEO108,Active
CUST02889,Riya Mishra,Female,22,18-24,2024-06-30,Existing,GEO057,Inactive
CUST02890,Ananya Das,Female,35,35-44,2025-06-17,Existing,GEO082,Inactive
CUST02891,Priya Das,Female,38,35-44,2026-02-05,New,GEO077,Inactive
CUST02892,Rahul Kumar,Male,28,25-34,2024-10-30,New,GEO092,Inactive
CUST02893,Karan Patel,Male,29,25-34,2024-03-17,New,GEO040,Active
CUST02894,Diya Iyer,Female,22,18-24,2024-06-16,New,GEO102,Active
CUST02895,Riya Das,Female,38,35-44,2025-06-07,New,GEO012,Inactive
CUST02896,Meera Rao,Female,59,55+,2024-06-06,Existing,GEO074,Active
CUST02897,Aditi Sharma,Male,30,25-34,2024-04-23,New,GEO029,Inactive
CUST02898,Rahul Gupta,Female,47,45-54,2024-01-22,New,GEO008,Active
CUST02899,Rahul Joshi,Male,42,35-44,2026-02-04,Existing,GEO025,Inactive
CUST02900,Ananya Shetty,Male,32,25-34,2024-01-04,New,GEO042,Active
CUST02901,Vikram Joshi,Male,37,35-44,2025-06-26,New,GEO120,Active
CUST02902,Diya Patel,Male,55,55+,2025-03-03,New,GEO008,Inactive
CUST02903,Isha Das,Female,45,45-54,2024-06-16,Existing,GEO120,Active
CUST02904,Aditi Mishra,Male,34,25-34,2026-05-14,New,GEO113,Inactive
CUST02905,Pooja Singh,Male,33,25-34,2026-04-14,New,GEO065,Active
CUST02906,Aditi Mishra,Male,60,55+,2025-10-08,Existing,GEO023,Inactive
CUST02907,Meera Joshi,Male,49,45-54,2024-09-10,Existing,GEO100,Active
CUST02908,Rohan Shetty,Male,20,18-24,2024-07-13,New,GEO026,Active
CUST02909,Aditi Mehta,Male,58,55+,2024-04-11,New,GEO045,Active
CUST02910,Pooja Nair,Male,49,45-54,2025-06-25,New,GEO052,Inactive
CUST02911,Vivaan Singh,Female,51,45-54,2024-04-07,Existing,GEO106,Active
CUST02912,Neha Reddy,Male,20,18-24,2026-05-26,New,GEO080,Active
CUST02913,Arjun Verma,Female,49,45-54,2025-02-23,New,GEO046,Inactive
CUST02914,Priya Nair,Male,57,55+,2025-07-08,Existing,GEO023,Active
CUST02915,Kavya Gupta,Female,29,25-34,2025-01-20,Existing,GEO069,Inactive
CUST02916,Arjun Patel,Female,30,25-34,2025-08-11,Existing,GEO058,Active
CUST02917,Ananya Reddy,Male,39,35-44,2024-12-17,Existing,GEO086,Inactive
CUST02918,Isha Gupta,Male,60,55+,2026-02-21,Existing,GEO114,Active
CUST02919,Neha Shetty,Male,57,55+,2025-03-31,Existing,GEO019,Inactive
CUST02920,Isha Rao,Female,47,45-54,2024-03-05,Existing,GEO063,Active
CUST02921,Diya Verma,Male,55,55+,2025-07-20,Existing,GEO088,Inactive
CUST02922,Diya Mehta,Female,36,35-44,2025-12-03,Existing,GEO052,Active
CUST02923,Diya Das,Male,24,18-24,2026-04-01,Existing,GEO015,Inactive
CUST02924,Isha Joshi,Male,49,45-54,2024-10-22,Existing,GEO027,Inactive
CUST02925,Priya Das,Male,57,55+,2025-01-24,New,GEO034,Active
CUST02926,Diya Patel,Male,40,35-44,2026-03-22,Existing,GEO113,Active
CUST02927,Vivaan Patel,Male,40,35-44,2024-05-01,Existing,GEO018,Inactive
CUST02928,Priya Joshi,Female,22,18-24,2025-02-13,New,GEO003,Active
CUST02929,Nisha Kumar,Female,37,35-44,2025-01-02,New,GEO001,Active
CUST02930,Priya Shetty,Female,22,18-24,2025-05-09,New,GEO080,Inactive
CUST02931,Kavya Singh,Male,36,35-44,2025-07-20,New,GEO002,Active
CUST02932,Vivaan Sharma,Female,48,45-54,2024-01-14,New,GEO006,Active
CUST02933,Riya Mishra,Female,44,35-44,2024-04-14,Existing,GEO083,Active
CUST02934,Priya Kumar,Female,21,18-24,2025-01-31,Existing,GEO099,Active
CUST02935,Isha Rao,Female,48,45-54,2025-03-18,New,GEO065,Inactive
CUST02936,Pooja Patel,Male,21,18-24,2025-06-27,Existing,GEO113,Active
CUST02937,Karan Singh,Male,21,18-24,2025-10-08,Existing,GEO114,Active
CUST02938,Priya Iyer,Male,23,18-24,2024-10-04,Existing,GEO017,Active
CUST02939,Ananya Singh,Female,45,45-54,2024-10-07,Existing,GEO105,Active
CUST02940,Sneha Patel,Female,30,25-34,2024-02-09,New,GEO015,Active
CUST02941,Pooja Patel,Female,42,35-44,2026-06-12,Existing,GEO120,Inactive
CUST02942,Rahul Kumar,Male,31,25-34,2026-05-25,New,GEO043,Active
CUST02943,Aarav Iyer,Female,33,25-34,2025-03-26,Existing,GEO040,Inactive
CUST02944,Priya Shetty,Female,44,35-44,2025-07-08,Existing,GEO048,Active
CUST02945,Rahul Kumar,Female,58,55+,2024-11-30,New,GEO069,Active
CUST02946,Aditya Patel,Male,40,35-44,2025-05-15,Existing,GEO043,Active
CUST02947,Diya Sharma,Male,33,25-34,2024-06-19,New,GEO095,Active
CUST02948,Rahul Kumar,Male,45,45-54,2025-11-05,New,GEO119,Inactive
CUST02949,Isha Verma,Male,35,35-44,2025-10-10,New,GEO055,Active
CUST02950,Kavya Joshi,Male,54,45-54,2025-09-24,Existing,GEO092,Active
CUST02951,Rahul Rao,Female,55,55+,2024-06-24,Existing,GEO022,Active
CUST02952,Sneha Kumar,Female,28,25-34,2024-04-13,Existing,GEO063,Active
CUST02953,Aditya Sharma,Male,59,55+,2025-04-04,Existing,GEO118,Active
CUST02954,Priya Rao,Male,53,45-54,2025-01-06,New,GEO034,Inactive
CUST02955,Pooja Reddy,Female,49,45-54,2024-10-02,Existing,GEO082,Active
CUST02956,Isha Mehta,Male,42,35-44,2024-10-31,Existing,GEO015,Inactive
CUST02957,Priya Gupta,Female,27,25-34,2025-08-17,Existing,GEO026,Active
CUST02958,Ananya Reddy,Male,38,35-44,2024-02-07,Existing,GEO066,Active
CUST02959,Nisha Reddy,Male,34,25-34,2024-05-07,Existing,GEO011,Active
CUST02960,Nisha Mishra,Male,32,25-34,2026-04-25,New,GEO055,Active
CUST02961,Aditi Mishra,Female,52,45-54,2025-06-02,New,GEO104,Active
CUST02962,Aditi Verma,Male,42,35-44,2025-05-06,New,GEO002,Active
CUST02963,Ananya Shetty,Female,55,55+,2024-07-07,New,GEO041,Active
CUST02964,Priya Singh,Female,27,25-34,2025-12-09,Existing,GEO107,Active
CUST02965,Nisha Sharma,Male,40,35-44,2025-05-09,New,GEO066,Active
CUST02966,Pooja Reddy,Female,42,35-44,2025-12-03,Existing,GEO036,Inactive
CUST02967,Pooja Verma,Male,51,45-54,2026-01-22,Existing,GEO120,Active
CUST02968,Aditya Iyer,Female,57,55+,2025-08-25,New,GEO027,Inactive
CUST02969,Meera Iyer,Female,28,25-34,2025-01-20,Existing,GEO007,Active
CUST02970,Aditi Rao,Male,22,18-24,2024-02-19,Existing,GEO062,Active
CUST02971,Vikram Mehta,Male,56,55+,2025-06-28,Existing,GEO021,Active
CUST02972,Nisha Iyer,Female,25,25-34,2025-11-10,Existing,GEO022,Active
CUST02973,Nisha Das,Female,44,35-44,2026-01-23,Existing,GEO080,Inactive
CUST02974,Rahul Joshi,Female,57,55+,2025-03-24,Existing,GEO106,Inactive
CUST02975,Nisha Patel,Female,41,35-44,2026-02-11,New,GEO108,Active
CUST02976,Isha Gupta,Male,31,25-34,2024-03-14,Existing,GEO094,Active
CUST02977,Aditi Reddy,Female,28,25-34,2025-06-25,Existing,GEO116,Active
CUST02978,Riya Joshi,Male,49,45-54,2024-12-02,Existing,GEO118,Active
CUST02979,Neha Das,Male,41,35-44,2026-03-19,New,GEO055,Inactive
CUST02980,Arjun Kumar,Female,30,25-34,2025-06-19,New,GEO093,Active
CUST02981,Nisha Joshi,Male,60,55+,2024-08-02,Existing,GEO097,Inactive
CUST02982,Aditya Rao,Male,54,45-54,2026-03-04,New,GEO079,Inactive
CUST02983,Ananya Rao,Male,54,45-54,2024-10-08,New,GEO114,Active
CUST02984,Arjun Verma,Male,59,55+,2026-05-03,Existing,GEO074,Active
CUST02985,Aditi Mehta,Female,43,35-44,2024-05-31,Existing,GEO119,Inactive
CUST02986,Kavya Kumar,Male,57,55+,2024-08-14,Existing,GEO096,Active
CUST02987,Ananya Reddy,Male,49,45-54,2026-02-26,New,GEO087,Inactive
CUST02988,Riya Reddy,Male,21,18-24,2024-05-04,New,GEO002,Active
CUST02989,Riya Verma,Male,54,45-54,2026-05-23,Existing,GEO018,Active
CUST02990,Meera Sharma,Male,42,35-44,2024-09-06,New,GEO089,Active
CUST02991,Nisha Gupta,Male,54,45-54,2026-05-26,New,GEO006,Active
CUST02992,Rohan Iyer,Male,40,35-44,2026-06-19,New,GEO092,Inactive
CUST02993,Ananya Mishra,Female,33,25-34,2024-03-12,Existing,GEO027,Inactive
CUST02994,Aditya Reddy,Male,45,45-54,2025-03-26,Existing,GEO066,Inactive
CUST02995,Kavya Reddy,Male,56,55+,2024-08-02,New,GEO091,Active
CUST02996,Ananya Mehta,Female,60,55+,2025-07-11,Existing,GEO012,Active
CUST02997,Vikram Kumar,Female,60,55+,2025-04-06,Existing,GEO111,Inactive
CUST02998,Pooja Rao,Male,44,35-44,2025-08-21,New,GEO046,Active
CUST02999,Priya Reddy,Male,27,25-34,2025-01-23,Existing,GEO087,Active
CUST03000,Pooja Patel,Male,28,25-34,2025-04-27,Existing,GEO004,Active
CUST03001,Sneha Singh,Female,54,45-54,2026-02-23,New,GEO044,Active
CUST03002,Aditya Singh,Male,38,35-44,2025-06-17,Existing,GEO033,Active
CUST03003,Arjun Rao,Male,46,45-54,2024-02-05,Existing,GEO042,Active
CUST03004,Neha Sharma,Female,41,35-44,2025-02-23,Existing,GEO016,Active
CUST03005,Pooja Reddy,Male,32,25-34,2024-05-18,New,GEO034,Active
CUST03006,Meera Patel,Female,51,45-54,2024-08-01,New,GEO034,Active
CUST03007,Nisha Das,Female,37,35-44,2024-04-28,New,GEO076,Active
CUST03008,Meera Rao,Male,33,25-34,2025-08-12,New,GEO054,Inactive
CUST03009,Diya Shetty,Female,45,45-54,2025-12-12,New,GEO073,Active
CUST03010,Nisha Verma,Female,31,25-34,2025-09-20,Existing,GEO112,Active
CUST03011,Vikram Mehta,Male,42,35-44,2026-05-26,Existing,GEO069,Inactive
CUST03012,Isha Iyer,Female,28,25-34,2024-05-06,New,GEO003,Inactive
CUST03013,Arjun Das,Male,55,55+,2026-03-18,Existing,GEO108,Active
CUST03014,Karan Rao,Male,22,18-24,2024-11-08,New,GEO065,Inactive
CUST03015,Kavya Joshi,Female,33,25-34,2025-03-29,New,GEO094,Active
CUST03016,Pooja Verma,Female,33,25-34,2024-10-17,New,GEO107,Active
CUST03017,Aarav Rao,Male,26,25-34,2026-01-04,New,GEO080,Active
CUST03018,Meera Sharma,Male,42,35-44,2025-06-08,New,GEO070,Active
CUST03019,Neha Das,Male,45,45-54,2024-12-23,New,GEO006,Active
CUST03020,Vikram Mishra,Male,24,18-24,2026-06-02,New,GEO079,Active
CUST03021,Rohan Sharma,Female,42,35-44,2025-04-17,Existing,GEO098,Active
CUST03022,Pooja Gupta,Male,24,18-24,2024-02-27,Existing,GEO013,Active
CUST03023,Vikram Mehta,Female,30,25-34,2025-01-15,New,GEO008,Inactive
CUST03024,Rohan Patel,Female,59,55+,2024-04-11,Existing,GEO070,Inactive
CUST03025,Sneha Iyer,Female,21,18-24,2024-06-03,Existing,GEO027,Active
CUST03026,Pooja Mehta,Female,31,25-34,2024-03-21,Existing,GEO102,Active
CUST03027,Neha Mehta,Female,31,25-34,2024-01-15,New,GEO023,Inactive
CUST03028,Diya Sharma,Male,26,25-34,2025-06-30,New,GEO025,Active
CUST03029,Sneha Reddy,Female,44,35-44,2024-04-11,New,GEO061,Active
CUST03030,Rahul Sharma,Female,29,25-34,2025-04-04,New,GEO100,Active
CUST03031,Vikram Singh,Female,22,18-24,2026-03-09,Existing,GEO093,Active
CUST03032,Meera Joshi,Female,24,18-24,2024-07-20,New,GEO002,Active
CUST03033,Ananya Sharma,Female,49,45-54,2025-09-11,New,GEO013,Inactive
CUST03034,Riya Sharma,Male,35,35-44,2024-12-07,New,GEO103,Inactive
CUST03035,Karan Das,Female,33,25-34,2024-04-01,New,GEO084,Inactive
CUST03036,Arjun Reddy,Male,30,25-34,2024-04-05,Existing,GEO073,Active
CUST03037,Sneha Verma,Female,52,45-54,2024-03-18,New,GEO024,Active
CUST03038,Neha Gupta,Female,21,18-24,2024-11-19,Existing,GEO102,Active
CUST03039,Rahul Joshi,Male,51,45-54,2025-08-06,New,GEO061,Active
CUST03040,Vikram Singh,Female,49,45-54,2024-11-09,New,GEO019,Active
CUST03041,Rohan Patel,Female,39,35-44,2026-05-27,Existing,GEO019,Active
CUST03042,Ananya Patel,Male,45,45-54,2024-05-27,New,GEO117,Active
CUST03043,Aarav Rao,Male,25,25-34,2026-01-20,Existing,GEO040,Inactive
CUST03044,Diya Sharma,Male,50,45-54,2025-01-19,New,GEO087,Active
CUST03045,Arjun Reddy,Female,46,45-54,2024-11-19,New,GEO061,Inactive
CUST03046,Priya Gupta,Female,25,25-34,2025-09-09,New,GEO087,Active
CUST03047,Kavya Rao,Female,37,35-44,2026-04-27,Existing,GEO015,Inactive
CUST03048,Arjun Rao,Male,22,18-24,2024-04-18,New,GEO041,Active
CUST03049,Sneha Das,Female,30,25-34,2025-07-07,Existing,GEO094,Inactive
CUST03050,Meera Das,Female,36,35-44,2025-07-23,Existing,GEO017,Active
CUST03051,Aarav Joshi,Female,49,45-54,2024-03-01,Existing,GEO040,Inactive
CUST03052,Vikram Verma,Male,36,35-44,2025-06-07,New,GEO073,Active
CUST03053,Priya Rao,Male,56,55+,2025-05-17,New,GEO011,Inactive
CUST03054,Sneha Rao,Male,39,35-44,2024-02-21,New,GEO051,Active
CUST03055,Neha Joshi,Female,32,25-34,2024-08-23,Existing,GEO066,Inactive
CUST03056,Nisha Patel,Female,37,35-44,2024-02-10,New,GEO029,Inactive
CUST03057,Rahul Patel,Female,40,35-44,2025-03-18,New,GEO022,Active
CUST03058,Pooja Shetty,Male,30,25-34,2026-01-31,New,GEO111,Active
CUST03059,Karan Das,Female,42,35-44,2024-01-02,New,GEO001,Active
CUST03060,Nisha Singh,Male,21,18-24,2025-07-15,New,GEO102,Active
CUST03061,Riya Kumar,Female,45,45-54,2024-09-02,New,GEO001,Active
CUST03062,Sneha Das,Female,27,25-34,2024-05-01,New,GEO003,Active
CUST03063,Vikram Patel,Male,44,35-44,2026-04-20,Existing,GEO026,Inactive
CUST03064,Diya Sharma,Female,57,55+,2026-01-27,Existing,GEO002,Active
CUST03065,Aditi Singh,Male,39,35-44,2026-05-25,Existing,GEO034,Inactive
CUST03066,Aarav Mishra,Male,35,35-44,2024-02-21,Existing,GEO088,Active
CUST03067,Arjun Gupta,Female,35,35-44,2024-05-01,New,GEO058,Active
CUST03068,Aditya Shetty,Male,26,25-34,2024-11-21,Existing,GEO089,Active
CUST03069,Riya Das,Male,41,35-44,2026-02-16,Existing,GEO020,Active
CUST03070,Aarav Kumar,Female,32,25-34,2026-04-04,Existing,GEO027,Active
CUST03071,Meera Sharma,Female,35,35-44,2025-02-26,Existing,GEO042,Inactive
CUST03072,Riya Mishra,Female,56,55+,2024-10-17,Existing,GEO111,Inactive
CUST03073,Vivaan Kumar,Female,47,45-54,2024-05-31,New,GEO071,Active
CUST03074,Rohan Gupta,Male,37,35-44,2026-04-09,New,GEO089,Active
CUST03075,Isha Rao,Male,28,25-34,2025-06-09,Existing,GEO001,Active
CUST03076,Nisha Nair,Male,45,45-54,2024-02-04,New,GEO064,Active
CUST03077,Vikram Das,Male,40,35-44,2025-04-23,Existing,GEO082,Active
CUST03078,Vikram Nair,Female,46,45-54,2024-06-12,Existing,GEO003,Active
CUST03079,Diya Kumar,Male,38,35-44,2024-06-12,New,GEO071,Active
CUST03080,Meera Kumar,Male,26,25-34,2025-12-04,New,GEO101,Active
CUST03081,Sneha Kumar,Male,42,35-44,2024-10-20,New,GEO008,Inactive
CUST03082,Vivaan Iyer,Male,58,55+,2024-08-12,Existing,GEO053,Active
CUST03083,Aditi Reddy,Male,23,18-24,2024-05-10,New,GEO059,Active
CUST03084,Rahul Reddy,Male,21,18-24,2026-01-10,New,GEO073,Inactive
CUST03085,Rohan Sharma,Female,24,18-24,2024-04-01,Existing,GEO069,Active
CUST03086,Meera Singh,Female,20,18-24,2026-01-23,Existing,GEO029,Active
CUST03087,Vivaan Mishra,Female,39,35-44,2026-01-12,Existing,GEO084,Active
CUST03088,Vikram Mehta,Female,29,25-34,2025-03-05,Existing,GEO050,Active
CUST03089,Vikram Sharma,Male,26,25-34,2024-12-06,Existing,GEO064,Active
CUST03090,Rohan Iyer,Female,39,35-44,2026-05-15,New,GEO045,Inactive
CUST03091,Aditi Patel,Female,25,25-34,2025-02-23,New,GEO121,Active
CUST03092,Isha Shetty,Male,26,25-34,2026-04-25,New,GEO051,Inactive
CUST03093,Meera Gupta,Female,20,18-24,2026-05-17,Existing,GEO120,Active
CUST03094,Rohan Iyer,Male,45,45-54,2026-05-26,New,GEO119,Inactive
CUST03095,Neha Das,Female,46,45-54,2025-06-06,Existing,GEO061,Inactive
CUST03096,Vivaan Shetty,Male,25,25-34,2025-08-15,New,GEO047,Active
CUST03097,Nisha Iyer,Female,22,18-24,2024-04-21,Existing,GEO039,Active
CUST03098,Neha Das,Male,28,25-34,2024-11-16,New,GEO040,Active
CUST03099,Sneha Joshi,Female,39,35-44,2026-06-18,New,GEO015,Active
CUST03100,Meera Mehta,Female,25,25-34,2026-03-20,Existing,GEO078,Active
CUST03101,Riya Das,Female,30,25-34,2024-09-19,New,GEO003,Inactive
CUST03102,Aditya Das,Female,37,35-44,2025-10-20,New,GEO013,Inactive
CUST03103,Rohan Verma,Male,32,25-34,2025-06-27,New,GEO001,Inactive
CUST03104,Ananya Shetty,Female,34,25-34,2024-08-18,Existing,GEO065,Active
CUST03105,Meera Joshi,Female,24,18-24,2025-08-23,New,GEO052,Inactive
CUST03106,Arjun Mehta,Male,36,35-44,2024-12-21,New,GEO006,Active
CUST03107,Kavya Iyer,Male,25,25-34,2026-04-14,New,GEO085,Active
CUST03108,Aarav Kumar,Male,25,25-34,2024-09-10,Existing,GEO007,Active
CUST03109,Vikram Verma,Female,59,55+,2024-01-05,New,GEO013,Inactive
CUST03110,Rahul Sharma,Male,23,18-24,2024-07-26,New,GEO014,Inactive
CUST03111,Aditya Das,Male,55,55+,2024-03-23,Existing,GEO005,Active
CUST03112,Arjun Reddy,Female,33,25-34,2025-05-01,New,GEO097,Inactive
CUST03113,Aditi Singh,Female,26,25-34,2026-02-19,New,GEO100,Active
CUST03114,Kavya Shetty,Female,60,55+,2024-06-08,New,GEO093,Active
CUST03115,Isha Mehta,Female,26,25-34,2026-05-15,Existing,GEO112,Active
CUST03116,Karan Verma,Male,20,18-24,2024-03-19,Existing,GEO029,Active
CUST03117,Arjun Sharma,Male,53,45-54,2025-12-24,Existing,GEO119,Active
CUST03118,Aarav Verma,Female,55,55+,2025-06-19,New,GEO100,Inactive
CUST03119,Vikram Verma,Male,58,55+,2026-01-02,New,GEO054,Active
CUST03120,Nisha Kumar,Male,47,45-54,2025-07-19,Existing,GEO107,Active
CUST03121,Diya Mishra,Male,28,25-34,2025-11-24,Existing,GEO033,Inactive
CUST03122,Karan Verma,Male,51,45-54,2025-07-02,Existing,GEO108,Active
CUST03123,Meera Joshi,Female,22,18-24,2026-06-18,New,GEO116,Active
CUST03124,Aarav Shetty,Female,31,25-34,2025-07-14,Existing,GEO101,Active
CUST03125,Rahul Shetty,Male,49,45-54,2024-01-16,Existing,GEO086,Active
CUST03126,Sneha Patel,Male,32,25-34,2024-08-06,New,GEO106,Active
CUST03127,Sneha Rao,Male,45,45-54,2026-03-19,Existing,GEO071,Active
CUST03128,Pooja Sharma,Female,49,45-54,2025-02-11,Existing,GEO103,Inactive
CUST03129,Diya Gupta,Male,42,35-44,2025-03-23,New,GEO032,Active
CUST03130,Vivaan Gupta,Male,29,25-34,2024-11-25,New,GEO108,Inactive
CUST03131,Aditya Sharma,Male,39,35-44,2025-02-01,Existing,GEO119,Active
CUST03132,Vivaan Mehta,Male,33,25-34,2025-01-07,Existing,GEO115,Active
CUST03133,Arjun Rao,Male,38,35-44,2025-12-20,New,GEO074,Active
CUST03134,Aditya Reddy,Female,38,35-44,2025-05-30,New,GEO002,Active
CUST03135,Aditya Mehta,Female,26,25-34,2025-09-07,New,GEO041,Active
CUST03136,Kavya Mishra,Male,22,18-24,2024-04-13,New,GEO049,Inactive
CUST03137,Priya Singh,Female,43,35-44,2025-12-16,New,GEO030,Active
CUST03138,Aditya Kumar,Female,34,25-34,2025-07-17,New,GEO042,Active
CUST03139,Meera Iyer,Female,27,25-34,2025-05-25,New,GEO063,Inactive
CUST03140,Vikram Joshi,Female,27,25-34,2025-04-28,Existing,GEO042,Active
CUST03141,Pooja Nair,Male,28,25-34,2025-04-04,New,GEO018,Active
CUST03142,Riya Verma,Female,57,55+,2026-02-22,New,GEO044,Active
CUST03143,Vivaan Das,Male,36,35-44,2025-01-20,Existing,GEO021,Active
CUST03144,Priya Das,Male,44,35-44,2024-06-06,Existing,GEO056,Active
CUST03145,Isha Verma,Female,37,35-44,2026-03-02,New,GEO005,Active
CUST03146,Aarav Verma,Female,24,18-24,2024-04-14,New,GEO008,Inactive
CUST03147,Neha Das,Female,27,25-34,2025-01-28,Existing,GEO069,Active
CUST03148,Arjun Verma,Male,50,45-54,2024-08-09,Existing,GEO040,Active
CUST03149,Rahul Mishra,Male,53,45-54,2026-03-05,Existing,GEO038,Active
CUST03150,Isha Shetty,Female,39,35-44,2025-12-23,New,GEO050,Active
CUST03151,Neha Das,Male,30,25-34,2024-12-06,Existing,GEO088,Inactive
CUST03152,Aditi Joshi,Female,29,25-34,2024-07-09,Existing,GEO006,Inactive
CUST03153,Rohan Sharma,Female,46,45-54,2024-09-13,Existing,GEO084,Inactive
CUST03154,Aditya Mehta,Male,33,25-34,2025-05-04,New,GEO121,Active
CUST03155,Meera Gupta,Female,33,25-34,2025-05-02,New,GEO046,Active
CUST03156,Nisha Mehta,Female,33,25-34,2026-01-09,Existing,GEO078,Active
CUST03157,Neha Joshi,Male,46,45-54,2026-03-27,Existing,GEO076,Active
CUST03158,Ananya Das,Male,31,25-34,2025-12-11,Existing,GEO100,Active
CUST03159,Aarav Shetty,Male,36,35-44,2024-12-21,New,GEO061,Active
CUST03160,Aditya Mishra,Female,56,55+,2026-01-30,Existing,GEO077,Inactive
CUST03161,Aarav Nair,Female,47,45-54,2026-03-06,New,GEO088,Active
CUST03162,Pooja Joshi,Female,46,45-54,2024-02-29,Existing,GEO064,Active
CUST03163,Meera Mehta,Female,42,35-44,2024-06-11,New,GEO076,Active
CUST03164,Rahul Verma,Female,35,35-44,2024-05-30,New,GEO111,Inactive
CUST03165,Karan Patel,Female,28,25-34,2026-01-16,New,GEO091,Active
CUST03166,Arjun Kumar,Male,31,25-34,2025-05-08,New,GEO107,Inactive
CUST03167,Diya Kumar,Female,43,35-44,2025-03-12,Existing,GEO014,Inactive
CUST03168,Priya Patel,Male,30,25-34,2026-03-09,Existing,GEO015,Active
CUST03169,Aditi Reddy,Female,37,35-44,2025-08-13,New,GEO048,Active
CUST03170,Aarav Reddy,Female,26,25-34,2025-08-15,New,GEO024,Active
CUST03171,Aditi Sharma,Female,31,25-34,2025-08-05,New,GEO114,Active
CUST03172,Pooja Mehta,Female,31,25-34,2024-10-02,New,GEO008,Inactive
CUST03173,Aditya Verma,Male,54,45-54,2026-06-08,Existing,GEO114,Active
CUST03174,Karan Verma,Male,33,25-34,2025-02-13,New,GEO114,Active
CUST03175,Riya Reddy,Male,20,18-24,2024-10-25,New,GEO024,Inactive
CUST03176,Neha Singh,Male,49,45-54,2024-09-16,New,GEO110,Active
CUST03177,Neha Das,Male,48,45-54,2025-07-30,Existing,GEO056,Active
CUST03178,Vikram Rao,Male,55,55+,2025-07-06,New,GEO095,Inactive
CUST03179,Rahul Mishra,Female,40,35-44,2024-03-03,Existing,GEO079,Active
CUST03180,Diya Reddy,Male,26,25-34,2026-01-25,New,GEO060,Active
CUST03181,Aditya Patel,Male,51,45-54,2025-07-07,New,GEO106,Inactive
CUST03182,Vivaan Iyer,Female,34,25-34,2025-10-29,Existing,GEO008,Active
CUST03183,Sneha Shetty,Female,47,45-54,2025-04-08,Existing,GEO106,Active
CUST03184,Priya Nair,Male,49,45-54,2025-07-20,New,GEO076,Inactive
CUST03185,Isha Gupta,Female,36,35-44,2024-01-24,New,GEO065,Inactive
CUST03186,Pooja Nair,Male,39,35-44,2025-03-04,Existing,GEO109,Active
CUST03187,Aarav Shetty,Male,30,25-34,2025-07-12,New,GEO073,Active
CUST03188,Rahul Das,Male,58,55+,2024-06-18,New,GEO116,Active
CUST03189,Vivaan Iyer,Male,39,35-44,2025-09-26,Existing,GEO070,Active
CUST03190,Rahul Nair,Male,57,55+,2024-06-26,New,GEO032,Active
CUST03191,Vikram Nair,Male,31,25-34,2024-06-20,New,GEO006,Active
CUST03192,Vivaan Kumar,Female,43,35-44,2024-12-18,New,GEO044,Active
CUST03193,Sneha Rao,Male,41,35-44,2024-08-19,Existing,GEO089,Active
CUST03194,Vikram Reddy,Male,59,55+,2026-02-12,New,GEO038,Active
CUST03195,Meera Patel,Male,45,45-54,2025-08-29,New,GEO104,Active
CUST03196,Rohan Mehta,Male,42,35-44,2024-05-05,Existing,GEO097,Active
CUST03197,Riya Sharma,Male,25,25-34,2026-06-19,Existing,GEO100,Active
CUST03198,Diya Rao,Female,58,55+,2024-11-16,New,GEO008,Active
CUST03199,Sneha Reddy,Male,29,25-34,2025-05-23,New,GEO062,Inactive
CUST03200,Rahul Kumar,Female,39,35-44,2024-10-11,New,GEO050,Active
CUST03201,Aditya Rao,Female,58,55+,2025-10-18,New,GEO116,Inactive
CUST03202,Rohan Patel,Male,41,35-44,2025-08-23,Existing,GEO058,Active
CUST03203,Kavya Reddy,Male,34,25-34,2025-05-08,Existing,GEO017,Inactive
CUST03204,Rohan Shetty,Female,37,35-44,2024-11-22,Existing,GEO033,Inactive
CUST03205,Aarav Mishra,Male,26,25-34,2025-12-19,Existing,GEO016,Inactive
CUST03206,Riya Rao,Male,34,25-34,2024-01-05,New,GEO085,Active
CUST03207,Vivaan Reddy,Male,40,35-44,2024-10-03,New,GEO091,Active
CUST03208,Vikram Mehta,Female,24,18-24,2025-12-08,Existing,GEO046,Active
CUST03209,Karan Gupta,Male,40,35-44,2024-10-04,New,GEO013,Active
CUST03210,Vivaan Joshi,Male,39,35-44,2025-11-13,Existing,GEO063,Inactive
CUST03211,Isha Rao,Male,60,55+,2024-09-24,New,GEO048,Active
CUST03212,Nisha Joshi,Male,28,25-34,2024-04-05,New,GEO091,Active
CUST03213,Aditi Das,Female,60,55+,2025-12-18,New,GEO076,Active
CUST03214,Aditi Verma,Female,20,18-24,2026-03-01,Existing,GEO006,Inactive
CUST03215,Riya Reddy,Female,51,45-54,2026-04-29,New,GEO113,Active
CUST03216,Arjun Nair,Female,30,25-34,2024-12-28,New,GEO022,Active
CUST03217,Neha Sharma,Female,49,45-54,2025-03-19,Existing,GEO082,Active
CUST03218,Aditi Patel,Male,53,45-54,2026-04-29,Existing,GEO090,Inactive
CUST03219,Rahul Sharma,Male,50,45-54,2025-02-18,Existing,GEO051,Inactive
CUST03220,Priya Mishra,Male,28,25-34,2025-01-06,New,GEO111,Active
CUST03221,Riya Singh,Male,43,35-44,2026-03-15,New,GEO072,Active
CUST03222,Kavya Sharma,Male,31,25-34,2026-06-09,New,GEO069,Active
CUST03223,Priya Verma,Female,42,35-44,2024-06-21,New,GEO071,Inactive
CUST03224,Aarav Kumar,Female,32,25-34,2024-07-03,New,GEO102,Active
CUST03225,Priya Rao,Female,35,35-44,2024-03-30,New,GEO077,Active
CUST03226,Rahul Mehta,Female,20,18-24,2025-02-07,Existing,GEO006,Active
CUST03227,Neha Mishra,Female,46,45-54,2024-01-01,Existing,GEO106,Active
CUST03228,Karan Patel,Female,57,55+,2025-03-16,New,GEO062,Active
CUST03229,Vikram Rao,Male,22,18-24,2026-01-04,New,GEO007,Active
CUST03230,Kavya Das,Male,56,55+,2024-09-08,New,GEO069,Active
CUST03231,Isha Kumar,Male,28,25-34,2024-11-01,New,GEO076,Active
CUST03232,Vivaan Singh,Male,44,35-44,2025-12-12,New,GEO120,Active
CUST03233,Vivaan Nair,Female,49,45-54,2025-11-05,Existing,GEO036,Inactive
CUST03234,Vivaan Verma,Female,27,25-34,2026-04-30,Existing,GEO112,Active
CUST03235,Nisha Gupta,Female,45,45-54,2024-08-11,Existing,GEO002,Active
CUST03236,Isha Patel,Female,56,55+,2024-08-21,New,GEO035,Inactive
CUST03237,Meera Shetty,Female,25,25-34,2026-04-25,New,GEO110,Active
CUST03238,Karan Das,Male,27,25-34,2026-06-07,Existing,GEO015,Active
CUST03239,Aditya Singh,Female,59,55+,2024-10-16,Existing,GEO018,Active
CUST03240,Neha Mishra,Female,26,25-34,2024-12-23,Existing,GEO015,Active
CUST03241,Pooja Shetty,Male,49,45-54,2025-04-20,Existing,GEO067,Active
CUST03242,Vivaan Singh,Female,50,45-54,2026-02-09,New,GEO102,Active
CUST03243,Diya Sharma,Female,58,55+,2024-07-03,Existing,GEO113,Inactive
CUST03244,Ananya Kumar,Female,24,18-24,2024-12-01,Existing,GEO003,Active
CUST03245,Priya Gupta,Male,51,45-54,2024-06-25,New,GEO006,Active
CUST03246,Priya Iyer,Male,38,35-44,2025-03-31,Existing,GEO010,Inactive
CUST03247,Kavya Singh,Male,30,25-34,2024-10-02,Existing,GEO102,Active
CUST03248,Neha Verma,Female,52,45-54,2025-08-09,New,GEO022,Active
CUST03249,Vikram Singh,Female,38,35-44,2026-02-02,New,GEO054,Active
CUST03250,Karan Joshi,Female,37,35-44,2024-06-26,Existing,GEO094,Active
CUST03251,Diya Nair,Male,24,18-24,2024-01-04,New,GEO065,Active
CUST03252,Neha Patel,Female,60,55+,2025-05-08,New,GEO051,Active
CUST03253,Riya Rao,Female,35,35-44,2026-03-09,New,GEO107,Active
CUST03254,Aditi Kumar,Male,57,55+,2025-05-03,Existing,GEO087,Inactive
CUST03255,Meera Gupta,Female,23,18-24,2025-05-15,New,GEO038,Active
CUST03256,Karan Verma,Female,49,45-54,2024-10-09,New,GEO051,Inactive
CUST03257,Kavya Mishra,Female,25,25-34,2026-05-13,Existing,GEO033,Inactive
CUST03258,Sneha Das,Male,49,45-54,2025-11-26,New,GEO052,Active
CUST03259,Aditya Joshi,Female,43,35-44,2025-12-11,Existing,GEO105,Active
CUST03260,Pooja Mishra,Male,23,18-24,2025-04-08,New,GEO074,Active
CUST03261,Vivaan Gupta,Female,20,18-24,2024-12-08,Existing,GEO084,Inactive
CUST03262,Kavya Singh,Female,21,18-24,2024-08-29,Existing,GEO005,Active
CUST03263,Vikram Verma,Male,22,18-24,2025-12-23,Existing,GEO118,Inactive
CUST03264,Aarav Singh,Male,57,55+,2024-08-04,Existing,GEO083,Inactive
CUST03265,Sneha Verma,Male,33,25-34,2026-04-17,New,GEO071,Active
CUST03266,Meera Mishra,Male,31,25-34,2025-03-06,Existing,GEO117,Active
CUST03267,Nisha Verma,Male,25,25-34,2026-02-28,Existing,GEO043,Active
CUST03268,Diya Das,Female,52,45-54,2025-11-23,New,GEO050,Inactive
CUST03269,Priya Shetty,Female,33,25-34,2024-07-28,New,GEO090,Inactive
CUST03270,Ananya Das,Male,45,45-54,2026-01-29,Existing,GEO109,Active
CUST03271,Rohan Patel,Female,60,55+,2025-08-07,New,GEO089,Inactive
CUST03272,Aditi Singh,Female,23,18-24,2025-10-25,New,GEO070,Inactive
CUST03273,Sneha Reddy,Male,48,45-54,2025-02-20,New,GEO108,Active
CUST03274,Rahul Rao,Female,24,18-24,2026-02-20,New,GEO061,Active
CUST03275,Nisha Mehta,Male,57,55+,2026-02-24,New,GEO087,Active
CUST03276,Rohan Singh,Male,51,45-54,2025-07-29,Existing,GEO114,Active
CUST03277,Isha Gupta,Female,34,25-34,2024-04-02,New,GEO069,Inactive
CUST03278,Sneha Rao,Female,39,35-44,2024-06-24,Existing,GEO021,Active
CUST03279,Vikram Nair,Male,33,25-34,2024-03-30,Existing,GEO088,Active
CUST03280,Riya Rao,Female,27,25-34,2025-01-02,Existing,GEO058,Active
CUST03281,Diya Nair,Male,44,35-44,2024-03-06,Existing,GEO025,Active
CUST03282,Nisha Patel,Female,43,35-44,2025-09-13,Existing,GEO030,Active
CUST03283,Rohan Das,Male,35,35-44,2025-12-15,New,GEO060,Active
CUST03284,Aarav Singh,Female,46,45-54,2025-05-29,Existing,GEO083,Active
CUST03285,Nisha Rao,Male,34,25-34,2024-12-17,New,GEO014,Inactive
CUST03286,Nisha Kumar,Male,36,35-44,2026-05-20,Existing,GEO001,Active
CUST03287,Pooja Sharma,Male,48,45-54,2024-04-27,New,GEO053,Active
CUST03288,Vivaan Reddy,Female,22,18-24,2026-06-19,New,GEO066,Active
CUST03289,Rahul Singh,Male,53,45-54,2025-04-10,New,GEO068,Active
CUST03290,Rahul Shetty,Female,58,55+,2025-07-17,Existing,GEO107,Active
CUST03291,Aarav Shetty,Female,53,45-54,2026-02-09,New,GEO059,Active
CUST03292,Rahul Shetty,Female,53,45-54,2025-08-01,Existing,GEO081,Active
CUST03293,Aditi Sharma,Male,25,25-34,2025-03-05,Existing,GEO120,Active
CUST03294,Arjun Patel,Female,58,55+,2026-05-29,Existing,GEO052,Inactive
CUST03295,Vivaan Joshi,Male,28,25-34,2025-07-24,New,GEO108,Active
CUST03296,Vivaan Shetty,Male,35,35-44,2025-04-12,New,GEO119,Inactive
CUST03297,Neha Reddy,Female,32,25-34,2024-10-14,Existing,GEO103,Inactive
CUST03298,Neha Nair,Male,60,55+,2025-10-19,Existing,GEO116,Active
CUST03299,Priya Das,Male,25,25-34,2024-01-12,New,GEO039,Active
CUST03300,Diya Sharma,Male,43,35-44,2025-02-21,New,GEO121,Active
CUST03301,Vikram Sharma,Female,34,25-34,2025-01-07,New,GEO071,Active
CUST03302,Vivaan Reddy,Female,56,55+,2025-02-18,Existing,GEO084,Inactive
CUST03303,Priya Reddy,Male,20,18-24,2026-02-11,Existing,GEO041,Active
CUST03304,Kavya Reddy,Male,39,35-44,2024-12-26,Existing,GEO033,Active
CUST03305,Kavya Das,Female,54,45-54,2026-03-19,Existing,GEO087,Active
CUST03306,Neha Mehta,Female,35,35-44,2026-04-26,New,GEO016,Active
CUST03307,Vikram Joshi,Female,56,55+,2025-05-25,Existing,GEO036,Inactive
CUST03308,Rohan Reddy,Male,46,45-54,2024-07-21,Existing,GEO005,Inactive
CUST03309,Diya Joshi,Female,45,45-54,2025-09-10,Existing,GEO037,Active
CUST03310,Priya Rao,Female,28,25-34,2025-08-18,Existing,GEO117,Active
CUST03311,Rahul Rao,Male,28,25-34,2024-09-19,Existing,GEO024,Active
CUST03312,Sneha Singh,Male,46,45-54,2024-01-12,Existing,GEO010,Inactive
CUST03313,Karan Mishra,Female,56,55+,2024-06-30,Existing,GEO049,Active
CUST03314,Ananya Das,Male,57,55+,2024-08-08,Existing,GEO111,Inactive
CUST03315,Pooja Verma,Female,55,55+,2025-12-28,New,GEO048,Inactive
CUST03316,Vikram Iyer,Female,20,18-24,2024-05-04,New,GEO007,Active
CUST03317,Ananya Reddy,Male,58,55+,2024-04-07,New,GEO098,Active
CUST03318,Aarav Sharma,Male,29,25-34,2025-02-16,New,GEO115,Active
CUST03319,Isha Mishra,Female,38,35-44,2024-02-20,Existing,GEO019,Active
CUST03320,Vivaan Mehta,Male,39,35-44,2026-05-23,Existing,GEO094,Active
CUST03321,Aarav Reddy,Female,33,25-34,2024-05-01,Existing,GEO042,Active
CUST03322,Vivaan Rao,Female,60,55+,2024-05-15,Existing,GEO083,Active
CUST03323,Rohan Iyer,Female,44,35-44,2024-06-12,New,GEO043,Active
CUST03324,Ananya Mehta,Male,23,18-24,2024-08-27,New,GEO004,Inactive
CUST03325,Arjun Rao,Female,47,45-54,2025-09-15,Existing,GEO072,Inactive
CUST03326,Kavya Singh,Male,28,25-34,2025-10-26,New,GEO113,Active
CUST03327,Kavya Reddy,Female,25,25-34,2025-11-05,New,GEO058,Inactive
CUST03328,Meera Rao,Male,46,45-54,2025-06-22,Existing,GEO062,Active
CUST03329,Vikram Das,Male,38,35-44,2024-11-13,Existing,GEO063,Active
CUST03330,Vikram Kumar,Male,27,25-34,2024-11-21,New,GEO062,Active
CUST03331,Vivaan Verma,Male,45,45-54,2024-01-14,Existing,GEO064,Active
CUST03332,Kavya Sharma,Male,30,25-34,2025-05-23,New,GEO054,Active
CUST03333,Rohan Gupta,Male,56,55+,2024-02-16,Existing,GEO107,Active
CUST03334,Pooja Reddy,Male,57,55+,2025-06-12,New,GEO059,Active
CUST03335,Rahul Das,Female,32,25-34,2026-01-19,Existing,GEO110,Active
CUST03336,Aditi Rao,Female,37,35-44,2024-10-20,New,GEO100,Active
CUST03337,Isha Gupta,Female,51,45-54,2024-01-27,Existing,GEO111,Active
CUST03338,Aarav Gupta,Female,34,25-34,2024-03-08,Existing,GEO053,Active
CUST03339,Pooja Shetty,Male,24,18-24,2026-03-16,New,GEO118,Active
CUST03340,Vikram Shetty,Female,25,25-34,2025-12-12,New,GEO111,Active
CUST03341,Sneha Reddy,Female,25,25-34,2024-12-26,Existing,GEO005,Active
CUST03342,Aarav Nair,Female,55,55+,2025-06-05,Existing,GEO070,Active
CUST03343,Isha Iyer,Female,26,25-34,2026-05-05,Existing,GEO092,Inactive
CUST03344,Arjun Mishra,Male,43,35-44,2025-09-08,Existing,GEO007,Inactive
CUST03345,Priya Sharma,Male,50,45-54,2024-02-21,New,GEO115,Active
CUST03346,Arjun Joshi,Female,39,35-44,2024-11-15,Existing,GEO003,Active
CUST03347,Aditya Das,Male,58,55+,2024-07-01,New,GEO088,Active
CUST03348,Rahul Das,Female,57,55+,2025-02-07,New,GEO031,Active
CUST03349,Neha Shetty,Female,54,45-54,2025-12-01,New,GEO085,Inactive
CUST03350,Sneha Nair,Male,54,45-54,2024-06-04,New,GEO078,Active
CUST03351,Meera Gupta,Female,25,25-34,2024-10-16,New,GEO111,Active
CUST03352,Meera Patel,Female,35,35-44,2026-01-08,New,GEO008,Active
CUST03353,Neha Mehta,Female,58,55+,2024-11-03,New,GEO065,Active
CUST03354,Nisha Gupta,Female,47,45-54,2024-02-13,Existing,GEO006,Active
CUST03355,Diya Kumar,Male,22,18-24,2025-09-05,Existing,GEO111,Active
CUST03356,Rohan Das,Male,25,25-34,2024-07-23,Existing,GEO049,Active
CUST03357,Neha Joshi,Female,26,25-34,2025-07-04,Existing,GEO072,Active
CUST03358,Sneha Reddy,Male,41,35-44,2026-03-30,New,GEO085,Active
CUST03359,Priya Verma,Female,27,25-34,2024-02-03,New,GEO019,Active
CUST03360,Pooja Shetty,Male,40,35-44,2025-09-07,New,GEO061,Inactive
CUST03361,Neha Iyer,Female,37,35-44,2025-12-29,Existing,GEO093,Active
CUST03362,Karan Kumar,Male,54,45-54,2025-10-17,Existing,GEO097,Active
CUST03363,Aditya Mehta,Female,38,35-44,2026-02-02,Existing,GEO094,Active
CUST03364,Pooja Das,Female,56,55+,2025-03-07,Existing,GEO053,Active
CUST03365,Ananya Gupta,Male,46,45-54,2024-09-11,Existing,GEO119,Active
CUST03366,Rohan Gupta,Male,43,35-44,2024-01-14,Existing,GEO010,Active
CUST03367,Pooja Mehta,Male,21,18-24,2025-01-17,Existing,GEO001,Active
CUST03368,Ananya Mishra,Female,44,35-44,2024-02-19,New,GEO051,Active
CUST03369,Vikram Singh,Female,22,18-24,2025-02-09,New,GEO048,Active
CUST03370,Meera Iyer,Male,28,25-34,2025-10-24,New,GEO080,Active
CUST03371,Vivaan Rao,Male,20,18-24,2025-08-23,New,GEO022,Active
CUST03372,Kavya Patel,Male,35,35-44,2024-05-26,New,GEO078,Active
CUST03373,Karan Das,Male,41,35-44,2025-12-06,Existing,GEO097,Active
CUST03374,Diya Nair,Female,56,55+,2025-12-13,New,GEO110,Active
CUST03375,Vivaan Sharma,Male,56,55+,2025-02-05,Existing,GEO006,Active
CUST03376,Pooja Mishra,Female,49,45-54,2026-04-14,Existing,GEO085,Active
CUST03377,Riya Patel,Female,36,35-44,2025-10-07,New,GEO041,Active
CUST03378,Priya Mishra,Female,55,55+,2025-12-11,Existing,GEO029,Active
CUST03379,Aditi Kumar,Male,27,25-34,2025-10-07,Existing,GEO045,Active
CUST03380,Priya Das,Male,53,45-54,2024-10-17,Existing,GEO051,Inactive
CUST03381,Kavya Patel,Male,30,25-34,2025-09-03,New,GEO064,Inactive
CUST03382,Meera Singh,Female,23,18-24,2025-12-17,New,GEO031,Inactive
CUST03383,Rohan Iyer,Female,26,25-34,2026-05-10,Existing,GEO004,Inactive
CUST03384,Rohan Das,Female,20,18-24,2025-04-04,Existing,GEO116,Inactive
CUST03385,Kavya Das,Male,21,18-24,2024-07-20,New,GEO047,Active
CUST03386,Karan Shetty,Male,21,18-24,2025-01-18,New,GEO009,Inactive
CUST03387,Pooja Das,Male,34,25-34,2025-03-09,New,GEO041,Inactive
CUST03388,Isha Rao,Female,23,18-24,2025-06-23,New,GEO048,Active
CUST03389,Aditya Reddy,Female,31,25-34,2024-11-05,New,GEO076,Active
CUST03390,Neha Sharma,Female,39,35-44,2025-08-03,Existing,GEO034,Active
CUST03391,Ananya Gupta,Male,33,25-34,2025-11-27,Existing,GEO075,Active
CUST03392,Riya Mishra,Female,40,35-44,2024-05-06,New,GEO098,Inactive
CUST03393,Sneha Rao,Female,47,45-54,2026-05-17,New,GEO055,Active
CUST03394,Vikram Reddy,Male,44,35-44,2025-07-21,Existing,GEO092,Inactive
CUST03395,Aditi Sharma,Female,36,35-44,2025-02-09,Existing,GEO088,Inactive
CUST03396,Pooja Mehta,Male,23,18-24,2024-09-05,Existing,GEO103,Active
CUST03397,Aarav Das,Female,54,45-54,2024-09-07,New,GEO073,Active
CUST03398,Kavya Singh,Male,30,25-34,2025-09-09,Existing,GEO031,Active
CUST03399,Diya Gupta,Male,32,25-34,2025-12-07,Existing,GEO028,Active
CUST03400,Neha Sharma,Female,33,25-34,2024-10-23,New,GEO112,Active
CUST03401,Rahul Mehta,Male,40,35-44,2026-02-20,Existing,GEO120,Inactive
CUST03402,Rahul Verma,Male,44,35-44,2024-09-21,Existing,GEO118,Active
CUST03403,Aditi Mehta,Male,59,55+,2024-08-17,Existing,GEO084,Active
CUST03404,Rahul Sharma,Male,22,18-24,2024-09-01,New,GEO033,Active
CUST03405,Karan Reddy,Female,24,18-24,2025-09-23,New,GEO067,Active
CUST03406,Priya Verma,Male,38,35-44,2024-08-05,New,GEO078,Active
CUST03407,Pooja Nair,Male,58,55+,2026-03-29,Existing,GEO111,Active
CUST03408,Ananya Patel,Female,41,35-44,2025-12-07,Existing,GEO008,Inactive
CUST03409,Diya Rao,Female,40,35-44,2025-08-05,New,GEO026,Active
CUST03410,Sneha Das,Male,27,25-34,2024-01-04,Existing,GEO032,Active
CUST03411,Meera Shetty,Male,29,25-34,2026-03-03,New,GEO117,Active
CUST03412,Isha Reddy,Female,51,45-54,2025-04-23,New,GEO121,Active
CUST03413,Sneha Mishra,Male,46,45-54,2025-02-11,Existing,GEO094,Inactive
CUST03414,Karan Joshi,Female,21,18-24,2024-01-04,Existing,GEO007,Active
CUST03415,Diya Nair,Male,44,35-44,2024-12-09,New,GEO080,Active
CUST03416,Vivaan Shetty,Female,28,25-34,2024-03-27,Existing,GEO102,Active
CUST03417,Neha Sharma,Male,23,18-24,2025-05-22,Existing,GEO061,Active
CUST03418,Isha Singh,Male,52,45-54,2025-03-14,New,GEO048,Active
CUST03419,Vivaan Reddy,Male,47,45-54,2024-01-15,Existing,GEO025,Active
CUST03420,Neha Singh,Female,60,55+,2026-03-25,New,GEO037,Inactive
CUST03421,Pooja Shetty,Female,37,35-44,2025-09-01,New,GEO014,Active
CUST03422,Riya Mehta,Female,57,55+,2026-02-05,Existing,GEO108,Active
CUST03423,Riya Gupta,Female,36,35-44,2024-02-05,Existing,GEO105,Active
CUST03424,Karan Patel,Female,20,18-24,2025-09-03,Existing,GEO100,Inactive
CUST03425,Rohan Gupta,Male,38,35-44,2024-05-10,New,GEO076,Active
CUST03426,Arjun Patel,Male,44,35-44,2024-05-13,New,GEO085,Active
CUST03427,Ananya Reddy,Female,41,35-44,2025-07-29,Existing,GEO003,Active
CUST03428,Isha Singh,Male,24,18-24,2025-12-02,New,GEO018,Active
CUST03429,Priya Patel,Female,57,55+,2025-05-24,New,GEO044,Inactive
CUST03430,Nisha Das,Female,49,45-54,2024-03-06,New,GEO117,Active
CUST03431,Aditi Shetty,Female,33,25-34,2025-06-22,Existing,GEO008,Active
CUST03432,Sneha Joshi,Female,54,45-54,2024-03-10,New,GEO050,Active
CUST03433,Kavya Singh,Female,32,25-34,2025-08-12,Existing,GEO060,Active
CUST03434,Ananya Joshi,Male,45,45-54,2026-02-10,Existing,GEO088,Inactive
CUST03435,Sneha Reddy,Female,59,55+,2025-08-03,New,GEO001,Inactive
CUST03436,Arjun Sharma,Male,29,25-34,2025-02-08,New,GEO074,Active
CUST03437,Sneha Patel,Male,46,45-54,2025-01-28,New,GEO013,Inactive
CUST03438,Isha Shetty,Female,40,35-44,2024-11-22,Existing,GEO036,Active
CUST03439,Ananya Das,Female,51,45-54,2024-11-26,Existing,GEO114,Inactive
CUST03440,Neha Verma,Male,42,35-44,2024-06-25,Existing,GEO036,Active
CUST03441,Nisha Verma,Male,20,18-24,2025-01-30,Existing,GEO067,Inactive
CUST03442,Vivaan Nair,Male,53,45-54,2024-10-25,New,GEO054,Inactive
CUST03443,Arjun Patel,Female,42,35-44,2024-11-28,New,GEO115,Active
CUST03444,Nisha Rao,Female,39,35-44,2024-03-11,Existing,GEO120,Active
CUST03445,Karan Reddy,Male,20,18-24,2026-03-31,Existing,GEO117,Inactive
CUST03446,Ananya Mehta,Male,21,18-24,2026-05-06,Existing,GEO112,Active
CUST03447,Vikram Singh,Female,24,18-24,2024-01-21,New,GEO006,Active
CUST03448,Nisha Shetty,Male,37,35-44,2024-08-05,Existing,GEO008,Active
CUST03449,Vivaan Joshi,Female,22,18-24,2026-01-18,New,GEO004,Active
CUST03450,Riya Sharma,Male,24,18-24,2024-10-02,Existing,GEO082,Active
CUST03451,Pooja Mehta,Female,58,55+,2025-09-02,Existing,GEO018,Active
CUST03452,Neha Kumar,Male,41,35-44,2025-07-22,New,GEO047,Inactive
CUST03453,Aarav Iyer,Female,59,55+,2025-06-23,Existing,GEO118,Active
CUST03454,Sneha Das,Male,49,45-54,2024-12-28,Existing,GEO039,Active
CUST03455,Vikram Rao,Female,56,55+,2025-05-25,Existing,GEO087,Active
CUST03456,Meera Sharma,Male,41,35-44,2024-05-23,New,GEO092,Active
CUST03457,Vivaan Das,Male,37,35-44,2025-10-28,New,GEO012,Active
CUST03458,Nisha Iyer,Male,53,45-54,2024-12-06,New,GEO060,Active
CUST03459,Vikram Kumar,Male,39,35-44,2024-02-11,Existing,GEO086,Inactive
CUST03460,Meera Verma,Female,50,45-54,2025-06-29,Existing,GEO079,Active
CUST03461,Nisha Mishra,Female,27,25-34,2024-03-09,Existing,GEO095,Active
CUST03462,Aarav Joshi,Male,53,45-54,2024-07-25,New,GEO108,Active
CUST03463,Nisha Das,Female,53,45-54,2025-12-14,Existing,GEO014,Inactive
CUST03464,Vikram Patel,Male,30,25-34,2025-10-24,Existing,GEO004,Active
CUST03465,Diya Das,Female,55,55+,2026-01-03,Existing,GEO022,Inactive
CUST03466,Nisha Reddy,Female,46,45-54,2024-10-26,New,GEO109,Inactive
CUST03467,Sneha Patel,Male,32,25-34,2025-01-28,New,GEO085,Active
CUST03468,Nisha Mishra,Male,43,35-44,2026-04-11,New,GEO060,Active
CUST03469,Kavya Mehta,Male,38,35-44,2025-01-25,Existing,GEO073,Active
CUST03470,Rohan Reddy,Male,46,45-54,2025-03-06,New,GEO059,Active
CUST03471,Isha Rao,Female,34,25-34,2024-05-01,New,GEO020,Active
CUST03472,Riya Sharma,Female,34,25-34,2025-11-26,New,GEO091,Inactive
CUST03473,Aditi Shetty,Female,40,35-44,2026-06-12,Existing,GEO008,Active
CUST03474,Ananya Gupta,Female,49,45-54,2025-08-17,Existing,GEO010,Inactive
CUST03475,Ananya Reddy,Female,46,45-54,2024-11-17,New,GEO105,Active
CUST03476,Nisha Kumar,Male,48,45-54,2025-04-18,Existing,GEO075,Active
CUST03477,Vivaan Joshi,Female,40,35-44,2025-09-08,Existing,GEO048,Inactive
CUST03478,Aditi Reddy,Female,30,25-34,2026-04-26,Existing,GEO071,Inactive
CUST03479,Aarav Mehta,Male,46,45-54,2025-06-21,New,GEO003,Inactive
CUST03480,Vikram Rao,Male,45,45-54,2024-06-03,Existing,GEO088,Active
CUST03481,Diya Sharma,Male,31,25-34,2025-10-08,Existing,GEO095,Active
CUST03482,Riya Shetty,Male,55,55+,2024-06-07,Existing,GEO109,Active
CUST03483,Aarav Shetty,Male,52,45-54,2026-04-15,Existing,GEO001,Inactive
CUST03484,Arjun Sharma,Male,44,35-44,2026-06-13,Existing,GEO076,Active
CUST03485,Rohan Rao,Female,34,25-34,2026-03-09,New,GEO050,Active
CUST03486,Nisha Shetty,Female,34,25-34,2025-12-24,Existing,GEO085,Active
CUST03487,Vikram Gupta,Female,58,55+,2024-02-17,Existing,GEO006,Inactive
CUST03488,Nisha Rao,Female,51,45-54,2025-04-16,Existing,GEO111,Active
CUST03489,Isha Sharma,Female,32,25-34,2024-12-28,Existing,GEO057,Active
CUST03490,Karan Kumar,Male,26,25-34,2026-05-10,Existing,GEO043,Active
CUST03491,Ananya Verma,Male,60,55+,2025-11-28,New,GEO046,Active
CUST03492,Diya Shetty,Female,25,25-34,2025-09-24,New,GEO067,Active
CUST03493,Priya Nair,Female,37,35-44,2024-02-15,New,GEO014,Active
CUST03494,Pooja Sharma,Male,39,35-44,2024-11-11,New,GEO097,Active
CUST03495,Vivaan Reddy,Female,34,25-34,2026-05-21,Existing,GEO069,Inactive
CUST03496,Sneha Mehta,Female,27,25-34,2025-10-04,New,GEO096,Active
CUST03497,Isha Rao,Female,57,55+,2026-06-18,Existing,GEO069,Active
CUST03498,Priya Das,Male,29,25-34,2025-10-16,Existing,GEO046,Inactive
CUST03499,Meera Verma,Female,52,45-54,2024-09-26,Existing,GEO004,Active
CUST03500,Aarav Kumar,Female,47,45-54,2024-11-01,Existing,GEO028,Active
CUST03501,Karan Das,Female,59,55+,2025-05-06,Existing,GEO065,Active
CUST03502,Pooja Nair,Female,27,25-34,2025-08-19,Existing,GEO091,Active
CUST03503,Isha Reddy,Male,58,55+,2025-11-09,New,GEO066,Inactive
CUST03504,Vivaan Patel,Male,55,55+,2025-12-28,New,GEO043,Active
CUST03505,Vikram Reddy,Male,39,35-44,2026-04-21,New,GEO039,Active
CUST03506,Aditi Nair,Female,44,35-44,2024-03-11,Existing,GEO069,Active
CUST03507,Sneha Sharma,Female,57,55+,2026-03-27,Existing,GEO117,Active
CUST03508,Sneha Mehta,Female,39,35-44,2026-03-24,Existing,GEO091,Active
CUST03509,Arjun Nair,Male,44,35-44,2026-01-14,Existing,GEO070,Active
CUST03510,Diya Kumar,Female,25,25-34,2024-10-01,Existing,GEO009,Inactive
CUST03511,Rahul Mishra,Female,20,18-24,2024-01-14,New,GEO010,Active
CUST03512,Priya Mishra,Male,45,45-54,2025-10-23,New,GEO030,Active
CUST03513,Vivaan Gupta,Female,37,35-44,2025-01-30,Existing,GEO105,Active
CUST03514,Aarav Gupta,Female,51,45-54,2024-10-21,New,GEO076,Active
CUST03515,Vikram Reddy,Female,54,45-54,2024-10-22,New,GEO104,Active
CUST03516,Aarav Rao,Female,47,45-54,2026-02-06,Existing,GEO091,Active
CUST03517,Sneha Verma,Male,27,25-34,2025-03-01,Existing,GEO016,Inactive
CUST03518,Aditya Sharma,Female,46,45-54,2025-03-21,New,GEO041,Inactive
CUST03519,Vivaan Patel,Female,35,35-44,2024-06-27,New,GEO018,Active
CUST03520,Karan Gupta,Male,37,35-44,2024-03-15,Existing,GEO055,Active
CUST03521,Diya Gupta,Female,46,45-54,2025-01-01,New,GEO013,Inactive
CUST03522,Rohan Shetty,Male,48,45-54,2024-12-01,Existing,GEO036,Inactive
CUST03523,Aarav Rao,Female,27,25-34,2024-10-27,New,GEO028,Active
CUST03524,Priya Mehta,Male,42,35-44,2025-04-13,Existing,GEO117,Active
CUST03525,Sneha Mehta,Female,47,45-54,2024-05-23,New,GEO015,Inactive
CUST03526,Rohan Singh,Female,35,35-44,2026-02-08,New,GEO009,Active
CUST03527,Riya Das,Female,44,35-44,2024-12-30,New,GEO082,Active
CUST03528,Neha Das,Female,51,45-54,2025-01-19,New,GEO039,Active
CUST03529,Aditi Nair,Male,21,18-24,2026-05-28,New,GEO023,Active
CUST03530,Karan Mehta,Male,41,35-44,2026-01-16,Existing,GEO100,Active
CUST03531,Rohan Patel,Female,36,35-44,2025-05-07,New,GEO074,Active
CUST03532,Vikram Reddy,Female,39,35-44,2026-02-12,New,GEO033,Active
CUST03533,Aditya Nair,Female,37,35-44,2026-01-18,Existing,GEO038,Active
CUST03534,Arjun Iyer,Female,29,25-34,2024-04-05,Existing,GEO068,Inactive
CUST03535,Aditya Patel,Female,57,55+,2024-08-06,New,GEO038,Active
CUST03536,Vikram Verma,Female,57,55+,2024-10-19,Existing,GEO084,Inactive
CUST03537,Karan Sharma,Male,47,45-54,2025-06-10,Existing,GEO065,Active
CUST03538,Aditi Verma,Male,23,18-24,2026-01-10,New,GEO011,Active
CUST03539,Aditya Kumar,Male,33,25-34,2024-11-28,Existing,GEO030,Inactive
CUST03540,Arjun Das,Female,50,45-54,2024-06-23,New,GEO063,Active
CUST03541,Vivaan Rao,Female,55,55+,2024-04-09,Existing,GEO081,Active
CUST03542,Ananya Das,Female,47,45-54,2024-05-11,Existing,GEO108,Active
CUST03543,Meera Mehta,Male,46,45-54,2024-05-26,New,GEO032,Active
CUST03544,Karan Sharma,Female,43,35-44,2024-07-02,Existing,GEO005,Active
CUST03545,Rahul Joshi,Male,31,25-34,2024-02-25,Existing,GEO112,Active
CUST03546,Ananya Mishra,Male,41,35-44,2025-11-22,New,GEO022,Active
CUST03547,Rohan Sharma,Male,26,25-34,2024-10-23,Existing,GEO053,Inactive
CUST03548,Aditya Iyer,Male,22,18-24,2024-11-18,Existing,GEO095,Active
CUST03549,Sneha Singh,Male,21,18-24,2026-05-30,New,GEO027,Active
CUST03550,Rohan Iyer,Male,28,25-34,2026-05-23,New,GEO005,Active
CUST03551,Rahul Sharma,Male,34,25-34,2024-07-07,Existing,GEO049,Active
CUST03552,Diya Das,Male,21,18-24,2025-11-10,New,GEO109,Active
CUST03553,Aditi Iyer,Male,27,25-34,2024-09-19,New,GEO029,Active
CUST03554,Rahul Nair,Male,32,25-34,2025-10-19,New,GEO067,Inactive
CUST03555,Vikram Gupta,Male,27,25-34,2024-06-11,Existing,GEO043,Inactive
CUST03556,Karan Iyer,Female,38,35-44,2024-05-09,New,GEO065,Inactive
CUST03557,Isha Singh,Female,39,35-44,2025-09-16,New,GEO023,Active
CUST03558,Karan Iyer,Female,57,55+,2025-03-15,New,GEO096,Active
CUST03559,Meera Das,Female,57,55+,2024-09-10,Existing,GEO082,Inactive
CUST03560,Riya Joshi,Male,60,55+,2024-10-10,Existing,GEO023,Inactive
CUST03561,Aditya Nair,Female,34,25-34,2025-02-18,New,GEO050,Inactive
CUST03562,Aditya Iyer,Female,43,35-44,2025-07-30,Existing,GEO098,Inactive
CUST03563,Vikram Mehta,Female,30,25-34,2026-03-17,New,GEO080,Inactive
CUST03564,Neha Verma,Female,46,45-54,2024-04-17,Existing,GEO029,Active
CUST03565,Priya Mishra,Female,45,45-54,2024-06-12,Existing,GEO100,Active
CUST03566,Ananya Shetty,Female,45,45-54,2026-01-06,New,GEO044,Active
CUST03567,Riya Joshi,Female,55,55+,2024-05-10,Existing,GEO096,Active
CUST03568,Sneha Verma,Female,29,25-34,2024-07-26,New,GEO039,Active
CUST03569,Rahul Shetty,Female,41,35-44,2024-03-24,Existing,GEO111,Inactive
CUST03570,Neha Reddy,Male,32,25-34,2024-11-27,Existing,GEO053,Active
CUST03571,Riya Sharma,Female,52,45-54,2024-09-09,Existing,GEO101,Active
CUST03572,Riya Verma,Male,45,45-54,2024-10-30,New,GEO079,Active
CUST03573,Vikram Shetty,Male,46,45-54,2024-12-28,New,GEO013,Inactive
CUST03574,Isha Kumar,Male,52,45-54,2025-12-12,New,GEO032,Active
CUST03575,Rohan Singh,Male,51,45-54,2025-04-30,New,GEO061,Active
CUST03576,Aditi Rao,Male,20,18-24,2024-10-07,Existing,GEO105,Inactive
CUST03577,Rohan Singh,Male,55,55+,2025-07-23,Existing,GEO074,Active
CUST03578,Priya Singh,Male,27,25-34,2024-05-05,New,GEO076,Active
CUST03579,Ananya Shetty,Female,48,45-54,2024-07-07,Existing,GEO108,Active
CUST03580,Priya Nair,Male,57,55+,2025-02-01,Existing,GEO027,Active
CUST03581,Rohan Gupta,Male,58,55+,2025-04-16,Existing,GEO002,Active
CUST03582,Aditya Shetty,Female,45,45-54,2025-06-01,New,GEO024,Inactive
CUST03583,Isha Kumar,Female,44,35-44,2025-08-03,Existing,GEO058,Active
CUST03584,Ananya Reddy,Male,46,45-54,2024-08-11,New,GEO005,Active
CUST03585,Kavya Das,Male,44,35-44,2024-06-22,New,GEO015,Inactive
CUST03586,Riya Sharma,Female,35,35-44,2026-01-18,New,GEO025,Active
CUST03587,Karan Verma,Female,34,25-34,2024-10-05,Existing,GEO107,Inactive
CUST03588,Arjun Iyer,Female,33,25-34,2025-06-30,New,GEO106,Active
CUST03589,Meera Verma,Male,25,25-34,2024-03-13,New,GEO005,Active
CUST03590,Sneha Sharma,Male,36,35-44,2024-04-16,Existing,GEO075,Active
CUST03591,Priya Shetty,Male,21,18-24,2026-05-18,New,GEO115,Active
CUST03592,Meera Mishra,Female,29,25-34,2026-05-23,New,GEO052,Active
CUST03593,Priya Patel,Male,24,18-24,2024-09-09,New,GEO109,Active
CUST03594,Aditi Iyer,Female,36,35-44,2024-11-05,New,GEO008,Active
CUST03595,Meera Sharma,Male,40,35-44,2024-03-17,Existing,GEO073,Active
CUST03596,Aditi Singh,Male,51,45-54,2024-07-29,New,GEO011,Active
CUST03597,Aditya Das,Male,50,45-54,2026-05-25,Existing,GEO015,Active
CUST03598,Priya Mishra,Male,28,25-34,2025-08-19,New,GEO018,Active
CUST03599,Nisha Joshi,Male,49,45-54,2024-06-14,New,GEO038,Active
CUST03600,Aditi Verma,Male,27,25-34,2026-05-10,Existing,GEO041,Active
CUST03601,Diya Reddy,Male,51,45-54,2026-03-02,Existing,GEO061,Active
CUST03602,Meera Reddy,Female,51,45-54,2024-10-28,New,GEO031,Active
CUST03603,Diya Kumar,Female,22,18-24,2024-11-04,Existing,GEO016,Active
CUST03604,Rohan Kumar,Male,30,25-34,2025-10-18,Existing,GEO037,Active
CUST03605,Ananya Reddy,Male,24,18-24,2024-03-25,Existing,GEO007,Inactive
CUST03606,Rahul Singh,Female,58,55+,2025-11-08,New,GEO053,Active
CUST03607,Ananya Patel,Female,42,35-44,2024-06-20,Existing,GEO095,Active
CUST03608,Kavya Iyer,Male,24,18-24,2024-05-22,Existing,GEO093,Active
CUST03609,Nisha Mishra,Female,49,45-54,2025-06-17,Existing,GEO055,Inactive
CUST03610,Riya Rao,Female,58,55+,2025-06-02,New,GEO008,Active
CUST03611,Ananya Singh,Male,43,35-44,2025-08-28,Existing,GEO045,Inactive
CUST03612,Nisha Iyer,Female,33,25-34,2025-01-07,New,GEO110,Active
CUST03613,Rohan Singh,Male,48,45-54,2025-04-11,Existing,GEO018,Active
CUST03614,Neha Singh,Female,45,45-54,2024-01-27,New,GEO061,Active
CUST03615,Neha Kumar,Male,22,18-24,2024-10-28,New,GEO001,Inactive
CUST03616,Rahul Iyer,Female,52,45-54,2026-05-31,New,GEO101,Inactive
CUST03617,Meera Singh,Male,26,25-34,2024-01-04,New,GEO087,Active
CUST03618,Aditi Patel,Female,26,25-34,2024-05-18,New,GEO061,Inactive
CUST03619,Arjun Kumar,Male,30,25-34,2025-05-28,Existing,GEO112,Active
CUST03620,Aditi Patel,Male,28,25-34,2024-05-26,New,GEO023,Active
CUST03621,Neha Verma,Male,38,35-44,2025-07-02,Existing,GEO111,Active
CUST03622,Diya Rao,Male,53,45-54,2025-01-01,Existing,GEO005,Active
CUST03623,Aditi Iyer,Male,37,35-44,2024-02-09,Existing,GEO078,Active
CUST03624,Arjun Gupta,Female,34,25-34,2026-03-11,New,GEO120,Active
CUST03625,Ananya Reddy,Male,42,35-44,2026-04-25,Existing,GEO100,Inactive
CUST03626,Nisha Rao,Male,29,25-34,2026-02-23,New,GEO119,Active
CUST03627,Kavya Verma,Female,47,45-54,2024-04-30,New,GEO077,Inactive
CUST03628,Rohan Mishra,Male,53,45-54,2024-01-30,New,GEO109,Active
CUST03629,Diya Iyer,Female,21,18-24,2024-04-14,Existing,GEO032,Active
CUST03630,Rohan Das,Female,24,18-24,2026-06-11,New,GEO120,Active
CUST03631,Meera Das,Female,38,35-44,2025-07-23,Existing,GEO037,Active
CUST03632,Aditya Shetty,Male,55,55+,2024-06-28,New,GEO003,Inactive
CUST03633,Aditi Shetty,Female,34,25-34,2025-05-24,New,GEO087,Active
CUST03634,Rohan Kumar,Male,49,45-54,2025-11-14,New,GEO106,Inactive
CUST03635,Sneha Rao,Male,36,35-44,2026-04-21,New,GEO041,Active
CUST03636,Pooja Das,Female,55,55+,2024-12-18,Existing,GEO076,Active
CUST03637,Riya Mishra,Female,21,18-24,2024-07-10,New,GEO107,Inactive
CUST03638,Vivaan Gupta,Female,58,55+,2025-08-03,Existing,GEO046,Active
CUST03639,Sneha Kumar,Female,53,45-54,2024-01-16,New,GEO050,Active
CUST03640,Vikram Verma,Female,46,45-54,2024-09-03,Existing,GEO048,Inactive
CUST03641,Ananya Patel,Male,22,18-24,2025-02-12,Existing,GEO054,Active
CUST03642,Aditi Kumar,Female,34,25-34,2025-11-10,Existing,GEO076,Active
CUST03643,Aarav Joshi,Female,28,25-34,2024-08-13,Existing,GEO025,Inactive
CUST03644,Diya Mehta,Male,45,45-54,2025-10-17,Existing,GEO038,Active
CUST03645,Pooja Mehta,Female,39,35-44,2026-03-03,New,GEO042,Active
CUST03646,Rahul Reddy,Female,54,45-54,2025-11-22,New,GEO116,Active
CUST03647,Nisha Sharma,Male,31,25-34,2024-11-04,New,GEO036,Active
CUST03648,Arjun Gupta,Male,49,45-54,2024-11-11,Existing,GEO044,Active
CUST03649,Aditi Nair,Male,45,45-54,2024-12-01,Existing,GEO059,Active
CUST03650,Rahul Mehta,Male,57,55+,2025-01-28,Existing,GEO073,Inactive
CUST03651,Rahul Nair,Male,20,18-24,2024-10-11,Existing,GEO008,Active
CUST03652,Rohan Rao,Male,33,25-34,2025-11-03,Existing,GEO087,Active
CUST03653,Aditya Nair,Male,42,35-44,2024-08-15,New,GEO068,Inactive
CUST03654,Aarav Mishra,Male,34,25-34,2024-10-13,New,GEO078,Inactive
CUST03655,Diya Rao,Male,45,45-54,2025-12-07,New,GEO057,Active
CUST03656,Rahul Rao,Female,26,25-34,2024-10-29,New,GEO107,Active
CUST03657,Meera Verma,Female,21,18-24,2024-03-30,New,GEO116,Active
CUST03658,Rahul Mishra,Male,42,35-44,2025-08-27,Existing,GEO049,Active
CUST03659,Vikram Patel,Male,50,45-54,2025-02-09,Existing,GEO097,Active
CUST03660,Vikram Rao,Male,33,25-34,2026-05-09,New,GEO065,Active
CUST03661,Rahul Patel,Female,39,35-44,2024-01-08,New,GEO054,Active
CUST03662,Riya Reddy,Male,57,55+,2024-04-18,New,GEO028,Active
CUST03663,Diya Verma,Male,59,55+,2025-05-16,New,GEO078,Active
CUST03664,Aarav Patel,Male,20,18-24,2025-10-23,Existing,GEO056,Active
CUST03665,Ananya Singh,Male,44,35-44,2024-07-07,Existing,GEO090,Inactive
CUST03666,Diya Iyer,Female,24,18-24,2024-12-28,New,GEO094,Inactive
CUST03667,Aarav Iyer,Male,57,55+,2024-08-20,Existing,GEO094,Active
CUST03668,Sneha Shetty,Male,28,25-34,2024-03-25,Existing,GEO060,Active
CUST03669,Priya Verma,Female,38,35-44,2025-01-20,Existing,GEO108,Active
CUST03670,Arjun Rao,Male,48,45-54,2026-03-12,Existing,GEO121,Active
CUST03671,Isha Verma,Male,32,25-34,2024-03-23,Existing,GEO054,Inactive
CUST03672,Rahul Shetty,Male,41,35-44,2024-12-18,Existing,GEO083,Inactive
CUST03673,Riya Patel,Male,24,18-24,2024-01-28,New,GEO106,Active
CUST03674,Aditya Das,Male,50,45-54,2025-02-20,New,GEO020,Active
CUST03675,Arjun Singh,Male,35,35-44,2025-11-22,Existing,GEO081,Inactive
CUST03676,Pooja Shetty,Female,21,18-24,2025-10-06,Existing,GEO027,Active
CUST03677,Karan Shetty,Male,35,35-44,2024-06-03,Existing,GEO016,Active
CUST03678,Rohan Singh,Male,57,55+,2024-03-14,Existing,GEO083,Active
CUST03679,Aditya Kumar,Male,46,45-54,2025-05-24,Existing,GEO109,Active
CUST03680,Aarav Sharma,Female,58,55+,2024-07-16,New,GEO121,Active
CUST03681,Vikram Rao,Female,49,45-54,2026-03-02,New,GEO112,Active
CUST03682,Neha Singh,Male,24,18-24,2024-05-26,Existing,GEO077,Inactive
CUST03683,Pooja Das,Male,44,35-44,2024-05-09,Existing,GEO014,Inactive
CUST03684,Pooja Singh,Male,55,55+,2026-03-31,Existing,GEO073,Active
CUST03685,Rohan Sharma,Male,41,35-44,2025-06-20,New,GEO013,Active
CUST03686,Kavya Patel,Female,21,18-24,2026-04-03,Existing,GEO051,Active
CUST03687,Vikram Mehta,Female,31,25-34,2025-03-31,Existing,GEO009,Active
CUST03688,Ananya Nair,Male,51,45-54,2024-10-13,New,GEO104,Active
CUST03689,Sneha Nair,Female,51,45-54,2025-11-19,Existing,GEO079,Inactive
CUST03690,Isha Joshi,Female,46,45-54,2025-06-25,Existing,GEO076,Inactive
CUST03691,Riya Iyer,Male,30,25-34,2024-10-12,Existing,GEO107,Active
CUST03692,Rohan Nair,Female,21,18-24,2025-02-20,New,GEO053,Active
CUST03693,Sneha Joshi,Female,56,55+,2024-11-30,Existing,GEO110,Active
CUST03694,Meera Das,Male,29,25-34,2026-06-06,New,GEO097,Inactive
CUST03695,Diya Reddy,Female,46,45-54,2024-07-02,Existing,GEO090,Active
CUST03696,Karan Iyer,Female,59,55+,2025-08-21,Existing,GEO111,Active
CUST03697,Arjun Iyer,Male,24,18-24,2025-08-12,Existing,GEO112,Active
CUST03698,Karan Iyer,Male,20,18-24,2024-05-30,Existing,GEO060,Active
CUST03699,Riya Verma,Female,38,35-44,2025-05-19,New,GEO048,Active
CUST03700,Vivaan Verma,Female,53,45-54,2025-12-15,New,GEO027,Active
CUST03701,Priya Verma,Male,59,55+,2024-04-05,New,GEO100,Active
CUST03702,Rohan Gupta,Female,32,25-34,2025-10-22,New,GEO119,Active
CUST03703,Sneha Verma,Male,40,35-44,2026-01-04,Existing,GEO099,Inactive
CUST03704,Meera Shetty,Female,20,18-24,2024-07-20,New,GEO086,Active
CUST03705,Aarav Kumar,Female,53,45-54,2024-07-24,New,GEO018,Active
CUST03706,Nisha Iyer,Male,21,18-24,2026-01-07,Existing,GEO017,Inactive
CUST03707,Karan Singh,Male,36,35-44,2024-07-28,Existing,GEO087,Inactive
CUST03708,Aditi Rao,Male,21,18-24,2025-12-08,Existing,GEO064,Active
CUST03709,Ananya Shetty,Female,33,25-34,2024-01-09,Existing,GEO078,Active
CUST03710,Aditi Nair,Male,47,45-54,2024-01-25,Existing,GEO036,Active
CUST03711,Neha Rao,Male,27,25-34,2024-05-29,Existing,GEO098,Active
CUST03712,Vivaan Mehta,Male,56,55+,2025-01-18,New,GEO010,Active
CUST03713,Arjun Verma,Female,41,35-44,2025-02-04,Existing,GEO101,Active
CUST03714,Nisha Gupta,Male,54,45-54,2024-08-09,New,GEO037,Active
CUST03715,Priya Sharma,Male,60,55+,2024-03-03,Existing,GEO031,Active
CUST03716,Nisha Nair,Female,42,35-44,2025-01-29,New,GEO088,Active
CUST03717,Arjun Iyer,Male,41,35-44,2025-06-18,New,GEO062,Active
CUST03718,Nisha Sharma,Female,49,45-54,2024-12-26,New,GEO006,Active
CUST03719,Ananya Singh,Female,26,25-34,2025-06-12,Existing,GEO058,Active
CUST03720,Neha Sharma,Female,51,45-54,2025-07-16,New,GEO119,Active
CUST03721,Arjun Singh,Female,29,25-34,2026-03-20,New,GEO062,Active
CUST03722,Kavya Joshi,Male,47,45-54,2024-04-19,Existing,GEO055,Inactive
CUST03723,Riya Verma,Male,27,25-34,2025-08-05,Existing,GEO057,Active
CUST03724,Karan Patel,Male,57,55+,2025-11-10,Existing,GEO009,Inactive
CUST03725,Aarav Nair,Female,22,18-24,2026-06-04,New,GEO048,Active
CUST03726,Aditi Kumar,Female,36,35-44,2025-10-21,Existing,GEO055,Active
CUST03727,Kavya Reddy,Male,48,45-54,2025-07-12,Existing,GEO031,Active
CUST03728,Rahul Singh,Male,57,55+,2024-10-16,Existing,GEO085,Active
CUST03729,Pooja Nair,Female,26,25-34,2026-03-06,New,GEO009,Active
CUST03730,Meera Joshi,Female,54,45-54,2025-03-11,Existing,GEO078,Active
CUST03731,Rohan Das,Male,20,18-24,2024-01-07,Existing,GEO027,Active
CUST03732,Sneha Singh,Male,49,45-54,2025-05-05,New,GEO033,Active
CUST03733,Vivaan Patel,Female,24,18-24,2026-04-10,Existing,GEO017,Active
CUST03734,Vikram Sharma,Female,39,35-44,2024-04-19,Existing,GEO105,Active
CUST03735,Aarav Shetty,Female,20,18-24,2024-05-08,Existing,GEO098,Active
CUST03736,Pooja Verma,Male,55,55+,2025-05-10,Existing,GEO118,Active
CUST03737,Ananya Patel,Female,27,25-34,2024-05-23,Existing,GEO084,Inactive
CUST03738,Diya Sharma,Male,32,25-34,2026-03-09,New,GEO057,Active
CUST03739,Rohan Gupta,Male,29,25-34,2024-02-19,Existing,GEO019,Active
CUST03740,Karan Mishra,Female,38,35-44,2025-05-15,New,GEO045,Inactive
CUST03741,Diya Mehta,Female,48,45-54,2024-04-06,Existing,GEO120,Active
CUST03742,Sneha Nair,Female,57,55+,2024-04-20,Existing,GEO045,Inactive
CUST03743,Priya Sharma,Female,45,45-54,2025-02-20,Existing,GEO068,Active
CUST03744,Neha Sharma,Female,32,25-34,2026-03-08,New,GEO079,Active
CUST03745,Priya Patel,Male,29,25-34,2026-04-23,Existing,GEO088,Active
CUST03746,Karan Gupta,Female,32,25-34,2025-10-01,New,GEO017,Active
CUST03747,Neha Reddy,Male,57,55+,2026-02-17,New,GEO059,Active
CUST03748,Vikram Singh,Female,43,35-44,2025-05-04,New,GEO098,Active
CUST03749,Riya Kumar,Female,41,35-44,2026-03-18,New,GEO117,Active
CUST03750,Aditya Singh,Male,22,18-24,2024-02-14,New,GEO054,Active
CUST03751,Sneha Nair,Male,21,18-24,2024-05-17,New,GEO086,Active
CUST03752,Isha Mehta,Female,49,45-54,2025-09-04,New,GEO029,Active
CUST03753,Pooja Mishra,Male,38,35-44,2025-01-01,New,GEO077,Active
CUST03754,Sneha Verma,Female,26,25-34,2025-08-07,New,GEO105,Active
CUST03755,Nisha Mishra,Male,44,35-44,2025-12-28,Existing,GEO082,Inactive
CUST03756,Rohan Sharma,Male,38,35-44,2026-04-11,New,GEO012,Inactive
CUST03757,Kavya Patel,Female,28,25-34,2025-03-09,New,GEO040,Inactive
CUST03758,Riya Mishra,Female,54,45-54,2024-09-27,New,GEO093,Inactive
CUST03759,Vivaan Das,Female,28,25-34,2024-01-03,New,GEO089,Active
CUST03760,Vivaan Kumar,Female,21,18-24,2025-11-11,Existing,GEO086,Inactive
CUST03761,Riya Sharma,Female,21,18-24,2024-03-29,Existing,GEO036,Active
CUST03762,Arjun Singh,Female,29,25-34,2026-06-17,New,GEO094,Active
CUST03763,Meera Mehta,Male,32,25-34,2024-11-23,New,GEO049,Active
CUST03764,Vivaan Gupta,Male,20,18-24,2024-02-29,New,GEO076,Active
CUST03765,Aditi Verma,Male,53,45-54,2024-03-08,New,GEO094,Active
CUST03766,Nisha Shetty,Male,39,35-44,2024-06-26,New,GEO043,Active
CUST03767,Diya Das,Female,24,18-24,2025-07-10,New,GEO080,Active
CUST03768,Neha Gupta,Male,59,55+,2024-02-20,New,GEO082,Inactive
CUST03769,Vikram Das,Female,46,45-54,2024-03-31,Existing,GEO051,Active
CUST03770,Aditya Patel,Male,54,45-54,2025-06-08,New,GEO087,Inactive
CUST03771,Riya Iyer,Male,53,45-54,2024-12-23,Existing,GEO115,Active
CUST03772,Kavya Mishra,Male,49,45-54,2026-06-11,New,GEO010,Active
CUST03773,Aditi Reddy,Female,22,18-24,2025-11-28,New,GEO002,Inactive
CUST03774,Isha Rao,Male,51,45-54,2025-09-11,Existing,GEO018,Active
CUST03775,Priya Patel,Male,55,55+,2026-02-03,Existing,GEO078,Active
CUST03776,Kavya Shetty,Female,50,45-54,2026-01-21,New,GEO097,Active
CUST03777,Pooja Gupta,Female,45,45-54,2025-03-13,New,GEO066,Inactive
CUST03778,Rohan Shetty,Female,50,45-54,2026-06-09,New,GEO053,Active
CUST03779,Aditya Gupta,Female,47,45-54,2024-01-26,Existing,GEO113,Active
CUST03780,Riya Patel,Female,49,45-54,2024-06-25,New,GEO055,Inactive
CUST03781,Nisha Sharma,Female,47,45-54,2025-06-11,New,GEO058,Inactive
CUST03782,Ananya Patel,Female,25,25-34,2026-04-16,New,GEO071,Active
CUST03783,Riya Reddy,Female,49,45-54,2025-08-17,Existing,GEO073,Active
CUST03784,Diya Verma,Female,28,25-34,2024-12-15,Existing,GEO060,Active
CUST03785,Pooja Singh,Female,47,45-54,2025-09-09,Existing,GEO004,Active
CUST03786,Aditi Sharma,Female,55,55+,2026-01-29,Existing,GEO004,Active
CUST03787,Isha Kumar,Male,38,35-44,2026-03-02,Existing,GEO043,Inactive
CUST03788,Aditya Mehta,Male,55,55+,2025-08-08,New,GEO076,Active
CUST03789,Aditya Joshi,Female,45,45-54,2026-03-31,Existing,GEO011,Active
CUST03790,Vivaan Mehta,Female,39,35-44,2024-02-10,Existing,GEO100,Active
CUST03791,Neha Rao,Male,20,18-24,2024-09-25,New,GEO067,Inactive
CUST03792,Isha Sharma,Female,55,55+,2024-12-23,New,GEO083,Active
CUST03793,Arjun Kumar,Male,29,25-34,2024-01-19,New,GEO044,Active
CUST03794,Vivaan Verma,Female,24,18-24,2026-05-05,Existing,GEO022,Active
CUST03795,Rahul Patel,Female,45,45-54,2024-06-01,New,GEO109,Active
CUST03796,Arjun Shetty,Male,46,45-54,2026-04-20,New,GEO050,Active
CUST03797,Pooja Shetty,Male,22,18-24,2026-03-12,New,GEO003,Active
CUST03798,Meera Patel,Male,36,35-44,2025-01-29,Existing,GEO090,Inactive
CUST03799,Priya Sharma,Male,43,35-44,2025-04-25,Existing,GEO064,Active
CUST03800,Diya Nair,Female,37,35-44,2025-02-04,Existing,GEO087,Inactive
CUST03801,Sneha Joshi,Male,36,35-44,2026-01-07,Existing,GEO101,Active
CUST03802,Kavya Reddy,Female,43,35-44,2024-09-16,Existing,GEO043,Active
CUST03803,Meera Mishra,Female,37,35-44,2025-11-02,Existing,GEO046,Active
CUST03804,Priya Joshi,Male,37,35-44,2026-03-16,New,GEO085,Active
CUST03805,Rahul Mehta,Female,55,55+,2025-10-07,Existing,GEO107,Inactive
CUST03806,Priya Joshi,Female,33,25-34,2025-02-05,Existing,GEO031,Active
CUST03807,Kavya Joshi,Female,21,18-24,2025-04-29,Existing,GEO001,Active
CUST03808,Meera Das,Male,35,35-44,2026-03-02,New,GEO085,Active
CUST03809,Meera Rao,Male,39,35-44,2026-06-11,Existing,GEO111,Active
CUST03810,Priya Nair,Male,42,35-44,2026-02-20,New,GEO047,Active
CUST03811,Neha Singh,Male,58,55+,2025-06-28,Existing,GEO022,Active
CUST03812,Neha Patel,Female,23,18-24,2024-07-20,New,GEO073,Active
CUST03813,Pooja Mishra,Female,49,45-54,2024-08-20,New,GEO109,Active
CUST03814,Aarav Reddy,Female,37,35-44,2025-11-13,New,GEO009,Inactive
CUST03815,Kavya Kumar,Female,28,25-34,2025-07-26,Existing,GEO005,Active
CUST03816,Ananya Sharma,Male,60,55+,2024-11-03,New,GEO072,Active
CUST03817,Vikram Mishra,Male,39,35-44,2024-12-17,New,GEO018,Inactive
CUST03818,Vikram Mehta,Female,58,55+,2026-03-01,New,GEO097,Inactive
CUST03819,Aditya Das,Female,59,55+,2024-07-11,New,GEO015,Active
CUST03820,Aarav Iyer,Female,35,35-44,2025-08-12,New,GEO052,Active
CUST03821,Neha Patel,Female,31,25-34,2026-04-16,Existing,GEO108,Inactive
CUST03822,Vivaan Joshi,Female,31,25-34,2024-04-23,Existing,GEO064,Active
CUST03823,Kavya Nair,Male,53,45-54,2025-07-21,Existing,GEO044,Active
CUST03824,Diya Mehta,Female,36,35-44,2024-02-11,New,GEO075,Active
CUST03825,Pooja Shetty,Male,40,35-44,2024-03-21,Existing,GEO045,Active
CUST03826,Isha Gupta,Male,40,35-44,2025-12-06,New,GEO119,Inactive
CUST03827,Aditi Mehta,Female,28,25-34,2024-07-09,New,GEO054,Inactive
CUST03828,Neha Singh,Male,32,25-34,2025-03-28,New,GEO108,Active
CUST03829,Pooja Nair,Female,25,25-34,2026-04-30,Existing,GEO093,Active
CUST03830,Rahul Das,Female,47,45-54,2024-04-13,Existing,GEO004,Active
CUST03831,Isha Singh,Male,53,45-54,2025-06-07,New,GEO002,Active
CUST03832,Diya Mehta,Male,47,45-54,2024-03-26,Existing,GEO031,Active
CUST03833,Meera Gupta,Female,35,35-44,2024-03-16,Existing,GEO121,Active
CUST03834,Ananya Gupta,Female,39,35-44,2024-02-03,New,GEO118,Active
CUST03835,Arjun Patel,Female,46,45-54,2024-08-21,New,GEO036,Active
CUST03836,Nisha Nair,Male,53,45-54,2024-11-11,New,GEO085,Active
CUST03837,Kavya Rao,Male,29,25-34,2024-05-28,New,GEO052,Active
CUST03838,Rohan Joshi,Male,43,35-44,2026-05-29,New,GEO101,Active
CUST03839,Rohan Verma,Male,26,25-34,2024-09-18,Existing,GEO099,Active
CUST03840,Rahul Rao,Female,48,45-54,2025-04-22,New,GEO015,Active
CUST03841,Priya Shetty,Male,38,35-44,2026-02-05,Existing,GEO025,Active
CUST03842,Priya Reddy,Male,53,45-54,2025-10-24,Existing,GEO114,Active
CUST03843,Rahul Shetty,Male,34,25-34,2024-02-09,Existing,GEO062,Active
CUST03844,Meera Patel,Female,26,25-34,2024-01-17,New,GEO087,Inactive
CUST03845,Ananya Das,Male,58,55+,2025-02-03,New,GEO117,Inactive
CUST03846,Arjun Mehta,Male,33,25-34,2025-06-05,Existing,GEO019,Active
CUST03847,Diya Patel,Female,23,18-24,2024-08-22,New,GEO013,Active
CUST03848,Ananya Verma,Male,45,45-54,2026-03-16,New,GEO087,Inactive
CUST03849,Aarav Nair,Female,47,45-54,2024-04-26,New,GEO073,Inactive
CUST03850,Priya Nair,Male,51,45-54,2025-03-28,New,GEO048,Active
CUST03851,Ananya Sharma,Female,23,18-24,2024-10-07,New,GEO104,Active
CUST03852,Sneha Gupta,Male,20,18-24,2026-03-05,New,GEO072,Inactive
CUST03853,Priya Shetty,Male,55,55+,2024-08-06,Existing,GEO113,Active
CUST03854,Sneha Verma,Female,30,25-34,2025-05-30,Existing,GEO007,Active
CUST03855,Diya Das,Female,23,18-24,2024-01-09,New,GEO035,Inactive
CUST03856,Aditya Joshi,Female,49,45-54,2024-10-31,New,GEO031,Inactive
CUST03857,Aditya Mishra,Male,54,45-54,2024-02-15,New,GEO107,Active
CUST03858,Vivaan Mehta,Male,48,45-54,2024-03-14,Existing,GEO013,Active
CUST03859,Vivaan Kumar,Female,35,35-44,2025-01-19,Existing,GEO021,Active
CUST03860,Aditi Shetty,Male,20,18-24,2024-08-28,New,GEO047,Active
CUST03861,Aditi Gupta,Male,31,25-34,2026-02-28,New,GEO088,Active
CUST03862,Meera Reddy,Male,44,35-44,2026-01-11,Existing,GEO108,Active
CUST03863,Pooja Reddy,Male,35,35-44,2025-10-26,Existing,GEO077,Active
CUST03864,Pooja Singh,Female,49,45-54,2025-10-25,Existing,GEO024,Active
CUST03865,Rohan Kumar,Male,22,18-24,2024-12-28,Existing,GEO090,Active
CUST03866,Isha Kumar,Female,23,18-24,2024-01-10,Existing,GEO031,Active
CUST03867,Aarav Das,Female,55,55+,2026-06-11,Existing,GEO014,Active
CUST03868,Nisha Nair,Female,33,25-34,2024-01-07,New,GEO098,Active
CUST03869,Neha Das,Male,57,55+,2025-09-29,Existing,GEO047,Active
CUST03870,Pooja Patel,Female,43,35-44,2025-09-12,Existing,GEO045,Active
CUST03871,Rahul Verma,Male,44,35-44,2025-09-06,Existing,GEO064,Active
CUST03872,Arjun Gupta,Female,35,35-44,2025-04-01,Existing,GEO097,Active
CUST03873,Kavya Singh,Male,47,45-54,2025-08-21,New,GEO018,Inactive
CUST03874,Vikram Sharma,Female,44,35-44,2025-07-10,Existing,GEO047,Inactive
CUST03875,Karan Joshi,Female,33,25-34,2024-04-10,Existing,GEO096,Active
CUST03876,Rohan Reddy,Male,22,18-24,2026-01-16,Existing,GEO086,Inactive
CUST03877,Sneha Mishra,Female,24,18-24,2024-10-31,Existing,GEO023,Inactive
CUST03878,Karan Sharma,Male,47,45-54,2026-01-14,Existing,GEO088,Active
CUST03879,Arjun Shetty,Female,24,18-24,2025-03-02,Existing,GEO023,Active
CUST03880,Nisha Reddy,Male,43,35-44,2024-10-29,New,GEO077,Inactive
CUST03881,Meera Iyer,Female,54,45-54,2024-07-31,Existing,GEO004,Active
CUST03882,Aditi Rao,Female,44,35-44,2025-01-21,Existing,GEO076,Inactive
CUST03883,Aditi Joshi,Male,21,18-24,2025-01-21,New,GEO001,Active
CUST03884,Diya Mishra,Male,37,35-44,2025-05-13,New,GEO052,Active
CUST03885,Rahul Gupta,Female,25,25-34,2025-08-13,New,GEO100,Active
CUST03886,Sneha Nair,Female,30,25-34,2024-02-29,New,GEO036,Active
CUST03887,Sneha Gupta,Female,22,18-24,2024-02-21,New,GEO075,Active
CUST03888,Rohan Joshi,Female,25,25-34,2024-06-23,New,GEO036,Inactive
CUST03889,Aditya Joshi,Male,27,25-34,2024-01-21,New,GEO058,Inactive
CUST03890,Isha Joshi,Female,23,18-24,2024-12-08,Existing,GEO107,Inactive
CUST03891,Diya Sharma,Female,38,35-44,2025-10-01,Existing,GEO021,Active
CUST03892,Arjun Iyer,Female,26,25-34,2024-05-07,Existing,GEO102,Active
CUST03893,Arjun Joshi,Female,46,45-54,2025-06-13,New,GEO121,Active
CUST03894,Karan Shetty,Male,47,45-54,2025-05-19,Existing,GEO053,Active
CUST03895,Arjun Patel,Female,26,25-34,2024-07-23,Existing,GEO047,Active
CUST03896,Meera Kumar,Male,48,45-54,2026-02-01,Existing,GEO077,Active
CUST03897,Pooja Mishra,Female,58,55+,2024-08-11,New,GEO012,Active
CUST03898,Nisha Patel,Male,53,45-54,2025-02-05,New,GEO015,Active
CUST03899,Meera Verma,Female,20,18-24,2024-03-19,Existing,GEO025,Active
CUST03900,Karan Singh,Female,27,25-34,2024-08-15,New,GEO103,Active
CUST03901,Nisha Nair,Female,24,18-24,2025-09-20,Existing,GEO075,Active
CUST03902,Diya Mehta,Female,22,18-24,2025-12-06,New,GEO032,Inactive
CUST03903,Priya Nair,Female,30,25-34,2026-02-06,Existing,GEO065,Active
CUST03904,Vikram Shetty,Female,41,35-44,2026-04-20,New,GEO020,Inactive
CUST03905,Rohan Patel,Male,37,35-44,2025-09-10,Existing,GEO100,Active
CUST03906,Neha Kumar,Female,26,25-34,2026-04-08,New,GEO042,Active
CUST03907,Pooja Mehta,Female,60,55+,2026-05-02,Existing,GEO115,Active
CUST03908,Karan Singh,Male,26,25-34,2025-12-24,New,GEO016,Inactive
CUST03909,Neha Kumar,Female,34,25-34,2025-01-01,New,GEO093,Active
CUST03910,Ananya Singh,Male,40,35-44,2024-04-06,New,GEO100,Active
CUST03911,Pooja Rao,Male,58,55+,2024-01-09,Existing,GEO067,Active
CUST03912,Riya Singh,Male,59,55+,2025-10-28,Existing,GEO047,Inactive
CUST03913,Vivaan Joshi,Female,28,25-34,2026-01-16,New,GEO090,Active
CUST03914,Karan Nair,Female,49,45-54,2025-10-13,New,GEO054,Inactive
CUST03915,Karan Reddy,Male,52,45-54,2024-03-09,Existing,GEO025,Inactive
CUST03916,Rohan Kumar,Male,48,45-54,2025-05-04,Existing,GEO085,Active
CUST03917,Rahul Iyer,Male,38,35-44,2025-12-24,New,GEO084,Active
CUST03918,Diya Joshi,Female,30,25-34,2024-04-06,New,GEO104,Active
CUST03919,Vikram Singh,Male,46,45-54,2024-07-08,Existing,GEO040,Active
CUST03920,Priya Iyer,Male,26,25-34,2025-10-26,Existing,GEO022,Active
CUST03921,Aarav Patel,Female,55,55+,2024-06-08,Existing,GEO032,Active
CUST03922,Meera Nair,Female,20,18-24,2025-03-25,New,GEO016,Inactive
CUST03923,Neha Sharma,Female,24,18-24,2025-03-02,Existing,GEO014,Active
CUST03924,Diya Joshi,Female,51,45-54,2024-07-16,New,GEO115,Active
CUST03925,Priya Mehta,Male,49,45-54,2024-11-23,New,GEO039,Active
CUST03926,Rahul Singh,Male,25,25-34,2025-06-04,New,GEO086,Active
CUST03927,Sneha Nair,Male,21,18-24,2024-11-21,Existing,GEO024,Active
CUST03928,Pooja Singh,Male,22,18-24,2024-09-04,Existing,GEO056,Inactive
CUST03929,Rahul Rao,Male,58,55+,2026-03-04,Existing,GEO030,Active
CUST03930,Riya Iyer,Female,54,45-54,2024-04-05,New,GEO107,Active
CUST03931,Aarav Mehta,Male,60,55+,2025-09-15,New,GEO101,Active
CUST03932,Rohan Iyer,Female,28,25-34,2025-10-31,New,GEO049,Inactive
CUST03933,Meera Reddy,Male,31,25-34,2024-10-03,New,GEO104,Active
CUST03934,Neha Reddy,Male,53,45-54,2024-08-31,Existing,GEO048,Active
CUST03935,Diya Iyer,Female,53,45-54,2025-03-22,New,GEO065,Inactive
CUST03936,Priya Reddy,Female,43,35-44,2024-06-28,New,GEO050,Active
CUST03937,Aarav Verma,Female,55,55+,2024-12-17,Existing,GEO027,Active
CUST03938,Aditi Shetty,Female,21,18-24,2024-06-16,Existing,GEO078,Active
CUST03939,Riya Singh,Male,50,45-54,2024-09-11,Existing,GEO037,Active
CUST03940,Arjun Mehta,Female,33,25-34,2025-09-07,Existing,GEO052,Active
CUST03941,Arjun Das,Female,22,18-24,2025-04-13,New,GEO001,Active
CUST03942,Rohan Joshi,Female,57,55+,2024-10-07,Existing,GEO028,Active
CUST03943,Sneha Joshi,Female,38,35-44,2025-11-13,Existing,GEO056,Inactive
CUST03944,Aarav Singh,Female,57,55+,2025-04-12,New,GEO059,Active
CUST03945,Neha Rao,Male,47,45-54,2024-03-28,Existing,GEO117,Active
CUST03946,Karan Das,Male,25,25-34,2026-02-15,Existing,GEO102,Inactive
CUST03947,Pooja Mehta,Female,26,25-34,2025-02-05,Existing,GEO054,Inactive
CUST03948,Ananya Kumar,Male,40,35-44,2025-10-30,Existing,GEO121,Active
CUST03949,Priya Iyer,Female,26,25-34,2025-05-18,New,GEO027,Active
CUST03950,Meera Rao,Female,33,25-34,2025-09-17,Existing,GEO003,Active
CUST03951,Ananya Das,Male,40,35-44,2025-10-23,Existing,GEO053,Active
CUST03952,Vivaan Patel,Female,51,45-54,2024-11-14,Existing,GEO116,Active
CUST03953,Pooja Mehta,Female,55,55+,2024-03-14,New,GEO116,Active
CUST03954,Vivaan Mehta,Male,48,45-54,2024-11-03,New,GEO043,Active
CUST03955,Pooja Singh,Female,35,35-44,2026-06-11,New,GEO097,Inactive
CUST03956,Meera Das,Male,39,35-44,2025-10-06,New,GEO067,Active
CUST03957,Meera Mehta,Male,56,55+,2026-02-15,New,GEO086,Inactive
CUST03958,Kavya Reddy,Female,32,25-34,2025-06-08,New,GEO093,Active
CUST03959,Rohan Verma,Male,21,18-24,2026-05-20,Existing,GEO077,Active
CUST03960,Priya Shetty,Male,25,25-34,2024-01-02,Existing,GEO019,Inactive
CUST03961,Sneha Das,Female,49,45-54,2025-06-20,Existing,GEO007,Active
CUST03962,Rohan Sharma,Female,44,35-44,2025-02-28,New,GEO096,Inactive
CUST03963,Priya Reddy,Female,33,25-34,2024-11-07,Existing,GEO052,Inactive
CUST03964,Aditi Kumar,Male,35,35-44,2024-04-17,New,GEO026,Active
CUST03965,Meera Kumar,Female,43,35-44,2025-11-26,Existing,GEO092,Active
CUST03966,Arjun Mishra,Male,48,45-54,2026-05-08,Existing,GEO039,Active
CUST03967,Meera Patel,Female,42,35-44,2025-04-17,Existing,GEO114,Active
CUST03968,Isha Joshi,Male,44,35-44,2025-02-05,Existing,GEO090,Active
CUST03969,Pooja Iyer,Female,52,45-54,2026-04-13,Existing,GEO099,Active
CUST03970,Priya Shetty,Female,59,55+,2025-12-01,New,GEO121,Active
CUST03971,Riya Nair,Female,52,45-54,2024-05-21,New,GEO058,Inactive
CUST03972,Vikram Verma,Male,36,35-44,2026-02-10,Existing,GEO060,Inactive
CUST03973,Aarav Iyer,Female,55,55+,2024-10-15,New,GEO003,Inactive
CUST03974,Aditya Iyer,Female,46,45-54,2024-12-29,Existing,GEO045,Active
CUST03975,Ananya Das,Male,39,35-44,2024-03-18,Existing,GEO099,Active
CUST03976,Riya Sharma,Male,33,25-34,2025-09-28,New,GEO083,Active
CUST03977,Vivaan Das,Female,56,55+,2026-01-26,Existing,GEO048,Inactive
CUST03978,Priya Gupta,Male,42,35-44,2024-09-04,Existing,GEO044,Active
CUST03979,Meera Nair,Female,53,45-54,2025-11-01,New,GEO044,Active
CUST03980,Meera Sharma,Male,32,25-34,2025-02-25,New,GEO111,Active
CUST03981,Riya Gupta,Female,36,35-44,2024-01-30,New,GEO009,Active
CUST03982,Kavya Mehta,Female,35,35-44,2025-08-21,Existing,GEO010,Active
CUST03983,Ananya Kumar,Female,58,55+,2026-05-03,New,GEO071,Active
CUST03984,Isha Das,Male,40,35-44,2026-02-05,Existing,GEO052,Inactive
CUST03985,Priya Verma,Female,24,18-24,2026-01-17,Existing,GEO055,Active
CUST03986,Pooja Shetty,Female,52,45-54,2025-06-07,New,GEO036,Inactive
CUST03987,Sneha Joshi,Female,57,55+,2025-02-13,New,GEO091,Active
CUST03988,Sneha Nair,Male,43,35-44,2025-01-12,Existing,GEO003,Active
CUST03989,Vikram Gupta,Male,37,35-44,2025-12-19,New,GEO001,Active
CUST03990,Meera Mishra,Male,56,55+,2025-05-23,Existing,GEO110,Active
CUST03991,Pooja Shetty,Female,40,35-44,2026-05-08,New,GEO080,Inactive
CUST03992,Neha Sharma,Male,31,25-34,2024-03-09,Existing,GEO009,Active
CUST03993,Vivaan Iyer,Female,25,25-34,2025-01-20,Existing,GEO040,Inactive
CUST03994,Riya Mehta,Male,35,35-44,2025-07-19,New,GEO033,Inactive
CUST03995,Neha Verma,Female,52,45-54,2024-06-20,Existing,GEO111,Active
CUST03996,Ananya Rao,Male,28,25-34,2024-07-11,Existing,GEO037,Active
CUST03997,Vikram Das,Male,21,18-24,2026-01-09,Existing,GEO083,Active
CUST03998,Meera Singh,Male,42,35-44,2025-07-04,Existing,GEO119,Inactive
CUST03999,Karan Kumar,Female,50,45-54,2024-04-07,New,GEO118,Active
CUST04000,Rohan Nair,Male,24,18-24,2024-01-09,Existing,GEO026,Active
CUST04001,Aditya Nair,Female,46,45-54,2025-07-01,New,GEO080,Active
CUST04002,Arjun Verma,Male,60,55+,2025-12-11,Existing,GEO044,Active
CUST04003,Aditya Mishra,Female,56,55+,2025-12-23,New,GEO071,Inactive
CUST04004,Nisha Mehta,Female,41,35-44,2026-04-07,New,GEO049,Inactive
CUST04005,Aditi Reddy,Male,42,35-44,2024-08-08,New,GEO076,Active
CUST04006,Vivaan Gupta,Male,39,35-44,2025-07-14,New,GEO026,Active
CUST04007,Neha Patel,Female,36,35-44,2024-07-12,New,GEO040,Active
CUST04008,Isha Gupta,Female,26,25-34,2025-08-11,New,GEO098,Active
CUST04009,Aditya Joshi,Male,57,55+,2024-06-26,Existing,GEO020,Inactive
CUST04010,Aditya Iyer,Female,32,25-34,2024-04-02,Existing,GEO012,Active
CUST04011,Kavya Nair,Male,35,35-44,2024-12-06,New,GEO109,Active
CUST04012,Vivaan Reddy,Female,24,18-24,2024-08-16,New,GEO104,Active
CUST04013,Isha Joshi,Male,38,35-44,2025-04-05,New,GEO086,Active
CUST04014,Diya Joshi,Female,23,18-24,2025-01-04,Existing,GEO085,Active
CUST04015,Meera Reddy,Female,40,35-44,2025-02-20,Existing,GEO042,Active
CUST04016,Riya Kumar,Male,27,25-34,2025-09-03,New,GEO053,Active
CUST04017,Meera Iyer,Male,41,35-44,2024-02-26,New,GEO120,Active
CUST04018,Sneha Shetty,Female,21,18-24,2024-04-17,Existing,GEO089,Active
CUST04019,Nisha Shetty,Male,21,18-24,2026-02-10,New,GEO021,Active
CUST04020,Aditi Patel,Male,28,25-34,2025-02-18,Existing,GEO106,Active
CUST04021,Pooja Nair,Male,29,25-34,2025-10-10,Existing,GEO022,Inactive
CUST04022,Aarav Joshi,Female,59,55+,2024-05-29,New,GEO081,Active
CUST04023,Aarav Sharma,Male,51,45-54,2026-02-02,Existing,GEO073,Active
CUST04024,Rohan Das,Female,28,25-34,2025-05-19,New,GEO071,Inactive
CUST04025,Rohan Sharma,Male,23,18-24,2024-06-10,New,GEO083,Inactive
CUST04026,Pooja Gupta,Female,37,35-44,2025-09-22,New,GEO033,Active
CUST04027,Rohan Rao,Female,55,55+,2024-05-05,Existing,GEO012,Active
CUST04028,Vivaan Nair,Male,41,35-44,2026-01-04,New,GEO091,Active
CUST04029,Sneha Sharma,Female,60,55+,2024-01-17,Existing,GEO071,Active
CUST04030,Aarav Singh,Male,31,25-34,2024-09-25,Existing,GEO109,Active
CUST04031,Sneha Gupta,Female,50,45-54,2025-04-06,Existing,GEO006,Active
CUST04032,Nisha Gupta,Male,36,35-44,2025-10-11,Existing,GEO056,Inactive
CUST04033,Arjun Mishra,Male,36,35-44,2024-02-06,Existing,GEO043,Active
CUST04034,Nisha Joshi,Male,47,45-54,2024-08-13,Existing,GEO068,Inactive
CUST04035,Diya Rao,Female,44,35-44,2025-03-11,New,GEO010,Active
CUST04036,Rohan Mishra,Male,44,35-44,2025-03-02,New,GEO108,Active
CUST04037,Karan Joshi,Male,25,25-34,2026-03-29,Existing,GEO002,Active
CUST04038,Isha Mishra,Female,50,45-54,2025-11-12,New,GEO097,Active
CUST04039,Ananya Kumar,Male,33,25-34,2024-07-31,Existing,GEO110,Active
CUST04040,Riya Iyer,Male,35,35-44,2026-01-05,Existing,GEO010,Active
CUST04041,Riya Gupta,Female,36,35-44,2026-04-08,New,GEO047,Active
CUST04042,Aditi Reddy,Female,39,35-44,2024-05-11,Existing,GEO113,Active
CUST04043,Vivaan Mehta,Female,46,45-54,2024-08-08,Existing,GEO094,Active
CUST04044,Aarav Das,Female,28,25-34,2025-05-20,Existing,GEO111,Inactive
CUST04045,Ananya Singh,Female,60,55+,2026-05-04,New,GEO076,Active
CUST04046,Rahul Joshi,Male,43,35-44,2026-06-12,New,GEO092,Active
CUST04047,Vikram Nair,Male,27,25-34,2024-06-06,New,GEO006,Inactive
CUST04048,Aditi Gupta,Female,52,45-54,2025-03-13,Existing,GEO088,Inactive
CUST04049,Pooja Joshi,Female,51,45-54,2025-10-16,New,GEO079,Inactive
CUST04050,Aditi Reddy,Female,37,35-44,2026-03-31,Existing,GEO035,Active
CUST04051,Riya Verma,Female,56,55+,2026-04-30,Existing,GEO019,Active
CUST04052,Karan Kumar,Female,34,25-34,2025-10-13,Existing,GEO042,Active
CUST04053,Diya Verma,Male,41,35-44,2025-05-30,Existing,GEO069,Inactive
CUST04054,Aditya Gupta,Male,37,35-44,2025-12-03,Existing,GEO068,Inactive
CUST04055,Ananya Das,Female,30,25-34,2025-03-30,New,GEO108,Active
CUST04056,Neha Nair,Female,59,55+,2025-03-10,New,GEO035,Inactive
CUST04057,Kavya Das,Female,42,35-44,2024-03-14,Existing,GEO040,Active
CUST04058,Nisha Rao,Female,59,55+,2025-03-27,Existing,GEO031,Active
CUST04059,Nisha Mehta,Male,23,18-24,2024-12-25,New,GEO008,Active
CUST04060,Vivaan Kumar,Male,45,45-54,2026-05-07,Existing,GEO074,Inactive
CUST04061,Neha Patel,Male,60,55+,2024-06-25,New,GEO068,Active
CUST04062,Diya Patel,Male,54,45-54,2024-11-08,Existing,GEO049,Inactive
CUST04063,Nisha Das,Male,55,55+,2025-08-04,Existing,GEO056,Active
CUST04064,Aarav Das,Male,25,25-34,2024-10-08,New,GEO026,Active
CUST04065,Ananya Mehta,Male,55,55+,2024-03-14,New,GEO057,Active
CUST04066,Pooja Kumar,Female,43,35-44,2025-02-13,Existing,GEO042,Active
CUST04067,Kavya Reddy,Female,37,35-44,2024-01-17,New,GEO115,Inactive
CUST04068,Neha Mishra,Female,22,18-24,2025-05-11,Existing,GEO082,Active
CUST04069,Ananya Gupta,Male,51,45-54,2024-02-19,New,GEO051,Active
CUST04070,Diya Gupta,Male,59,55+,2024-04-19,New,GEO091,Active
CUST04071,Rohan Das,Female,46,45-54,2026-01-26,Existing,GEO095,Active
CUST04072,Kavya Nair,Male,30,25-34,2026-06-19,New,GEO072,Active
CUST04073,Ananya Mehta,Female,21,18-24,2025-04-09,Existing,GEO071,Active
CUST04074,Rahul Singh,Male,25,25-34,2025-01-30,Existing,GEO028,Active
CUST04075,Nisha Iyer,Female,45,45-54,2025-10-18,Existing,GEO096,Inactive
CUST04076,Diya Das,Female,20,18-24,2025-07-28,New,GEO107,Inactive
CUST04077,Riya Gupta,Male,41,35-44,2025-11-13,New,GEO078,Active
CUST04078,Kavya Kumar,Female,49,45-54,2025-01-18,New,GEO074,Active
CUST04079,Priya Rao,Male,39,35-44,2026-03-23,New,GEO044,Active
CUST04080,Diya Joshi,Female,26,25-34,2024-10-09,New,GEO067,Active
CUST04081,Riya Verma,Female,53,45-54,2025-11-09,Existing,GEO057,Inactive
CUST04082,Ananya Rao,Female,47,45-54,2025-01-23,New,GEO062,Active
CUST04083,Diya Iyer,Female,43,35-44,2024-11-06,New,GEO082,Active
CUST04084,Pooja Shetty,Female,34,25-34,2025-07-03,Existing,GEO014,Active
CUST04085,Aarav Mehta,Male,46,45-54,2024-05-24,Existing,GEO099,Active
CUST04086,Vikram Iyer,Female,51,45-54,2025-12-11,New,GEO045,Active
CUST04087,Arjun Sharma,Female,43,35-44,2025-04-22,New,GEO015,Active
CUST04088,Isha Mehta,Female,41,35-44,2025-04-18,New,GEO099,Active
CUST04089,Aditya Mehta,Female,59,55+,2024-09-03,Existing,GEO089,Inactive
CUST04090,Kavya Verma,Male,28,25-34,2024-12-26,Existing,GEO052,Active
CUST04091,Neha Shetty,Male,26,25-34,2024-12-16,Existing,GEO040,Active
CUST04092,Kavya Verma,Female,45,45-54,2026-06-15,New,GEO080,Active
CUST04093,Rohan Joshi,Male,29,25-34,2026-05-31,Existing,GEO048,Active
CUST04094,Riya Das,Male,55,55+,2026-05-04,Existing,GEO063,Active
CUST04095,Arjun Shetty,Female,51,45-54,2025-05-28,Existing,GEO052,Active
CUST04096,Arjun Das,Female,29,25-34,2025-10-05,New,GEO053,Active
CUST04097,Priya Verma,Male,35,35-44,2026-01-29,New,GEO039,Active
CUST04098,Sneha Das,Male,49,45-54,2024-09-14,Existing,GEO082,Active
CUST04099,Riya Verma,Female,36,35-44,2025-11-16,New,GEO038,Active
CUST04100,Ananya Rao,Female,55,55+,2025-12-31,Existing,GEO006,Active
CUST04101,Sneha Sharma,Female,51,45-54,2025-01-16,New,GEO060,Active
CUST04102,Aarav Kumar,Female,32,25-34,2024-04-13,Existing,GEO045,Active
CUST04103,Vivaan Singh,Male,22,18-24,2025-03-24,Existing,GEO074,Active
CUST04104,Aditi Singh,Male,56,55+,2025-05-15,New,GEO121,Active
CUST04105,Rohan Kumar,Male,40,35-44,2025-02-11,Existing,GEO075,Active
CUST04106,Sneha Shetty,Female,55,55+,2025-03-31,New,GEO046,Active
CUST04107,Kavya Mishra,Female,47,45-54,2024-09-02,Existing,GEO091,Inactive
CUST04108,Isha Patel,Female,22,18-24,2024-02-29,New,GEO069,Active
CUST04109,Vikram Das,Male,37,35-44,2024-08-06,Existing,GEO105,Active
CUST04110,Neha Reddy,Male,32,25-34,2024-03-17,New,GEO078,Inactive
CUST04111,Priya Rao,Male,39,35-44,2025-05-19,New,GEO056,Inactive
CUST04112,Riya Singh,Female,34,25-34,2025-05-06,Existing,GEO099,Active
CUST04113,Aarav Shetty,Male,37,35-44,2024-07-19,New,GEO118,Inactive
CUST04114,Meera Mehta,Female,34,25-34,2026-03-03,Existing,GEO072,Active
CUST04115,Rahul Mehta,Male,44,35-44,2025-06-09,Existing,GEO024,Inactive
CUST04116,Riya Iyer,Female,35,35-44,2026-04-09,New,GEO019,Inactive
CUST04117,Rohan Shetty,Male,47,45-54,2024-03-31,New,GEO026,Active
CUST04118,Rahul Nair,Female,24,18-24,2025-10-03,New,GEO104,Inactive
CUST04119,Pooja Das,Male,25,25-34,2025-08-22,New,GEO108,Active
CUST04120,Ananya Verma,Female,59,55+,2025-02-07,Existing,GEO081,Active
CUST04121,Karan Patel,Female,44,35-44,2025-12-17,Existing,GEO088,Active
CUST04122,Arjun Joshi,Female,37,35-44,2024-03-19,New,GEO103,Active
CUST04123,Isha Reddy,Male,25,25-34,2025-01-26,New,GEO088,Active
CUST04124,Aditi Mehta,Male,29,25-34,2024-07-30,New,GEO089,Active
CUST04125,Priya Das,Female,48,45-54,2025-06-09,New,GEO069,Active
CUST04126,Sneha Shetty,Male,51,45-54,2024-09-23,New,GEO022,Active
CUST04127,Nisha Reddy,Female,24,18-24,2025-11-08,New,GEO032,Active
CUST04128,Arjun Patel,Male,37,35-44,2024-04-09,Existing,GEO022,Active
CUST04129,Aarav Joshi,Male,44,35-44,2024-07-19,Existing,GEO113,Inactive
CUST04130,Vivaan Gupta,Female,38,35-44,2025-05-09,New,GEO054,Inactive
CUST04131,Vikram Das,Male,47,45-54,2025-07-10,Existing,GEO049,Active
CUST04132,Pooja Singh,Female,58,55+,2024-01-03,Existing,GEO089,Active
CUST04133,Arjun Verma,Female,60,55+,2024-07-08,New,GEO006,Active
CUST04134,Vivaan Shetty,Female,54,45-54,2025-07-28,Existing,GEO014,Inactive
CUST04135,Vikram Mishra,Male,56,55+,2024-02-15,New,GEO050,Active
CUST04136,Diya Singh,Female,41,35-44,2024-09-19,Existing,GEO039,Active
CUST04137,Vivaan Nair,Male,57,55+,2025-02-14,New,GEO078,Active
CUST04138,Riya Sharma,Female,44,35-44,2026-03-26,Existing,GEO083,Active
CUST04139,Ananya Mehta,Female,34,25-34,2024-05-13,New,GEO091,Inactive
CUST04140,Aditya Gupta,Male,23,18-24,2025-07-19,Existing,GEO072,Active
CUST04141,Rohan Rao,Female,32,25-34,2025-07-11,Existing,GEO060,Active
CUST04142,Arjun Nair,Female,49,45-54,2024-06-28,New,GEO009,Active
CUST04143,Rohan Das,Female,60,55+,2026-01-16,Existing,GEO022,Inactive
CUST04144,Arjun Singh,Male,20,18-24,2024-06-27,New,GEO071,Inactive
CUST04145,Aarav Patel,Female,43,35-44,2025-06-10,New,GEO026,Active
CUST04146,Nisha Mehta,Male,54,45-54,2026-02-13,Existing,GEO025,Active
CUST04147,Isha Reddy,Female,20,18-24,2025-01-05,Existing,GEO109,Active
CUST04148,Neha Singh,Female,50,45-54,2024-12-12,New,GEO099,Active
CUST04149,Rahul Gupta,Male,27,25-34,2026-06-16,New,GEO039,Active
CUST04150,Vikram Reddy,Male,25,25-34,2025-07-10,New,GEO074,Active
CUST04151,Riya Sharma,Female,43,35-44,2025-08-02,New,GEO044,Inactive
CUST04152,Aditya Mehta,Female,26,25-34,2025-05-19,Existing,GEO090,Active
CUST04153,Meera Joshi,Male,32,25-34,2024-12-19,Existing,GEO117,Active
CUST04154,Rohan Iyer,Female,56,55+,2024-03-16,Existing,GEO001,Active
CUST04155,Aditi Das,Female,25,25-34,2024-09-16,New,GEO098,Active
CUST04156,Sneha Joshi,Male,33,25-34,2025-04-03,Existing,GEO015,Inactive
CUST04157,Meera Mehta,Female,45,45-54,2025-04-20,New,GEO002,Inactive
CUST04158,Ananya Shetty,Male,37,35-44,2024-11-13,Existing,GEO087,Active
CUST04159,Vikram Sharma,Female,25,25-34,2026-02-17,New,GEO029,Active
CUST04160,Isha Nair,Female,36,35-44,2026-02-05,Existing,GEO115,Active
CUST04161,Aarav Iyer,Male,41,35-44,2026-03-09,Existing,GEO115,Active
CUST04162,Isha Gupta,Female,57,55+,2025-12-18,New,GEO108,Active
CUST04163,Sneha Sharma,Male,54,45-54,2024-12-18,Existing,GEO109,Active
CUST04164,Isha Rao,Female,30,25-34,2024-02-22,Existing,GEO105,Active
CUST04165,Arjun Kumar,Female,50,45-54,2026-05-01,New,GEO007,Inactive
CUST04166,Priya Mishra,Female,56,55+,2025-02-05,Existing,GEO047,Active
CUST04167,Isha Patel,Female,42,35-44,2024-12-15,Existing,GEO020,Active
CUST04168,Nisha Nair,Male,44,35-44,2024-10-30,Existing,GEO121,Active
CUST04169,Nisha Iyer,Male,33,25-34,2025-09-15,Existing,GEO068,Active
CUST04170,Meera Singh,Male,46,45-54,2026-05-13,New,GEO119,Inactive
CUST04171,Rohan Mishra,Male,24,18-24,2025-06-15,Existing,GEO101,Inactive
CUST04172,Isha Verma,Female,22,18-24,2025-03-27,Existing,GEO060,Active
CUST04173,Sneha Reddy,Female,33,25-34,2024-05-27,Existing,GEO060,Active
CUST04174,Aditya Sharma,Male,48,45-54,2025-11-17,Existing,GEO098,Active
CUST04175,Aditi Rao,Male,42,35-44,2024-05-13,Existing,GEO023,Active
CUST04176,Rahul Iyer,Female,22,18-24,2025-07-06,New,GEO021,Active
CUST04177,Rohan Reddy,Male,32,25-34,2024-02-23,New,GEO033,Active
CUST04178,Sneha Mehta,Male,44,35-44,2026-03-17,New,GEO107,Inactive
CUST04179,Vikram Shetty,Female,56,55+,2025-12-25,New,GEO052,Active
CUST04180,Isha Joshi,Male,28,25-34,2024-12-15,Existing,GEO042,Active
CUST04181,Rohan Joshi,Female,58,55+,2024-04-02,Existing,GEO032,Inactive
CUST04182,Sneha Mehta,Male,23,18-24,2026-03-15,Existing,GEO033,Active
CUST04183,Ananya Reddy,Female,38,35-44,2026-03-09,New,GEO015,Active
CUST04184,Kavya Iyer,Male,36,35-44,2025-01-05,New,GEO068,Active
CUST04185,Meera Das,Male,40,35-44,2025-03-30,Existing,GEO017,Active
CUST04186,Aditi Mehta,Male,41,35-44,2025-05-06,Existing,GEO071,Inactive
CUST04187,Rahul Sharma,Female,54,45-54,2024-01-29,New,GEO093,Active
CUST04188,Aditya Mishra,Male,30,25-34,2024-09-12,Existing,GEO005,Active
CUST04189,Sneha Singh,Female,59,55+,2025-07-27,New,GEO076,Active
CUST04190,Nisha Das,Female,54,45-54,2025-08-02,Existing,GEO021,Inactive
CUST04191,Rahul Das,Male,32,25-34,2024-09-14,Existing,GEO073,Active
CUST04192,Arjun Verma,Male,46,45-54,2025-08-13,Existing,GEO040,Active
CUST04193,Vikram Reddy,Female,27,25-34,2024-01-09,New,GEO070,Active
CUST04194,Ananya Kumar,Male,50,45-54,2024-01-20,New,GEO023,Inactive
CUST04195,Aditya Patel,Female,39,35-44,2025-12-02,New,GEO019,Active
CUST04196,Pooja Nair,Male,20,18-24,2026-01-10,Existing,GEO047,Active
CUST04197,Nisha Verma,Female,24,18-24,2024-10-09,New,GEO085,Active
CUST04198,Meera Patel,Female,23,18-24,2025-02-19,Existing,GEO041,Active
CUST04199,Sneha Shetty,Female,26,25-34,2024-06-24,Existing,GEO033,Active
CUST04200,Sneha Sharma,Male,30,25-34,2024-08-23,Existing,GEO069,Active
CUST04201,Aarav Rao,Male,38,35-44,2024-07-25,Existing,GEO065,Inactive
CUST04202,Aditi Reddy,Male,29,25-34,2025-12-06,Existing,GEO069,Active
CUST04203,Aditya Mehta,Male,47,45-54,2026-03-25,Existing,GEO043,Inactive
CUST04204,Rohan Singh,Male,58,55+,2024-08-22,Existing,GEO010,Active
CUST04205,Arjun Rao,Female,54,45-54,2025-05-27,Existing,GEO001,Active
CUST04206,Arjun Rao,Male,43,35-44,2026-01-09,Existing,GEO064,Inactive
CUST04207,Rohan Nair,Male,28,25-34,2025-09-24,New,GEO074,Active
CUST04208,Aditi Patel,Male,22,18-24,2026-05-18,Existing,GEO017,Active
CUST04209,Isha Mehta,Male,34,25-34,2025-08-01,New,GEO107,Active
CUST04210,Pooja Rao,Male,56,55+,2026-02-11,Existing,GEO065,Active
CUST04211,Aditi Shetty,Male,57,55+,2024-12-17,Existing,GEO118,Active
CUST04212,Karan Das,Male,27,25-34,2025-03-15,Existing,GEO011,Active
CUST04213,Isha Nair,Male,58,55+,2024-01-20,Existing,GEO039,Active
CUST04214,Aditi Das,Male,39,35-44,2024-11-02,Existing,GEO106,Active
CUST04215,Sneha Patel,Female,57,55+,2024-06-11,Existing,GEO077,Active
CUST04216,Aditya Patel,Male,53,45-54,2025-12-10,Existing,GEO084,Inactive
CUST04217,Meera Gupta,Male,48,45-54,2026-02-16,Existing,GEO062,Active
CUST04218,Priya Reddy,Female,36,35-44,2024-07-14,Existing,GEO111,Active
CUST04219,Pooja Patel,Female,59,55+,2025-06-15,Existing,GEO047,Inactive
CUST04220,Priya Reddy,Female,27,25-34,2025-02-19,New,GEO107,Active
CUST04221,Vikram Iyer,Male,59,55+,2026-02-20,New,GEO083,Active
CUST04222,Riya Mehta,Female,28,25-34,2025-04-27,Existing,GEO007,Active
CUST04223,Diya Kumar,Female,23,18-24,2024-01-10,Existing,GEO090,Active
CUST04224,Meera Patel,Male,50,45-54,2025-05-04,Existing,GEO113,Active
CUST04225,Rohan Patel,Female,45,45-54,2025-12-12,Existing,GEO034,Active
CUST04226,Diya Reddy,Male,22,18-24,2025-02-26,New,GEO077,Active
CUST04227,Ananya Patel,Male,37,35-44,2024-04-12,Existing,GEO031,Active
CUST04228,Rahul Singh,Female,27,25-34,2024-07-07,Existing,GEO117,Active
CUST04229,Ananya Singh,Female,36,35-44,2026-06-06,New,GEO113,Active
CUST04230,Neha Patel,Male,60,55+,2025-06-18,New,GEO028,Active
CUST04231,Priya Patel,Female,59,55+,2025-04-04,New,GEO074,Active
CUST04232,Meera Mishra,Female,40,35-44,2025-12-01,Existing,GEO101,Inactive
CUST04233,Diya Sharma,Female,25,25-34,2024-09-12,New,GEO022,Inactive
CUST04234,Vikram Singh,Female,30,25-34,2025-04-21,Existing,GEO002,Active
CUST04235,Riya Sharma,Male,32,25-34,2025-09-11,New,GEO091,Active
CUST04236,Isha Singh,Female,47,45-54,2026-05-12,New,GEO111,Active
CUST04237,Nisha Verma,Male,39,35-44,2025-04-07,New,GEO108,Active
CUST04238,Vivaan Gupta,Female,40,35-44,2025-11-05,Existing,GEO023,Active
CUST04239,Pooja Rao,Female,27,25-34,2025-09-26,New,GEO093,Active
CUST04240,Neha Rao,Female,47,45-54,2025-01-07,New,GEO080,Active
CUST04241,Riya Singh,Male,39,35-44,2025-12-01,New,GEO036,Active
CUST04242,Kavya Patel,Male,33,25-34,2026-03-21,Existing,GEO072,Active
CUST04243,Vikram Mehta,Female,41,35-44,2024-07-21,New,GEO115,Active
CUST04244,Vikram Iyer,Male,35,35-44,2025-05-07,Existing,GEO032,Active
CUST04245,Meera Iyer,Male,23,18-24,2024-08-23,New,GEO109,Active
CUST04246,Pooja Mishra,Female,29,25-34,2026-02-15,Existing,GEO003,Active
CUST04247,Vivaan Reddy,Female,32,25-34,2024-06-10,New,GEO045,Active
CUST04248,Vivaan Patel,Male,40,35-44,2025-02-13,New,GEO106,Active
CUST04249,Aarav Verma,Male,40,35-44,2026-04-18,New,GEO047,Active
CUST04250,Riya Iyer,Female,40,35-44,2024-02-25,New,GEO035,Active
CUST04251,Sneha Iyer,Female,29,25-34,2024-12-15,New,GEO011,Active
CUST04252,Aditya Patel,Female,43,35-44,2026-05-26,Existing,GEO030,Active
CUST04253,Aditya Mehta,Male,51,45-54,2025-08-23,New,GEO106,Active
CUST04254,Vikram Gupta,Female,21,18-24,2026-01-02,Existing,GEO079,Active
CUST04255,Ananya Gupta,Female,24,18-24,2024-04-22,Existing,GEO110,Active
CUST04256,Sneha Singh,Female,42,35-44,2024-05-04,New,GEO023,Active
CUST04257,Aarav Mehta,Female,37,35-44,2024-09-08,Existing,GEO016,Inactive
CUST04258,Aditi Shetty,Male,28,25-34,2025-11-18,Existing,GEO115,Inactive
CUST04259,Aarav Mehta,Female,35,35-44,2024-05-14,New,GEO059,Inactive
CUST04260,Priya Patel,Female,24,18-24,2024-02-12,New,GEO041,Inactive
CUST04261,Meera Rao,Female,52,45-54,2025-11-14,Existing,GEO059,Active
CUST04262,Karan Gupta,Male,39,35-44,2025-12-03,Existing,GEO004,Active
CUST04263,Vivaan Kumar,Male,57,55+,2024-04-21,Existing,GEO098,Inactive
CUST04264,Karan Rao,Male,26,25-34,2026-01-20,New,GEO063,Active
CUST04265,Neha Das,Male,54,45-54,2024-02-09,Existing,GEO085,Active
CUST04266,Nisha Kumar,Male,44,35-44,2025-07-22,Existing,GEO066,Inactive
CUST04267,Nisha Mehta,Female,54,45-54,2024-03-31,Existing,GEO120,Inactive
CUST04268,Vivaan Shetty,Male,58,55+,2024-12-24,Existing,GEO043,Inactive
CUST04269,Pooja Patel,Male,55,55+,2025-01-24,New,GEO002,Inactive
CUST04270,Aarav Gupta,Female,29,25-34,2024-06-09,New,GEO087,Active
CUST04271,Karan Verma,Male,48,45-54,2025-10-09,New,GEO046,Inactive
CUST04272,Nisha Reddy,Male,38,35-44,2025-04-22,New,GEO069,Active
CUST04273,Isha Mishra,Female,23,18-24,2025-09-10,Existing,GEO014,Active
CUST04274,Aditi Reddy,Female,42,35-44,2025-09-14,Existing,GEO060,Active
CUST04275,Neha Rao,Female,36,35-44,2025-05-07,New,GEO121,Inactive
CUST04276,Kavya Kumar,Female,44,35-44,2025-04-05,Existing,GEO098,Inactive
CUST04277,Priya Nair,Male,26,25-34,2025-03-11,Existing,GEO006,Active
CUST04278,Sneha Reddy,Female,58,55+,2026-04-20,Existing,GEO032,Active
CUST04279,Isha Reddy,Male,52,45-54,2025-10-02,New,GEO003,Active
CUST04280,Kavya Singh,Female,28,25-34,2025-06-25,Existing,GEO098,Active
CUST04281,Pooja Verma,Female,35,35-44,2025-12-21,New,GEO003,Active
CUST04282,Aditi Verma,Female,26,25-34,2025-05-22,New,GEO076,Active
CUST04283,Priya Joshi,Male,46,45-54,2025-01-15,Existing,GEO087,Active
CUST04284,Neha Shetty,Male,20,18-24,2024-05-27,New,GEO018,Active
CUST04285,Aarav Shetty,Female,38,35-44,2024-11-24,New,GEO044,Active
CUST04286,Vivaan Shetty,Male,57,55+,2025-06-03,New,GEO073,Inactive
CUST04287,Nisha Joshi,Female,45,45-54,2024-08-30,Existing,GEO018,Active
CUST04288,Karan Sharma,Male,44,35-44,2025-02-05,New,GEO103,Active
CUST04289,Vivaan Sharma,Male,35,35-44,2026-03-01,New,GEO075,Active
CUST04290,Rahul Rao,Male,38,35-44,2024-11-16,Existing,GEO080,Active
CUST04291,Neha Kumar,Female,21,18-24,2025-12-09,Existing,GEO073,Inactive
CUST04292,Sneha Patel,Female,40,35-44,2025-02-27,Existing,GEO089,Active
CUST04293,Diya Das,Male,42,35-44,2025-06-18,Existing,GEO021,Active
CUST04294,Ananya Shetty,Male,41,35-44,2025-04-08,Existing,GEO008,Active
CUST04295,Vivaan Patel,Male,30,25-34,2024-09-12,New,GEO115,Active
CUST04296,Isha Verma,Female,22,18-24,2025-01-26,New,GEO024,Active
CUST04297,Riya Gupta,Female,25,25-34,2025-06-15,New,GEO106,Active
CUST04298,Nisha Mishra,Male,26,25-34,2026-03-01,New,GEO044,Active
CUST04299,Vivaan Gupta,Female,46,45-54,2025-03-17,New,GEO109,Active
CUST04300,Nisha Joshi,Male,33,25-34,2025-05-14,Existing,GEO099,Active
CUST04301,Aditi Singh,Male,51,45-54,2025-08-20,New,GEO054,Active
CUST04302,Sneha Rao,Male,40,35-44,2025-04-30,Existing,GEO107,Active
CUST04303,Aarav Patel,Female,39,35-44,2024-06-08,New,GEO103,Active
CUST04304,Aditi Joshi,Male,55,55+,2024-09-14,Existing,GEO025,Active
CUST04305,Isha Kumar,Female,35,35-44,2024-08-28,Existing,GEO047,Active
CUST04306,Arjun Mishra,Male,34,25-34,2026-05-07,New,GEO090,Active
CUST04307,Riya Das,Female,44,35-44,2025-10-08,New,GEO118,Active
CUST04308,Riya Singh,Male,27,25-34,2025-11-16,New,GEO050,Active
CUST04309,Aditya Mehta,Female,21,18-24,2025-04-10,New,GEO107,Active
CUST04310,Ananya Mehta,Male,57,55+,2026-01-21,Existing,GEO085,Active
CUST04311,Aditi Joshi,Female,39,35-44,2025-02-23,New,GEO038,Active
CUST04312,Aditya Iyer,Male,22,18-24,2024-09-25,New,GEO026,Active
CUST04313,Aditi Shetty,Male,53,45-54,2024-04-23,New,GEO040,Active
CUST04314,Vikram Patel,Male,41,35-44,2025-12-15,Existing,GEO082,Active
CUST04315,Priya Verma,Male,48,45-54,2024-11-13,New,GEO065,Active
CUST04316,Neha Das,Male,46,45-54,2025-08-09,New,GEO104,Inactive
CUST04317,Nisha Verma,Male,49,45-54,2024-10-30,New,GEO009,Active
CUST04318,Kavya Das,Male,32,25-34,2024-09-25,Existing,GEO035,Active
CUST04319,Rohan Verma,Male,50,45-54,2026-02-21,Existing,GEO085,Inactive
CUST04320,Vivaan Verma,Female,58,55+,2026-03-20,Existing,GEO004,Active
CUST04321,Neha Rao,Female,33,25-34,2024-09-28,Existing,GEO001,Active
CUST04322,Vikram Singh,Male,35,35-44,2025-12-26,Existing,GEO012,Active
CUST04323,Aditya Sharma,Female,60,55+,2024-11-03,Existing,GEO003,Active
CUST04324,Isha Nair,Female,30,25-34,2026-02-16,New,GEO121,Active
CUST04325,Pooja Mishra,Male,55,55+,2024-12-22,Existing,GEO031,Active
CUST04326,Aditi Rao,Male,22,18-24,2024-01-28,Existing,GEO083,Active
CUST04327,Arjun Patel,Female,38,35-44,2026-03-16,Existing,GEO029,Inactive
CUST04328,Aarav Sharma,Female,22,18-24,2024-10-22,Existing,GEO057,Active
CUST04329,Diya Iyer,Female,53,45-54,2025-04-20,Existing,GEO100,Active
CUST04330,Aditya Verma,Female,52,45-54,2025-06-13,New,GEO115,Active
CUST04331,Vivaan Mishra,Male,45,45-54,2024-01-26,Existing,GEO103,Inactive
CUST04332,Pooja Das,Male,20,18-24,2025-03-31,New,GEO084,Inactive
CUST04333,Karan Das,Female,40,35-44,2025-09-01,New,GEO105,Active
CUST04334,Aditya Verma,Male,48,45-54,2024-04-23,New,GEO074,Inactive
CUST04335,Diya Sharma,Male,23,18-24,2024-10-11,New,GEO119,Active
CUST04336,Aditya Das,Female,37,35-44,2024-10-27,Existing,GEO043,Inactive
CUST04337,Vikram Reddy,Female,48,45-54,2024-08-20,Existing,GEO085,Inactive
CUST04338,Vikram Rao,Female,41,35-44,2024-06-14,New,GEO062,Active
CUST04339,Vikram Mishra,Male,33,25-34,2025-01-03,New,GEO113,Active
CUST04340,Sneha Nair,Male,39,35-44,2025-01-28,New,GEO093,Inactive
CUST04341,Isha Reddy,Female,27,25-34,2025-10-25,New,GEO059,Active
CUST04342,Meera Gupta,Female,56,55+,2026-02-20,New,GEO035,Inactive
CUST04343,Aditi Mehta,Male,29,25-34,2026-03-22,Existing,GEO109,Inactive
CUST04344,Diya Patel,Male,41,35-44,2026-05-05,Existing,GEO085,Inactive
CUST04345,Aditya Iyer,Female,55,55+,2025-11-10,New,GEO119,Active
CUST04346,Arjun Mishra,Male,37,35-44,2026-03-21,Existing,GEO118,Inactive
CUST04347,Aarav Nair,Male,48,45-54,2025-03-16,Existing,GEO072,Active
CUST04348,Ananya Verma,Male,50,45-54,2026-04-24,New,GEO016,Active
CUST04349,Aarav Singh,Male,44,35-44,2024-12-13,New,GEO120,Active
CUST04350,Sneha Reddy,Female,36,35-44,2024-11-05,Existing,GEO002,Active
CUST04351,Pooja Sharma,Female,38,35-44,2025-01-04,New,GEO077,Active
CUST04352,Arjun Gupta,Male,36,35-44,2025-05-01,Existing,GEO051,Active
CUST04353,Diya Mehta,Female,43,35-44,2024-05-09,New,GEO043,Active
CUST04354,Vivaan Sharma,Male,59,55+,2025-02-02,New,GEO086,Active
CUST04355,Ananya Singh,Male,27,25-34,2024-03-26,New,GEO054,Active
CUST04356,Aditi Iyer,Female,57,55+,2024-07-16,Existing,GEO099,Active
CUST04357,Vikram Sharma,Male,28,25-34,2026-05-25,New,GEO087,Active
CUST04358,Sneha Mehta,Female,32,25-34,2025-11-12,New,GEO098,Inactive
CUST04359,Karan Kumar,Male,50,45-54,2024-07-20,New,GEO034,Active
CUST04360,Isha Shetty,Male,53,45-54,2025-05-20,New,GEO081,Inactive
CUST04361,Meera Kumar,Female,43,35-44,2026-01-12,New,GEO017,Active
CUST04362,Rohan Sharma,Male,53,45-54,2026-06-18,Existing,GEO028,Active
CUST04363,Priya Kumar,Female,53,45-54,2026-04-21,Existing,GEO050,Active
CUST04364,Aarav Patel,Male,60,55+,2026-04-28,New,GEO053,Active
CUST04365,Vikram Singh,Female,27,25-34,2025-09-14,New,GEO041,Active
CUST04366,Neha Sharma,Female,46,45-54,2025-03-20,New,GEO019,Active
CUST04367,Riya Gupta,Male,56,55+,2025-12-31,New,GEO085,Active
CUST04368,Aditi Patel,Male,41,35-44,2026-03-18,Existing,GEO104,Inactive
CUST04369,Diya Reddy,Male,26,25-34,2025-01-24,Existing,GEO075,Active
CUST04370,Rahul Mishra,Female,58,55+,2026-05-15,New,GEO041,Active
CUST04371,Neha Iyer,Female,59,55+,2026-02-18,Existing,GEO088,Active
CUST04372,Aditi Singh,Female,35,35-44,2026-02-24,New,GEO112,Active
CUST04373,Vikram Reddy,Female,24,18-24,2026-03-12,New,GEO055,Active
CUST04374,Aditi Verma,Male,21,18-24,2024-11-24,Existing,GEO011,Active
CUST04375,Vivaan Das,Female,40,35-44,2025-08-31,Existing,GEO090,Active
CUST04376,Vivaan Patel,Female,50,45-54,2025-09-16,Existing,GEO074,Active
CUST04377,Neha Singh,Male,29,25-34,2025-12-31,New,GEO060,Active
CUST04378,Sneha Singh,Female,27,25-34,2024-07-01,New,GEO028,Active
CUST04379,Priya Kumar,Female,32,25-34,2025-06-04,New,GEO023,Active
CUST04380,Vikram Gupta,Female,42,35-44,2025-04-24,Existing,GEO118,Active
CUST04381,Riya Nair,Female,58,55+,2025-05-15,Existing,GEO009,Active
CUST04382,Aditya Kumar,Female,36,35-44,2024-10-02,New,GEO062,Active
CUST04383,Karan Gupta,Female,45,45-54,2024-01-13,Existing,GEO019,Active
CUST04384,Meera Kumar,Female,45,45-54,2026-06-02,New,GEO021,Active
CUST04385,Rahul Reddy,Female,55,55+,2026-01-17,New,GEO004,Active
CUST04386,Sneha Reddy,Male,54,45-54,2025-01-05,New,GEO096,Active
CUST04387,Neha Shetty,Male,56,55+,2025-10-05,New,GEO066,Inactive
CUST04388,Arjun Sharma,Male,34,25-34,2026-03-29,Existing,GEO088,Active
CUST04389,Isha Reddy,Male,25,25-34,2025-10-13,Existing,GEO046,Active
CUST04390,Rahul Sharma,Female,54,45-54,2024-06-01,Existing,GEO018,Active
CUST04391,Aarav Joshi,Female,24,18-24,2026-05-15,Existing,GEO018,Inactive
CUST04392,Rahul Verma,Male,36,35-44,2025-03-23,Existing,GEO098,Active
CUST04393,Aditya Patel,Female,60,55+,2024-11-30,Existing,GEO046,Active
CUST04394,Kavya Mishra,Male,25,25-34,2024-01-19,New,GEO005,Active
CUST04395,Aditi Das,Female,59,55+,2025-12-06,Existing,GEO091,Active
CUST04396,Rahul Reddy,Female,28,25-34,2026-06-17,New,GEO002,Active
CUST04397,Rohan Patel,Male,46,45-54,2025-04-07,New,GEO042,Active
CUST04398,Karan Shetty,Male,29,25-34,2024-01-03,Existing,GEO088,Active
CUST04399,Isha Nair,Female,60,55+,2024-07-21,New,GEO074,Active
CUST04400,Aditi Sharma,Male,47,45-54,2026-05-19,New,GEO112,Inactive
CUST04401,Meera Mehta,Male,45,45-54,2024-05-06,Existing,GEO079,Inactive
CUST04402,Priya Sharma,Female,55,55+,2026-01-14,New,GEO027,Active
CUST04403,Neha Kumar,Female,36,35-44,2024-10-12,New,GEO050,Active
CUST04404,Riya Verma,Female,47,45-54,2024-09-27,New,GEO004,Active
CUST04405,Aarav Kumar,Female,38,35-44,2025-07-19,Existing,GEO094,Active
CUST04406,Rohan Rao,Female,51,45-54,2024-11-02,Existing,GEO107,Active
CUST04407,Rohan Iyer,Male,53,45-54,2025-08-23,New,GEO016,Active
CUST04408,Aarav Shetty,Female,20,18-24,2026-04-17,Existing,GEO079,Inactive
CUST04409,Ananya Mehta,Male,26,25-34,2024-05-05,New,GEO091,Active
CUST04410,Vikram Gupta,Male,43,35-44,2025-12-15,New,GEO018,Active
CUST04411,Isha Shetty,Male,40,35-44,2025-04-11,Existing,GEO031,Active
CUST04412,Priya Verma,Male,37,35-44,2025-12-17,Existing,GEO023,Active
CUST04413,Arjun Kumar,Female,32,25-34,2024-02-17,New,GEO118,Active
CUST04414,Nisha Shetty,Female,30,25-34,2024-11-23,Existing,GEO107,Active
CUST04415,Aditi Joshi,Female,49,45-54,2025-12-22,New,GEO052,Active
CUST04416,Neha Joshi,Male,34,25-34,2025-03-31,New,GEO031,Active
CUST04417,Aditi Mishra,Female,36,35-44,2026-04-01,New,GEO091,Inactive
CUST04418,Priya Mehta,Female,27,25-34,2024-03-10,New,GEO023,Active
CUST04419,Priya Shetty,Female,43,35-44,2025-12-09,Existing,GEO077,Active
CUST04420,Kavya Rao,Female,22,18-24,2026-01-24,Existing,GEO057,Active
CUST04421,Diya Mehta,Female,48,45-54,2025-09-05,New,GEO014,Active
CUST04422,Priya Das,Male,48,45-54,2024-01-19,Existing,GEO060,Inactive
CUST04423,Neha Nair,Female,29,25-34,2026-06-14,New,GEO012,Inactive
CUST04424,Riya Verma,Female,20,18-24,2025-06-27,New,GEO103,Active
CUST04425,Arjun Das,Male,42,35-44,2024-07-04,New,GEO026,Inactive
CUST04426,Aarav Mishra,Female,53,45-54,2024-03-03,New,GEO035,Inactive
CUST04427,Nisha Shetty,Male,47,45-54,2024-05-13,New,GEO001,Inactive
CUST04428,Arjun Gupta,Female,37,35-44,2024-04-18,New,GEO094,Inactive
CUST04429,Arjun Shetty,Male,56,55+,2025-04-22,Existing,GEO090,Inactive
CUST04430,Nisha Shetty,Male,23,18-24,2024-08-04,Existing,GEO096,Active
CUST04431,Aditi Mehta,Female,29,25-34,2026-01-21,Existing,GEO066,Active
CUST04432,Vikram Rao,Female,54,45-54,2026-03-05,Existing,GEO051,Active
CUST04433,Aarav Verma,Male,23,18-24,2025-10-22,New,GEO064,Active
CUST04434,Neha Nair,Female,59,55+,2026-03-11,Existing,GEO088,Active
CUST04435,Vivaan Verma,Female,39,35-44,2024-04-22,Existing,GEO075,Active
CUST04436,Ananya Iyer,Male,47,45-54,2025-01-29,New,GEO039,Inactive
CUST04437,Sneha Sharma,Male,42,35-44,2025-12-06,Existing,GEO032,Active
CUST04438,Nisha Nair,Male,57,55+,2025-09-17,New,GEO060,Inactive
CUST04439,Nisha Das,Female,43,35-44,2025-04-06,New,GEO119,Inactive
CUST04440,Aditi Kumar,Female,41,35-44,2025-11-12,Existing,GEO062,Active
CUST04441,Vivaan Verma,Female,33,25-34,2025-11-24,New,GEO008,Inactive
CUST04442,Sneha Kumar,Female,26,25-34,2025-04-21,New,GEO041,Active
CUST04443,Nisha Joshi,Male,60,55+,2025-05-18,New,GEO050,Active
CUST04444,Nisha Nair,Male,29,25-34,2024-07-21,Existing,GEO002,Active
CUST04445,Riya Rao,Female,32,25-34,2025-08-18,Existing,GEO017,Active
CUST04446,Aditya Das,Male,22,18-24,2024-08-17,New,GEO120,Inactive
CUST04447,Isha Reddy,Male,40,35-44,2024-06-11,Existing,GEO089,Active
CUST04448,Isha Patel,Female,27,25-34,2025-09-30,Existing,GEO077,Active
CUST04449,Vikram Iyer,Male,32,25-34,2024-05-11,Existing,GEO063,Active
CUST04450,Diya Nair,Female,38,35-44,2026-03-22,New,GEO075,Active
CUST04451,Kavya Gupta,Female,42,35-44,2025-01-11,Existing,GEO006,Active
CUST04452,Arjun Verma,Male,22,18-24,2025-02-24,Existing,GEO010,Active
CUST04453,Kavya Rao,Female,46,45-54,2024-09-28,Existing,GEO103,Inactive
CUST04454,Rahul Kumar,Male,45,45-54,2026-02-23,New,GEO119,Active
CUST04455,Aarav Mehta,Male,60,55+,2025-05-04,Existing,GEO042,Active
CUST04456,Rohan Patel,Female,48,45-54,2024-04-15,New,GEO117,Active
CUST04457,Sneha Iyer,Male,60,55+,2025-01-08,Existing,GEO054,Active
CUST04458,Kavya Nair,Male,35,35-44,2024-09-19,Existing,GEO104,Active
CUST04459,Rohan Singh,Female,57,55+,2024-02-22,New,GEO091,Active
CUST04460,Pooja Verma,Male,47,45-54,2025-05-26,Existing,GEO119,Active
CUST04461,Meera Mehta,Male,34,25-34,2025-05-14,New,GEO074,Active
CUST04462,Aarav Joshi,Female,36,35-44,2024-02-06,New,GEO089,Active
CUST04463,Rohan Singh,Female,45,45-54,2026-01-08,New,GEO024,Active
CUST04464,Isha Nair,Male,29,25-34,2025-07-31,Existing,GEO087,Active
CUST04465,Diya Sharma,Male,45,45-54,2025-04-13,Existing,GEO083,Inactive
CUST04466,Arjun Patel,Male,21,18-24,2024-12-14,New,GEO008,Active
CUST04467,Priya Rao,Male,57,55+,2024-09-15,New,GEO059,Inactive
CUST04468,Arjun Singh,Female,58,55+,2024-06-16,New,GEO094,Active
CUST04469,Vikram Das,Male,55,55+,2025-12-03,New,GEO076,Active
CUST04470,Sneha Das,Male,58,55+,2025-08-14,New,GEO015,Active
CUST04471,Pooja Kumar,Male,41,35-44,2024-01-26,New,GEO023,Inactive
CUST04472,Rohan Mishra,Male,22,18-24,2025-07-26,New,GEO066,Active
CUST04473,Neha Patel,Female,49,45-54,2026-02-05,Existing,GEO100,Active
CUST04474,Aditi Nair,Female,40,35-44,2025-09-27,Existing,GEO095,Inactive
CUST04475,Sneha Reddy,Male,30,25-34,2024-03-04,New,GEO021,Active
CUST04476,Riya Joshi,Male,25,25-34,2025-03-07,New,GEO116,Active
CUST04477,Meera Nair,Female,36,35-44,2025-12-21,Existing,GEO018,Active
CUST04478,Riya Singh,Female,51,45-54,2024-01-14,New,GEO083,Inactive
CUST04479,Neha Mishra,Female,36,35-44,2024-06-08,Existing,GEO023,Active
CUST04480,Aditi Verma,Male,49,45-54,2025-04-08,Existing,GEO061,Inactive
CUST04481,Isha Sharma,Female,55,55+,2024-01-15,Existing,GEO054,Active
CUST04482,Vivaan Singh,Female,50,45-54,2025-04-14,New,GEO019,Inactive
CUST04483,Sneha Joshi,Female,29,25-34,2024-06-07,New,GEO102,Active
CUST04484,Aditya Gupta,Male,52,45-54,2025-02-14,Existing,GEO033,Active
CUST04485,Ananya Reddy,Male,48,45-54,2024-01-02,Existing,GEO010,Inactive
CUST04486,Sneha Joshi,Female,22,18-24,2025-01-31,New,GEO102,Active
CUST04487,Priya Verma,Female,24,18-24,2025-01-22,Existing,GEO082,Active
CUST04488,Nisha Reddy,Female,29,25-34,2025-08-19,New,GEO113,Active
CUST04489,Kavya Reddy,Male,36,35-44,2025-07-24,Existing,GEO087,Active
CUST04490,Aarav Kumar,Female,25,25-34,2026-03-21,New,GEO079,Active
CUST04491,Isha Sharma,Male,55,55+,2025-06-18,New,GEO061,Active
CUST04492,Arjun Nair,Female,52,45-54,2025-05-12,New,GEO006,Inactive
CUST04493,Vivaan Verma,Male,49,45-54,2026-01-11,Existing,GEO008,Active
CUST04494,Aditi Rao,Male,34,25-34,2025-03-10,Existing,GEO094,Inactive
CUST04495,Rohan Shetty,Female,58,55+,2025-04-08,Existing,GEO053,Active
CUST04496,Aditya Sharma,Female,23,18-24,2024-03-09,New,GEO007,Inactive
CUST04497,Aditi Gupta,Male,23,18-24,2025-05-23,Existing,GEO004,Active
CUST04498,Rohan Nair,Female,20,18-24,2024-02-19,Existing,GEO073,Inactive
CUST04499,Diya Patel,Male,30,25-34,2025-12-21,New,GEO011,Active
CUST04500,Diya Das,Female,31,25-34,2025-01-08,Existing,GEO035,Inactive
CUST04501,Diya Singh,Male,41,35-44,2026-06-07,Existing,GEO077,Inactive
CUST04502,Rahul Nair,Female,39,35-44,2026-05-01,New,GEO050,Active
CUST04503,Aditya Singh,Male,30,25-34,2024-10-15,Existing,GEO015,Active
CUST04504,Vivaan Das,Female,33,25-34,2024-10-25,Existing,GEO012,Active
CUST04505,Diya Das,Female,35,35-44,2026-03-10,New,GEO112,Inactive
CUST04506,Riya Das,Female,47,45-54,2026-01-29,Existing,GEO049,Active
CUST04507,Nisha Nair,Male,44,35-44,2026-05-07,Existing,GEO064,Active
CUST04508,Vivaan Das,Female,49,45-54,2025-09-05,Existing,GEO067,Active
CUST04509,Nisha Kumar,Female,59,55+,2025-06-12,Existing,GEO035,Active
CUST04510,Ananya Joshi,Male,52,45-54,2024-08-04,Existing,GEO022,Active
CUST04511,Neha Iyer,Female,22,18-24,2025-03-30,Existing,GEO004,Inactive
CUST04512,Kavya Das,Male,33,25-34,2024-09-21,New,GEO041,Active
CUST04513,Arjun Kumar,Male,48,45-54,2024-04-09,New,GEO117,Active
CUST04514,Meera Mishra,Female,24,18-24,2025-02-24,Existing,GEO077,Active
CUST04515,Kavya Mehta,Male,30,25-34,2024-09-05,Existing,GEO016,Active
CUST04516,Karan Shetty,Female,23,18-24,2026-01-10,Existing,GEO089,Active
CUST04517,Meera Iyer,Male,22,18-24,2024-05-31,New,GEO045,Inactive
CUST04518,Ananya Iyer,Male,28,25-34,2024-12-08,New,GEO106,Inactive
CUST04519,Diya Patel,Male,55,55+,2026-01-05,New,GEO110,Active
CUST04520,Aditi Iyer,Female,50,45-54,2025-09-15,Existing,GEO040,Inactive
CUST04521,Riya Reddy,Female,20,18-24,2024-06-27,Existing,GEO014,Inactive
CUST04522,Pooja Das,Female,55,55+,2025-11-29,New,GEO011,Active
CUST04523,Rahul Verma,Male,47,45-54,2025-04-14,Existing,GEO069,Active
CUST04524,Rohan Rao,Female,37,35-44,2026-03-30,New,GEO055,Inactive
CUST04525,Aditi Joshi,Female,47,45-54,2025-08-26,Existing,GEO121,Inactive
CUST04526,Ananya Joshi,Female,41,35-44,2024-10-12,Existing,GEO114,Inactive
CUST04527,Neha Sharma,Male,38,35-44,2024-08-29,New,GEO118,Active
CUST04528,Aarav Gupta,Male,57,55+,2025-03-01,Existing,GEO078,Inactive
CUST04529,Aditya Gupta,Female,31,25-34,2024-12-06,New,GEO033,Inactive
CUST04530,Rohan Mehta,Male,35,35-44,2024-04-23,Existing,GEO108,Active
CUST04531,Vikram Singh,Female,38,35-44,2025-09-10,Existing,GEO053,Active
CUST04532,Aditi Das,Female,24,18-24,2025-02-23,Existing,GEO018,Active
CUST04533,Isha Sharma,Male,35,35-44,2026-04-10,Existing,GEO043,Active
CUST04534,Ananya Reddy,Male,53,45-54,2026-06-06,New,GEO049,Active
CUST04535,Priya Reddy,Male,28,25-34,2025-04-05,New,GEO007,Active
CUST04536,Pooja Kumar,Male,48,45-54,2026-04-07,Existing,GEO082,Active
CUST04537,Kavya Singh,Female,38,35-44,2025-04-12,New,GEO111,Active
CUST04538,Aditya Reddy,Male,26,25-34,2025-10-02,New,GEO063,Active
CUST04539,Vivaan Mishra,Female,55,55+,2025-07-06,Existing,GEO054,Active
CUST04540,Diya Mehta,Female,40,35-44,2024-12-21,Existing,GEO066,Inactive
CUST04541,Meera Nair,Male,44,35-44,2024-12-28,Existing,GEO011,Active
CUST04542,Rohan Kumar,Male,30,25-34,2024-12-12,New,GEO118,Inactive
CUST04543,Diya Iyer,Male,47,45-54,2024-11-19,Existing,GEO076,Active
CUST04544,Aditi Iyer,Male,31,25-34,2025-12-10,Existing,GEO114,Active
CUST04545,Vikram Kumar,Male,41,35-44,2024-02-15,New,GEO108,Active
CUST04546,Rahul Reddy,Female,59,55+,2024-04-03,New,GEO118,Active
CUST04547,Nisha Singh,Female,33,25-34,2025-01-25,Existing,GEO017,Inactive
CUST04548,Meera Joshi,Female,50,45-54,2024-05-19,Existing,GEO024,Inactive
CUST04549,Sneha Sharma,Female,29,25-34,2026-01-26,New,GEO020,Active
CUST04550,Aditi Reddy,Female,52,45-54,2025-04-04,Existing,GEO057,Active
CUST04551,Aditi Reddy,Female,20,18-24,2024-07-05,New,GEO035,Active
CUST04552,Vikram Nair,Female,60,55+,2025-05-06,Existing,GEO023,Active
CUST04553,Vivaan Sharma,Female,28,25-34,2025-05-26,Existing,GEO043,Active
CUST04554,Riya Verma,Female,41,35-44,2025-12-23,New,GEO008,Active
CUST04555,Rohan Patel,Male,49,45-54,2026-02-02,Existing,GEO105,Inactive
CUST04556,Rahul Das,Female,21,18-24,2025-12-27,Existing,GEO006,Active
CUST04557,Priya Mishra,Female,41,35-44,2024-12-11,Existing,GEO067,Active
CUST04558,Vivaan Iyer,Female,57,55+,2025-04-14,New,GEO014,Inactive
CUST04559,Riya Singh,Male,50,45-54,2025-01-03,Existing,GEO052,Inactive
CUST04560,Ananya Singh,Female,34,25-34,2026-05-11,New,GEO039,Active
CUST04561,Meera Verma,Female,52,45-54,2026-02-03,New,GEO027,Active
CUST04562,Rahul Iyer,Male,31,25-34,2025-12-07,Existing,GEO046,Inactive
CUST04563,Meera Mishra,Male,48,45-54,2024-01-11,New,GEO031,Active
CUST04564,Meera Iyer,Female,40,35-44,2024-06-12,New,GEO063,Inactive
CUST04565,Vivaan Kumar,Female,21,18-24,2024-07-30,New,GEO121,Active
CUST04566,Nisha Sharma,Male,34,25-34,2025-08-12,New,GEO031,Inactive
CUST04567,Aditi Reddy,Female,25,25-34,2024-05-27,New,GEO046,Inactive
CUST04568,Aditi Das,Male,55,55+,2024-11-24,New,GEO005,Active
CUST04569,Karan Reddy,Female,27,25-34,2026-04-18,Existing,GEO036,Active
CUST04570,Aarav Patel,Female,40,35-44,2025-04-14,Existing,GEO063,Active
CUST04571,Ananya Mishra,Female,52,45-54,2024-03-13,Existing,GEO047,Inactive
CUST04572,Riya Shetty,Female,59,55+,2025-04-18,Existing,GEO046,Inactive
CUST04573,Riya Nair,Female,41,35-44,2025-09-18,Existing,GEO004,Active
CUST04574,Sneha Patel,Male,40,35-44,2025-12-05,New,GEO057,Active
CUST04575,Priya Mishra,Female,39,35-44,2026-06-15,New,GEO072,Active
CUST04576,Ananya Patel,Female,59,55+,2024-06-13,Existing,GEO019,Active
CUST04577,Aditya Singh,Male,49,45-54,2026-03-04,Existing,GEO013,Active
CUST04578,Priya Mehta,Male,59,55+,2024-04-04,Existing,GEO063,Active
CUST04579,Vivaan Das,Female,38,35-44,2024-06-01,New,GEO006,Active
CUST04580,Diya Mishra,Female,50,45-54,2026-02-22,Existing,GEO060,Active
CUST04581,Vivaan Reddy,Male,21,18-24,2024-11-03,Existing,GEO088,Active
CUST04582,Rahul Gupta,Male,31,25-34,2026-03-15,Existing,GEO113,Active
CUST04583,Karan Das,Male,20,18-24,2025-08-19,Existing,GEO030,Active
CUST04584,Rahul Das,Female,21,18-24,2024-04-02,New,GEO106,Active
CUST04585,Pooja Rao,Male,43,35-44,2024-12-28,Existing,GEO075,Active
CUST04586,Pooja Rao,Female,21,18-24,2026-04-16,Existing,GEO012,Active
CUST04587,Priya Singh,Male,35,35-44,2024-11-28,New,GEO012,Active
CUST04588,Priya Gupta,Male,27,25-34,2026-03-30,New,GEO034,Active
CUST04589,Karan Rao,Male,50,45-54,2024-07-25,Existing,GEO089,Active
CUST04590,Meera Kumar,Female,49,45-54,2025-07-13,New,GEO064,Active
CUST04591,Arjun Patel,Male,38,35-44,2024-04-28,New,GEO099,Active
CUST04592,Karan Joshi,Male,59,55+,2025-12-13,New,GEO029,Active
CUST04593,Priya Joshi,Female,25,25-34,2025-08-29,New,GEO021,Active
CUST04594,Sneha Shetty,Male,55,55+,2025-08-15,Existing,GEO039,Active
CUST04595,Riya Kumar,Male,30,25-34,2024-04-29,New,GEO066,Active
CUST04596,Ananya Singh,Male,24,18-24,2024-07-15,New,GEO013,Inactive
CUST04597,Meera Mishra,Male,29,25-34,2026-02-17,Existing,GEO063,Active
CUST04598,Aditya Sharma,Male,39,35-44,2025-05-10,New,GEO089,Active
CUST04599,Pooja Iyer,Male,59,55+,2025-06-02,New,GEO042,Active
CUST04600,Karan Das,Male,27,25-34,2026-01-09,New,GEO003,Active
CUST04601,Kavya Singh,Female,37,35-44,2025-08-29,New,GEO064,Active
CUST04602,Sneha Nair,Female,36,35-44,2026-02-27,New,GEO106,Inactive
CUST04603,Rohan Nair,Female,49,45-54,2026-02-08,Existing,GEO020,Active
CUST04604,Karan Kumar,Female,24,18-24,2026-02-13,Existing,GEO004,Active
CUST04605,Vivaan Nair,Male,51,45-54,2024-04-05,Existing,GEO109,Active
CUST04606,Karan Sharma,Female,32,25-34,2026-05-30,Existing,GEO052,Inactive
CUST04607,Diya Rao,Male,21,18-24,2024-12-19,Existing,GEO052,Inactive
CUST04608,Rohan Das,Male,45,45-54,2026-05-31,New,GEO028,Inactive
CUST04609,Arjun Gupta,Male,23,18-24,2025-05-19,Existing,GEO067,Active
CUST04610,Aditya Iyer,Female,21,18-24,2026-06-06,New,GEO072,Inactive
CUST04611,Karan Iyer,Male,32,25-34,2024-07-05,New,GEO109,Active
CUST04612,Pooja Iyer,Female,45,45-54,2025-07-01,Existing,GEO113,Active
CUST04613,Isha Nair,Male,59,55+,2024-09-06,New,GEO108,Inactive
CUST04614,Ananya Mishra,Male,31,25-34,2025-06-21,New,GEO088,Active
CUST04615,Neha Nair,Female,55,55+,2026-01-30,Existing,GEO112,Active
CUST04616,Meera Das,Male,33,25-34,2025-08-12,New,GEO028,Active
CUST04617,Vikram Singh,Male,53,45-54,2026-03-07,Existing,GEO070,Active
CUST04618,Sneha Mishra,Female,55,55+,2024-07-19,New,GEO019,Active
CUST04619,Neha Gupta,Male,54,45-54,2024-02-03,New,GEO053,Active
CUST04620,Priya Singh,Female,48,45-54,2025-06-15,Existing,GEO116,Active
CUST04621,Pooja Gupta,Female,53,45-54,2026-01-25,Existing,GEO013,Inactive
CUST04622,Aditya Patel,Female,34,25-34,2026-02-24,New,GEO052,Active
CUST04623,Kavya Mishra,Female,26,25-34,2024-12-06,New,GEO074,Inactive
CUST04624,Arjun Iyer,Female,50,45-54,2024-02-08,Existing,GEO066,Active
CUST04625,Neha Iyer,Male,20,18-24,2024-04-23,New,GEO048,Inactive
CUST04626,Priya Gupta,Male,31,25-34,2025-12-24,New,GEO090,Inactive
CUST04627,Aditi Singh,Male,24,18-24,2025-02-28,New,GEO014,Active
CUST04628,Karan Mishra,Male,44,35-44,2026-05-30,Existing,GEO010,Active
CUST04629,Aarav Das,Male,53,45-54,2025-02-13,Existing,GEO044,Active
CUST04630,Kavya Mishra,Female,60,55+,2025-01-23,Existing,GEO023,Inactive
CUST04631,Nisha Das,Male,52,45-54,2025-01-23,Existing,GEO119,Active
CUST04632,Neha Das,Female,51,45-54,2024-04-01,New,GEO026,Active
CUST04633,Ananya Mehta,Female,37,35-44,2024-10-14,Existing,GEO087,Inactive
CUST04634,Vikram Sharma,Male,47,45-54,2024-01-10,New,GEO012,Inactive
CUST04635,Rohan Reddy,Male,28,25-34,2025-05-23,Existing,GEO103,Inactive
CUST04636,Arjun Shetty,Male,37,35-44,2025-12-08,Existing,GEO096,Active
CUST04637,Kavya Shetty,Male,44,35-44,2025-07-01,New,GEO121,Active
CUST04638,Riya Reddy,Female,60,55+,2024-01-22,Existing,GEO004,Active
CUST04639,Aditi Kumar,Female,46,45-54,2024-02-03,New,GEO025,Inactive
CUST04640,Neha Mehta,Male,36,35-44,2024-09-03,Existing,GEO072,Active
CUST04641,Isha Sharma,Female,32,25-34,2026-04-12,New,GEO089,Inactive
CUST04642,Ananya Gupta,Female,31,25-34,2025-08-07,Existing,GEO113,Active
CUST04643,Kavya Iyer,Male,39,35-44,2025-08-31,Existing,GEO079,Inactive
CUST04644,Rohan Mehta,Female,47,45-54,2024-10-27,New,GEO095,Inactive
CUST04645,Pooja Nair,Female,42,35-44,2024-05-13,New,GEO065,Active
CUST04646,Aditya Shetty,Male,20,18-24,2025-02-28,Existing,GEO027,Active
CUST04647,Priya Gupta,Female,39,35-44,2025-08-16,Existing,GEO075,Active
CUST04648,Arjun Mehta,Female,34,25-34,2025-11-21,Existing,GEO092,Active
CUST04649,Rahul Singh,Male,55,55+,2026-04-23,Existing,GEO117,Inactive
CUST04650,Aditya Verma,Male,25,25-34,2024-02-24,New,GEO060,Active
CUST04651,Ananya Verma,Female,28,25-34,2025-10-13,Existing,GEO010,Active
CUST04652,Riya Iyer,Female,22,18-24,2026-06-13,Existing,GEO012,Active
CUST04653,Kavya Das,Male,31,25-34,2024-11-16,New,GEO101,Active
CUST04654,Rahul Shetty,Male,60,55+,2025-05-09,Existing,GEO092,Active
CUST04655,Aditi Kumar,Female,45,45-54,2025-08-10,New,GEO007,Active
CUST04656,Neha Shetty,Female,46,45-54,2025-01-22,Existing,GEO092,Inactive
CUST04657,Nisha Joshi,Male,26,25-34,2024-12-15,New,GEO114,Active
CUST04658,Nisha Das,Female,53,45-54,2024-02-08,Existing,GEO010,Active
CUST04659,Meera Kumar,Male,51,45-54,2024-04-28,New,GEO039,Inactive
CUST04660,Aditya Kumar,Female,36,35-44,2025-01-25,New,GEO008,Inactive
CUST04661,Priya Mehta,Female,43,35-44,2024-06-25,Existing,GEO028,Active
CUST04662,Pooja Iyer,Male,31,25-34,2025-05-23,Existing,GEO059,Active
CUST04663,Aditi Mishra,Female,23,18-24,2025-07-27,New,GEO081,Active
CUST04664,Ananya Mishra,Male,41,35-44,2024-06-25,New,GEO021,Active
CUST04665,Rahul Das,Male,55,55+,2025-07-17,New,GEO052,Inactive
CUST04666,Meera Shetty,Male,56,55+,2025-09-21,Existing,GEO053,Active
CUST04667,Karan Joshi,Female,29,25-34,2025-01-04,New,GEO107,Active
CUST04668,Priya Singh,Male,49,45-54,2025-02-23,New,GEO014,Active
CUST04669,Pooja Sharma,Male,20,18-24,2025-11-30,New,GEO058,Active
CUST04670,Vivaan Joshi,Female,35,35-44,2025-06-16,Existing,GEO118,Inactive
CUST04671,Vivaan Verma,Male,57,55+,2024-06-17,New,GEO074,Active
CUST04672,Rohan Shetty,Female,37,35-44,2025-08-31,Existing,GEO063,Active
CUST04673,Meera Mishra,Female,54,45-54,2026-06-04,New,GEO079,Inactive
CUST04674,Pooja Das,Male,42,35-44,2026-05-22,Existing,GEO087,Active
CUST04675,Isha Patel,Female,41,35-44,2024-11-20,Existing,GEO061,Inactive
CUST04676,Diya Joshi,Female,43,35-44,2024-04-01,New,GEO065,Active
CUST04677,Pooja Rao,Female,48,45-54,2025-05-25,Existing,GEO001,Active
CUST04678,Rohan Das,Female,32,25-34,2024-12-07,New,GEO008,Active
CUST04679,Diya Reddy,Male,47,45-54,2025-02-10,New,GEO028,Active
CUST04680,Rahul Mishra,Female,44,35-44,2024-12-19,Existing,GEO057,Active
CUST04681,Vivaan Verma,Male,35,35-44,2025-09-18,Existing,GEO100,Active
CUST04682,Aditya Singh,Male,44,35-44,2024-12-09,Existing,GEO019,Active
CUST04683,Pooja Nair,Female,37,35-44,2025-02-13,New,GEO017,Active
CUST04684,Riya Rao,Male,55,55+,2025-05-08,New,GEO008,Active
CUST04685,Meera Rao,Female,33,25-34,2026-01-10,New,GEO025,Active
CUST04686,Karan Iyer,Female,51,45-54,2024-08-24,New,GEO020,Active
CUST04687,Nisha Reddy,Male,45,45-54,2026-03-02,Existing,GEO018,Active
CUST04688,Ananya Das,Male,51,45-54,2024-07-09,New,GEO014,Active
CUST04689,Pooja Mehta,Male,34,25-34,2026-01-04,New,GEO001,Active
CUST04690,Vivaan Reddy,Male,29,25-34,2024-09-14,Existing,GEO002,Active
CUST04691,Karan Shetty,Male,32,25-34,2024-08-26,New,GEO081,Active
CUST04692,Sneha Shetty,Female,54,45-54,2025-01-10,New,GEO017,Active
CUST04693,Isha Reddy,Male,51,45-54,2024-10-02,Existing,GEO013,Active
CUST04694,Riya Shetty,Female,27,25-34,2025-03-07,Existing,GEO070,Active
CUST04695,Kavya Mehta,Female,60,55+,2024-10-29,Existing,GEO040,Active
CUST04696,Pooja Shetty,Male,29,25-34,2025-01-11,New,GEO060,Active
CUST04697,Ananya Reddy,Female,47,45-54,2024-01-31,New,GEO081,Inactive
CUST04698,Nisha Nair,Female,32,25-34,2025-06-18,New,GEO034,Active
CUST04699,Riya Sharma,Male,53,45-54,2025-10-12,New,GEO078,Inactive
CUST04700,Nisha Mehta,Female,59,55+,2025-11-24,New,GEO087,Active
CUST04701,Vikram Patel,Female,25,25-34,2024-01-24,New,GEO077,Active
CUST04702,Kavya Das,Female,57,55+,2024-12-19,New,GEO088,Active
CUST04703,Sneha Singh,Female,28,25-34,2024-01-12,Existing,GEO113,Inactive
CUST04704,Isha Reddy,Male,60,55+,2025-02-16,Existing,GEO064,Inactive
CUST04705,Priya Mehta,Male,50,45-54,2026-06-10,Existing,GEO032,Active
CUST04706,Diya Kumar,Female,55,55+,2026-01-11,New,GEO030,Active
CUST04707,Pooja Singh,Female,31,25-34,2024-05-30,New,GEO020,Active
CUST04708,Sneha Reddy,Female,40,35-44,2025-08-02,Existing,GEO038,Active
CUST04709,Diya Rao,Female,56,55+,2024-08-21,Existing,GEO079,Active
CUST04710,Karan Joshi,Female,58,55+,2024-01-08,Existing,GEO042,Active
CUST04711,Kavya Reddy,Female,46,45-54,2025-03-21,New,GEO061,Active
CUST04712,Vivaan Sharma,Female,52,45-54,2024-08-10,New,GEO095,Active
CUST04713,Isha Reddy,Male,21,18-24,2026-01-23,Existing,GEO086,Inactive
CUST04714,Sneha Shetty,Male,34,25-34,2024-12-25,Existing,GEO027,Active
CUST04715,Nisha Verma,Male,30,25-34,2024-10-18,Existing,GEO073,Active
CUST04716,Sneha Sharma,Male,58,55+,2025-03-12,New,GEO075,Active
CUST04717,Aditi Joshi,Male,22,18-24,2024-11-05,Existing,GEO051,Active
CUST04718,Rohan Singh,Male,48,45-54,2026-05-29,Existing,GEO039,Inactive
CUST04719,Pooja Joshi,Male,55,55+,2025-11-11,Existing,GEO079,Active
CUST04720,Pooja Singh,Female,60,55+,2024-04-03,New,GEO101,Active
CUST04721,Arjun Mishra,Male,58,55+,2025-05-22,Existing,GEO038,Active
CUST04722,Priya Nair,Male,60,55+,2024-01-15,Existing,GEO105,Active
CUST04723,Riya Mehta,Female,37,35-44,2025-03-21,Existing,GEO033,Inactive
CUST04724,Isha Das,Male,33,25-34,2025-07-06,New,GEO096,Active
CUST04725,Ananya Singh,Male,28,25-34,2025-11-06,Existing,GEO045,Active
CUST04726,Aditi Das,Male,55,55+,2025-03-29,Existing,GEO095,Inactive
CUST04727,Nisha Mishra,Male,48,45-54,2025-08-30,New,GEO057,Active
CUST04728,Vivaan Rao,Female,35,35-44,2024-12-29,Existing,GEO066,Active
CUST04729,Vivaan Singh,Male,59,55+,2025-05-30,New,GEO096,Active
CUST04730,Vivaan Joshi,Male,23,18-24,2024-09-02,Existing,GEO036,Inactive
CUST04731,Vikram Iyer,Male,58,55+,2024-09-28,New,GEO046,Active
CUST04732,Ananya Patel,Female,53,45-54,2025-09-01,New,GEO024,Active
CUST04733,Vikram Joshi,Female,42,35-44,2024-02-02,Existing,GEO009,Active
CUST04734,Ananya Mehta,Male,53,45-54,2024-08-02,Existing,GEO054,Active
CUST04735,Priya Rao,Female,44,35-44,2024-01-01,New,GEO028,Inactive
CUST04736,Neha Verma,Female,45,45-54,2025-03-27,Existing,GEO095,Active
CUST04737,Rahul Patel,Female,25,25-34,2024-03-24,New,GEO104,Active
CUST04738,Riya Mehta,Male,22,18-24,2026-01-14,Existing,GEO090,Active
CUST04739,Nisha Gupta,Female,42,35-44,2025-12-28,New,GEO082,Active
CUST04740,Ananya Joshi,Female,22,18-24,2024-05-05,New,GEO028,Active
CUST04741,Aditi Singh,Male,43,35-44,2026-05-15,Existing,GEO001,Active
CUST04742,Aarav Das,Female,34,25-34,2024-11-19,New,GEO022,Active
CUST04743,Nisha Sharma,Male,50,45-54,2026-03-19,New,GEO113,Active
CUST04744,Priya Das,Male,24,18-24,2026-05-26,Existing,GEO110,Inactive
CUST04745,Aditi Sharma,Male,26,25-34,2025-01-18,Existing,GEO096,Active
CUST04746,Riya Das,Female,58,55+,2025-09-14,New,GEO025,Inactive
CUST04747,Kavya Nair,Female,60,55+,2024-02-07,New,GEO074,Active
CUST04748,Riya Singh,Male,57,55+,2026-05-03,Existing,GEO011,Inactive
CUST04749,Aarav Joshi,Male,51,45-54,2025-05-09,New,GEO083,Active
CUST04750,Karan Gupta,Male,59,55+,2025-09-03,New,GEO097,Active
CUST04751,Arjun Rao,Female,21,18-24,2025-12-19,Existing,GEO011,Active
CUST04752,Rohan Kumar,Male,57,55+,2024-07-31,New,GEO036,Active
CUST04753,Riya Mehta,Male,30,25-34,2024-02-13,Existing,GEO006,Active
CUST04754,Aditya Mishra,Female,33,25-34,2026-06-12,Existing,GEO064,Active
CUST04755,Rohan Gupta,Female,53,45-54,2025-01-29,Existing,GEO033,Active
CUST04756,Aditya Gupta,Female,44,35-44,2024-04-18,New,GEO116,Inactive
CUST04757,Vikram Mishra,Male,28,25-34,2025-10-27,New,GEO050,Active
CUST04758,Pooja Shetty,Female,24,18-24,2024-11-21,New,GEO022,Active
CUST04759,Aditya Joshi,Female,27,25-34,2024-02-19,New,GEO116,Active
CUST04760,Diya Mehta,Male,28,25-34,2026-06-14,New,GEO026,Active
CUST04761,Riya Mehta,Female,31,25-34,2024-12-31,Existing,GEO075,Active
CUST04762,Rohan Reddy,Female,23,18-24,2026-03-17,New,GEO102,Active
CUST04763,Nisha Gupta,Female,41,35-44,2025-07-22,New,GEO109,Active
CUST04764,Arjun Rao,Female,57,55+,2025-10-10,Existing,GEO111,Active
CUST04765,Kavya Patel,Female,38,35-44,2024-02-01,New,GEO009,Active
CUST04766,Meera Sharma,Male,23,18-24,2026-03-22,New,GEO052,Active
CUST04767,Neha Gupta,Male,26,25-34,2024-09-16,Existing,GEO108,Active
CUST04768,Diya Verma,Male,54,45-54,2025-12-09,New,GEO033,Active
CUST04769,Meera Rao,Male,55,55+,2024-10-06,Existing,GEO034,Active
CUST04770,Sneha Sharma,Female,56,55+,2024-01-31,Existing,GEO107,Active
CUST04771,Isha Iyer,Male,46,45-54,2025-12-09,Existing,GEO051,Inactive
CUST04772,Diya Shetty,Male,58,55+,2025-12-01,Existing,GEO074,Active
CUST04773,Diya Iyer,Female,51,45-54,2024-05-25,New,GEO040,Active
CUST04774,Diya Nair,Male,59,55+,2024-10-24,Existing,GEO120,Inactive
CUST04775,Karan Shetty,Male,47,45-54,2024-11-19,Existing,GEO059,Inactive
CUST04776,Diya Das,Male,44,35-44,2026-06-18,Existing,GEO025,Active
CUST04777,Priya Verma,Female,26,25-34,2026-05-27,New,GEO068,Inactive
CUST04778,Sneha Mishra,Female,27,25-34,2024-10-27,Existing,GEO075,Active
CUST04779,Diya Das,Female,28,25-34,2024-05-12,Existing,GEO050,Active
CUST04780,Rohan Das,Female,27,25-34,2025-01-31,Existing,GEO056,Active
CUST04781,Nisha Patel,Female,32,25-34,2025-09-03,Existing,GEO104,Inactive
CUST04782,Vivaan Kumar,Female,55,55+,2025-05-09,Existing,GEO048,Inactive
CUST04783,Pooja Mehta,Female,30,25-34,2026-02-02,Existing,GEO006,Active
CUST04784,Pooja Patel,Female,24,18-24,2026-04-21,New,GEO012,Active
CUST04785,Rahul Reddy,Male,40,35-44,2024-10-07,Existing,GEO020,Active
CUST04786,Nisha Nair,Male,44,35-44,2024-01-01,Existing,GEO077,Inactive
CUST04787,Arjun Nair,Female,24,18-24,2024-07-03,New,GEO044,Active
CUST04788,Vikram Nair,Female,20,18-24,2026-01-19,New,GEO099,Active
CUST04789,Neha Nair,Male,32,25-34,2025-06-11,Existing,GEO003,Active
CUST04790,Rohan Reddy,Male,59,55+,2024-10-22,New,GEO017,Active
CUST04791,Riya Iyer,Male,20,18-24,2024-05-30,Existing,GEO114,Active
CUST04792,Aditya Iyer,Female,26,25-34,2025-12-16,New,GEO104,Inactive
CUST04793,Karan Shetty,Male,52,45-54,2024-09-28,Existing,GEO113,Inactive
CUST04794,Priya Sharma,Male,57,55+,2025-12-06,New,GEO013,Active
CUST04795,Aditya Reddy,Male,47,45-54,2024-08-21,Existing,GEO080,Active
CUST04796,Aarav Sharma,Male,52,45-54,2025-10-30,Existing,GEO020,Active
CUST04797,Isha Joshi,Female,30,25-34,2024-12-18,Existing,GEO104,Active
CUST04798,Pooja Verma,Female,41,35-44,2025-05-31,Existing,GEO100,Active
CUST04799,Priya Joshi,Female,28,25-34,2024-08-06,New,GEO026,Inactive
CUST04800,Priya Iyer,Male,60,55+,2024-11-18,New,GEO017,Active
CUST04801,Aditya Mishra,Female,32,25-34,2024-04-29,Existing,GEO068,Active
CUST04802,Vivaan Reddy,Male,55,55+,2024-12-05,Existing,GEO044,Active
CUST04803,Pooja Patel,Male,34,25-34,2025-06-07,New,GEO034,Inactive
CUST04804,Sneha Mishra,Female,45,45-54,2025-03-21,Existing,GEO091,Active
CUST04805,Aditi Verma,Male,54,45-54,2025-07-07,Existing,GEO042,Inactive
CUST04806,Pooja Nair,Male,25,25-34,2024-02-26,New,GEO010,Active
CUST04807,Karan Kumar,Female,44,35-44,2025-09-10,Existing,GEO100,Active
CUST04808,Vivaan Verma,Male,45,45-54,2024-04-07,Existing,GEO092,Active
CUST04809,Aarav Shetty,Female,36,35-44,2024-08-13,New,GEO002,Inactive
CUST04810,Kavya Patel,Female,25,25-34,2024-10-20,Existing,GEO120,Active
CUST04811,Neha Mishra,Female,42,35-44,2024-11-15,New,GEO028,Active
CUST04812,Arjun Shetty,Female,58,55+,2024-04-09,Existing,GEO030,Active
CUST04813,Riya Mishra,Female,35,35-44,2026-03-15,Existing,GEO022,Inactive
CUST04814,Aditya Sharma,Female,59,55+,2024-01-30,New,GEO096,Active
CUST04815,Priya Iyer,Female,60,55+,2024-08-19,Existing,GEO047,Active
CUST04816,Aditya Gupta,Female,55,55+,2025-10-03,New,GEO108,Inactive
CUST04817,Rohan Kumar,Female,52,45-54,2024-02-24,Existing,GEO074,Active
CUST04818,Isha Singh,Female,51,45-54,2024-08-10,New,GEO066,Active
CUST04819,Vivaan Mishra,Female,51,45-54,2025-08-20,New,GEO028,Active
CUST04820,Vikram Mehta,Male,30,25-34,2024-07-09,Existing,GEO034,Active
CUST04821,Isha Reddy,Male,48,45-54,2024-10-23,New,GEO040,Active
CUST04822,Isha Verma,Female,45,45-54,2024-11-13,Existing,GEO033,Active
CUST04823,Sneha Singh,Male,49,45-54,2024-08-14,Existing,GEO111,Active
CUST04824,Isha Singh,Male,45,45-54,2024-01-04,New,GEO021,Active
CUST04825,Aditi Patel,Male,27,25-34,2026-03-17,New,GEO075,Active
CUST04826,Aditi Patel,Female,52,45-54,2026-06-04,Existing,GEO072,Active
CUST04827,Neha Gupta,Male,48,45-54,2025-03-12,New,GEO077,Active
CUST04828,Kavya Shetty,Male,32,25-34,2024-11-02,Existing,GEO073,Active
CUST04829,Sneha Sharma,Female,22,18-24,2025-02-14,Existing,GEO070,Active
CUST04830,Karan Iyer,Male,34,25-34,2024-07-05,Existing,GEO027,Active
CUST04831,Aditi Kumar,Female,53,45-54,2025-08-15,New,GEO067,Active
CUST04832,Rohan Iyer,Female,47,45-54,2024-04-10,New,GEO016,Active
CUST04833,Aditi Shetty,Male,44,35-44,2025-04-23,New,GEO061,Active
CUST04834,Sneha Iyer,Male,39,35-44,2026-03-19,New,GEO011,Inactive
CUST04835,Aditi Das,Female,41,35-44,2025-01-05,Existing,GEO074,Active
CUST04836,Vikram Verma,Male,30,25-34,2025-09-29,New,GEO118,Active
CUST04837,Sneha Nair,Female,33,25-34,2024-07-17,Existing,GEO023,Inactive
CUST04838,Nisha Verma,Female,45,45-54,2025-03-13,Existing,GEO063,Active
CUST04839,Aditi Singh,Male,56,55+,2025-01-04,New,GEO027,Active
CUST04840,Diya Kumar,Female,25,25-34,2024-09-20,Existing,GEO029,Active
CUST04841,Meera Das,Female,55,55+,2024-07-02,Existing,GEO110,Active
CUST04842,Diya Sharma,Male,32,25-34,2025-09-14,Existing,GEO109,Inactive
CUST04843,Aarav Sharma,Female,27,25-34,2026-06-05,New,GEO010,Active
CUST04844,Priya Joshi,Male,34,25-34,2024-12-08,New,GEO040,Active
CUST04845,Neha Verma,Male,31,25-34,2025-02-26,New,GEO098,Active
CUST04846,Aarav Mehta,Male,36,35-44,2024-03-30,Existing,GEO013,Inactive
CUST04847,Diya Sharma,Female,36,35-44,2025-12-21,Existing,GEO108,Active
CUST04848,Nisha Shetty,Female,41,35-44,2024-08-17,New,GEO049,Inactive
CUST04849,Vikram Singh,Female,59,55+,2025-04-17,Existing,GEO024,Active
CUST04850,Vivaan Das,Female,57,55+,2024-05-01,New,GEO098,Active
CUST04851,Priya Reddy,Male,49,45-54,2025-03-18,New,GEO008,Active
CUST04852,Riya Verma,Female,52,45-54,2025-08-04,New,GEO115,Active
CUST04853,Kavya Nair,Female,43,35-44,2024-04-16,Existing,GEO080,Active
CUST04854,Aarav Kumar,Female,30,25-34,2025-04-23,New,GEO088,Active
CUST04855,Isha Shetty,Male,39,35-44,2026-05-03,Existing,GEO027,Active
CUST04856,Riya Singh,Male,46,45-54,2026-04-16,Existing,GEO053,Inactive
CUST04857,Nisha Nair,Male,24,18-24,2026-02-13,Existing,GEO026,Active
CUST04858,Riya Iyer,Female,52,45-54,2025-05-05,New,GEO090,Active
CUST04859,Pooja Sharma,Female,46,45-54,2024-10-05,New,GEO049,Active
CUST04860,Pooja Shetty,Female,29,25-34,2025-02-09,Existing,GEO114,Active
CUST04861,Neha Gupta,Female,58,55+,2026-04-07,Existing,GEO067,Inactive
CUST04862,Neha Mehta,Female,44,35-44,2025-09-25,Existing,GEO057,Active
CUST04863,Vikram Iyer,Female,42,35-44,2026-05-12,Existing,GEO117,Active
CUST04864,Rohan Iyer,Male,40,35-44,2026-01-04,New,GEO100,Active
CUST04865,Rahul Rao,Female,35,35-44,2025-05-22,New,GEO072,Active
CUST04866,Vikram Shetty,Female,53,45-54,2024-11-18,Existing,GEO043,Active
CUST04867,Kavya Iyer,Female,35,35-44,2026-04-04,New,GEO099,Inactive
CUST04868,Vikram Joshi,Male,53,45-54,2025-01-18,New,GEO026,Active
CUST04869,Diya Kumar,Male,45,45-54,2024-07-10,New,GEO053,Inactive
CUST04870,Neha Das,Male,39,35-44,2025-12-14,New,GEO061,Active
CUST04871,Neha Kumar,Male,49,45-54,2024-02-26,Existing,GEO001,Inactive
CUST04872,Neha Mehta,Male,33,25-34,2026-04-10,New,GEO041,Active
CUST04873,Kavya Joshi,Male,22,18-24,2025-02-21,New,GEO112,Inactive
CUST04874,Karan Mishra,Female,60,55+,2024-07-29,Existing,GEO119,Inactive
CUST04875,Meera Iyer,Female,49,45-54,2025-10-25,Existing,GEO111,Inactive
CUST04876,Rohan Mishra,Male,22,18-24,2024-08-11,Existing,GEO026,Inactive
CUST04877,Diya Patel,Male,36,35-44,2024-12-09,New,GEO091,Active
CUST04878,Aditya Sharma,Male,24,18-24,2026-06-17,New,GEO081,Inactive
CUST04879,Aditi Kumar,Male,47,45-54,2025-05-09,Existing,GEO015,Inactive
CUST04880,Isha Verma,Female,39,35-44,2025-08-29,Existing,GEO026,Active
CUST04881,Aditya Iyer,Male,35,35-44,2025-03-13,Existing,GEO028,Active
CUST04882,Pooja Joshi,Female,48,45-54,2024-10-03,New,GEO110,Active
CUST04883,Rahul Singh,Female,21,18-24,2025-11-15,New,GEO024,Inactive
CUST04884,Nisha Verma,Female,21,18-24,2026-05-31,Existing,GEO056,Inactive
CUST04885,Aditi Shetty,Female,23,18-24,2024-03-28,New,GEO121,Active
CUST04886,Sneha Mishra,Male,58,55+,2024-09-01,New,GEO111,Active
CUST04887,Karan Verma,Male,56,55+,2024-05-10,Existing,GEO033,Active
CUST04888,Arjun Gupta,Female,58,55+,2025-11-19,New,GEO117,Active
CUST04889,Isha Sharma,Female,51,45-54,2025-05-27,Existing,GEO118,Active
CUST04890,Vivaan Shetty,Male,51,45-54,2026-02-15,Existing,GEO109,Active
CUST04891,Meera Iyer,Male,27,25-34,2026-04-18,New,GEO064,Active
CUST04892,Aditi Shetty,Male,49,45-54,2026-02-18,Existing,GEO057,Active
CUST04893,Aarav Reddy,Male,52,45-54,2026-04-04,Existing,GEO067,Active
CUST04894,Ananya Shetty,Male,49,45-54,2025-03-19,Existing,GEO089,Active
CUST04895,Rohan Verma,Female,38,35-44,2025-09-27,New,GEO066,Active
CUST04896,Arjun Mehta,Male,59,55+,2024-07-12,Existing,GEO071,Active
CUST04897,Aditya Singh,Female,44,35-44,2024-09-08,Existing,GEO096,Active
CUST04898,Neha Mishra,Female,59,55+,2024-09-24,New,GEO071,Active
CUST04899,Karan Patel,Male,57,55+,2024-01-25,New,GEO060,Active
CUST04900,Ananya Patel,Male,47,45-54,2026-05-15,Existing,GEO080,Active
CUST04901,Karan Mehta,Female,27,25-34,2024-06-11,New,GEO116,Active
CUST04902,Karan Reddy,Female,58,55+,2025-01-25,New,GEO077,Active
CUST04903,Sneha Nair,Female,35,35-44,2026-05-20,Existing,GEO001,Active
CUST04904,Riya Kumar,Female,21,18-24,2025-09-03,Existing,GEO036,Active
CUST04905,Rahul Sharma,Female,31,25-34,2024-08-01,New,GEO019,Active
CUST04906,Ananya Sharma,Male,33,25-34,2025-07-25,New,GEO038,Active
CUST04907,Aditi Patel,Male,32,25-34,2025-11-11,New,GEO098,Inactive
CUST04908,Vivaan Iyer,Male,53,45-54,2026-04-07,New,GEO101,Active
CUST04909,Kavya Iyer,Male,56,55+,2024-02-27,Existing,GEO091,Inactive
CUST04910,Pooja Rao,Female,33,25-34,2025-03-30,Existing,GEO114,Active
CUST04911,Ananya Shetty,Male,57,55+,2024-10-04,Existing,GEO031,Active
CUST04912,Rahul Verma,Male,43,35-44,2025-07-02,New,GEO111,Active
CUST04913,Neha Mehta,Male,52,45-54,2025-03-23,New,GEO076,Active
CUST04914,Kavya Nair,Female,26,25-34,2024-07-08,Existing,GEO088,Inactive
CUST04915,Ananya Rao,Male,53,45-54,2024-12-10,New,GEO032,Active
CUST04916,Meera Gupta,Male,52,45-54,2025-08-11,Existing,GEO109,Active
CUST04917,Arjun Shetty,Female,36,35-44,2025-01-31,Existing,GEO002,Active
CUST04918,Arjun Mishra,Female,52,45-54,2025-08-22,Existing,GEO095,Active
CUST04919,Neha Iyer,Male,52,45-54,2025-11-01,Existing,GEO092,Active
CUST04920,Aarav Verma,Male,22,18-24,2024-12-06,Existing,GEO077,Active
CUST04921,Karan Nair,Female,42,35-44,2025-09-07,Existing,GEO066,Active
CUST04922,Rohan Verma,Male,23,18-24,2025-11-10,Existing,GEO100,Active
CUST04923,Isha Shetty,Female,39,35-44,2026-02-25,Existing,GEO120,Inactive
CUST04924,Rahul Nair,Female,37,35-44,2025-08-11,Existing,GEO113,Active
CUST04925,Isha Patel,Male,28,25-34,2025-06-10,Existing,GEO095,Active
CUST04926,Vivaan Sharma,Female,50,45-54,2025-09-22,Existing,GEO008,Active
CUST04927,Priya Joshi,Female,41,35-44,2025-09-06,Existing,GEO073,Inactive
CUST04928,Arjun Singh,Female,49,45-54,2026-01-06,Existing,GEO017,Active
CUST04929,Meera Shetty,Female,56,55+,2026-03-18,Existing,GEO016,Active
CUST04930,Vikram Nair,Female,41,35-44,2025-08-23,New,GEO120,Active
CUST04931,Neha Rao,Female,48,45-54,2025-04-02,New,GEO049,Active
CUST04932,Rohan Verma,Male,27,25-34,2026-03-05,New,GEO087,Inactive
CUST04933,Aditya Iyer,Female,45,45-54,2024-07-21,Existing,GEO015,Active
CUST04934,Vivaan Sharma,Male,37,35-44,2025-05-23,Existing,GEO037,Active
CUST04935,Priya Nair,Male,41,35-44,2026-03-20,Existing,GEO080,Active
CUST04936,Rahul Kumar,Female,43,35-44,2026-03-31,Existing,GEO072,Active
CUST04937,Pooja Gupta,Female,33,25-34,2026-03-24,Existing,GEO054,Active
CUST04938,Aarav Iyer,Female,55,55+,2026-02-15,New,GEO004,Inactive
CUST04939,Aditya Verma,Female,23,18-24,2024-07-24,New,GEO048,Active
CUST04940,Rahul Kumar,Female,50,45-54,2026-02-23,Existing,GEO075,Active
CUST04941,Sneha Mishra,Female,34,25-34,2025-07-23,New,GEO100,Active
CUST04942,Nisha Rao,Female,24,18-24,2024-02-06,Existing,GEO083,Active
CUST04943,Kavya Das,Male,25,25-34,2025-01-12,New,GEO077,Active
CUST04944,Karan Patel,Male,25,25-34,2025-01-13,New,GEO021,Inactive
CUST04945,Diya Gupta,Male,38,35-44,2024-02-03,New,GEO088,Active
CUST04946,Pooja Rao,Female,33,25-34,2024-09-05,New,GEO024,Active
CUST04947,Rahul Shetty,Female,35,35-44,2025-06-15,New,GEO072,Active
CUST04948,Isha Joshi,Female,53,45-54,2024-10-17,New,GEO097,Inactive
CUST04949,Vikram Gupta,Female,48,45-54,2025-02-17,Existing,GEO113,Active
CUST04950,Nisha Gupta,Male,20,18-24,2024-11-02,New,GEO024,Active
CUST04951,Priya Verma,Female,31,25-34,2025-03-21,Existing,GEO020,Inactive
CUST04952,Aarav Iyer,Female,39,35-44,2026-05-18,Existing,GEO083,Active
CUST04953,Meera Singh,Female,30,25-34,2025-09-05,New,GEO057,Active
CUST04954,Aditi Verma,Male,53,45-54,2025-11-30,Existing,GEO106,Active
CUST04955,Sneha Joshi,Male,37,35-44,2024-11-14,Existing,GEO085,Active
CUST04956,Diya Reddy,Female,39,35-44,2025-01-28,Existing,GEO032,Active
CUST04957,Meera Singh,Female,40,35-44,2026-04-07,Existing,GEO084,Active
CUST04958,Rohan Shetty,Female,32,25-34,2024-01-11,Existing,GEO102,Active
CUST04959,Riya Singh,Female,55,55+,2024-10-01,Existing,GEO054,Active
CUST04960,Rohan Rao,Male,27,25-34,2026-05-09,New,GEO032,Active
CUST04961,Pooja Patel,Female,37,35-44,2025-07-27,New,GEO116,Active
CUST04962,Vikram Verma,Female,34,25-34,2024-07-31,Existing,GEO007,Inactive
CUST04963,Meera Verma,Male,24,18-24,2025-06-11,Existing,GEO091,Active
CUST04964,Neha Das,Male,51,45-54,2024-02-22,Existing,GEO042,Inactive
CUST04965,Sneha Shetty,Female,40,35-44,2025-11-09,Existing,GEO106,Inactive
CUST04966,Aarav Sharma,Female,52,45-54,2025-07-29,Existing,GEO044,Active
CUST04967,Pooja Shetty,Female,28,25-34,2025-10-14,Existing,GEO034,Active
CUST04968,Meera Mishra,Female,58,55+,2024-08-07,New,GEO022,Inactive
CUST04969,Arjun Iyer,Female,22,18-24,2025-02-24,Existing,GEO046,Active
CUST04970,Vivaan Sharma,Female,36,35-44,2024-06-30,Existing,GEO020,Active
CUST04971,Neha Verma,Female,52,45-54,2025-03-29,New,GEO111,Active
CUST04972,Ananya Kumar,Male,28,25-34,2024-09-12,New,GEO074,Active
CUST04973,Kavya Shetty,Female,21,18-24,2025-02-22,New,GEO031,Active
CUST04974,Aditi Kumar,Female,40,35-44,2024-02-20,Existing,GEO025,Active
CUST04975,Meera Gupta,Female,31,25-34,2025-03-09,New,GEO024,Inactive
CUST04976,Neha Patel,Male,57,55+,2026-03-09,New,GEO027,Active
CUST04977,Nisha Rao,Female,20,18-24,2024-02-11,New,GEO095,Inactive
CUST04978,Rohan Patel,Male,22,18-24,2025-01-07,New,GEO068,Active
CUST04979,Priya Rao,Female,42,35-44,2026-05-08,Existing,GEO047,Active
CUST04980,Aarav Gupta,Male,41,35-44,2025-04-29,New,GEO045,Inactive
CUST04981,Priya Reddy,Male,26,25-34,2026-04-01,Existing,GEO116,Active
CUST04982,Aarav Shetty,Female,22,18-24,2026-06-07,Existing,GEO062,Active
CUST04983,Meera Kumar,Male,27,25-34,2024-02-11,New,GEO077,Active
CUST04984,Aditi Rao,Male,28,25-34,2025-02-15,Existing,GEO037,Active
CUST04985,Priya Verma,Female,32,25-34,2024-04-22,New,GEO107,Active
CUST04986,Aditya Rao,Female,22,18-24,2024-09-08,New,GEO057,Active
CUST04987,Meera Singh,Male,35,35-44,2024-07-02,Existing,GEO045,Inactive
CUST04988,Karan Singh,Male,22,18-24,2024-08-14,New,GEO116,Inactive
CUST04989,Aarav Singh,Female,42,35-44,2025-06-06,New,GEO033,Inactive
CUST04990,Rohan Singh,Female,40,35-44,2024-12-12,Existing,GEO121,Active
CUST04991,Pooja Gupta,Male,23,18-24,2025-02-18,New,GEO019,Inactive
CUST04992,Aarav Mishra,Male,40,35-44,2024-01-08,Existing,GEO116,Inactive
CUST04993,Meera Rao,Female,55,55+,2024-02-12,New,GEO041,Inactive
CUST04994,Aditya Gupta,Male,24,18-24,2024-07-01,New,GEO109,Inactive
CUST04995,Rahul Reddy,Male,49,45-54,2026-04-09,Existing,GEO103,Active
CUST04996,Vikram Sharma,Male,56,55+,2026-02-17,Existing,GEO035,Active
CUST04997,Meera Nair,Female,57,55+,2024-03-24,Existing,GEO105,Active
CUST04998,Rohan Mehta,Female,48,45-54,2024-07-11,New,GEO091,Active
CUST04999,Rahul Singh,Male,22,18-24,2024-10-04,Existing,GEO053,Active
CUST05000,Arjun Rao,Female,60,55+,2026-01-26,New,GEO019,Active
CUST05001,Aditya Nair,Male,39,35-44,2026-05-26,Existing,GEO070,Active
CUST05002,Diya Reddy,Male,40,35-44,2024-02-21,New,GEO037,Inactive
CUST05003,Meera Reddy,Male,43,35-44,2024-08-17,New,GEO001,Active
CUST05004,Priya Reddy,Female,50,45-54,2025-12-17,Existing,GEO090,Active
CUST05005,Sneha Das,Female,20,18-24,2024-05-02,Existing,GEO030,Inactive
CUST05006,Rohan Kumar,Male,48,45-54,2025-10-17,Existing,GEO002,Active
CUST05007,Rahul Nair,Male,48,45-54,2024-04-23,New,GEO071,Active
CUST05008,Isha Shetty,Female,33,25-34,2024-04-04,Existing,GEO049,Active
CUST05009,Isha Nair,Female,49,45-54,2025-09-11,New,GEO046,Active
CUST05010,Riya Reddy,Male,51,45-54,2025-12-06,New,GEO098,Active
CUST05011,Kavya Mishra,Female,23,18-24,2026-01-08,New,GEO100,Inactive
CUST05012,Aditya Verma,Male,58,55+,2024-09-10,New,GEO114,Inactive
CUST05013,Nisha Rao,Female,38,35-44,2024-01-29,Existing,GEO093,Active
CUST05014,Priya Mishra,Female,22,18-24,2024-12-24,Existing,GEO106,Active
CUST05015,Kavya Verma,Male,41,35-44,2026-05-11,New,GEO085,Inactive
CUST05016,Riya Iyer,Female,44,35-44,2024-01-07,Existing,GEO024,Active
CUST05017,Rohan Shetty,Female,50,45-54,2025-03-11,New,GEO058,Active
CUST05018,Aarav Das,Male,57,55+,2025-02-24,New,GEO120,Inactive
CUST05019,Meera Joshi,Male,24,18-24,2025-07-28,New,GEO095,Active
CUST05020,Aarav Rao,Male,21,18-24,2025-03-22,New,GEO076,Active
CUST05021,Aditi Kumar,Male,56,55+,2026-04-14,Existing,GEO007,Active
CUST05022,Sneha Shetty,Male,32,25-34,2025-05-26,New,GEO068,Active
CUST05023,Pooja Mehta,Female,42,35-44,2025-04-21,Existing,GEO101,Active
CUST05024,Riya Verma,Female,25,25-34,2025-11-18,New,GEO090,Inactive
CUST05025,Arjun Rao,Male,52,45-54,2024-04-12,Existing,GEO055,Inactive
CUST05026,Pooja Verma,Female,39,35-44,2024-01-29,New,GEO082,Active
CUST05027,Riya Shetty,Female,58,55+,2025-02-03,New,GEO076,Active
CUST05028,Arjun Reddy,Male,29,25-34,2024-12-28,Existing,GEO052,Active
CUST05029,Priya Gupta,Female,56,55+,2026-03-27,New,GEO046,Active
CUST05030,Arjun Singh,Female,23,18-24,2024-12-31,Existing,GEO096,Active
CUST05031,Pooja Reddy,Female,53,45-54,2025-10-16,Existing,GEO070,Active
CUST05032,Arjun Verma,Male,55,55+,2026-01-18,Existing,GEO034,Inactive
CUST05033,Diya Reddy,Female,38,35-44,2025-04-06,Existing,GEO111,Active
CUST05034,Aditi Reddy,Female,55,55+,2024-08-09,Existing,GEO050,Inactive
CUST05035,Rohan Das,Male,27,25-34,2024-12-25,New,GEO108,Active
CUST05036,Sneha Mishra,Male,59,55+,2024-03-04,Existing,GEO055,Active
CUST05037,Pooja Kumar,Female,29,25-34,2026-04-09,New,GEO073,Inactive
CUST05038,Kavya Reddy,Male,57,55+,2024-08-03,New,GEO028,Active
CUST05039,Karan Sharma,Female,35,35-44,2025-07-24,Existing,GEO083,Inactive
CUST05040,Pooja Nair,Male,53,45-54,2025-06-11,New,GEO031,Active
CUST05041,Rahul Sharma,Male,41,35-44,2025-03-09,New,GEO077,Active
CUST05042,Pooja Joshi,Female,55,55+,2024-09-16,New,GEO015,Active
CUST05043,Riya Mehta,Male,55,55+,2025-02-16,New,GEO038,Active
CUST05044,Riya Patel,Female,27,25-34,2024-08-24,New,GEO018,Active
CUST05045,Isha Joshi,Female,25,25-34,2025-10-22,Existing,GEO043,Active
CUST05046,Isha Nair,Female,35,35-44,2025-12-03,New,GEO041,Active
CUST05047,Pooja Das,Female,50,45-54,2026-01-12,New,GEO059,Active
CUST05048,Priya Reddy,Male,33,25-34,2024-05-08,Existing,GEO083,Active
CUST05049,Nisha Mishra,Female,33,25-34,2024-09-10,New,GEO009,Active
CUST05050,Riya Patel,Female,51,45-54,2024-02-02,Existing,GEO021,Active
CUST05051,Vivaan Gupta,Female,59,55+,2025-06-11,New,GEO049,Active
CUST05052,Rahul Mishra,Female,48,45-54,2025-03-03,Existing,GEO026,Active
CUST05053,Aditi Singh,Male,56,55+,2025-02-20,Existing,GEO001,Active
CUST05054,Riya Das,Male,40,35-44,2025-02-13,Existing,GEO030,Active
CUST05055,Aditya Sharma,Male,37,35-44,2024-03-02,Existing,GEO019,Inactive
CUST05056,Diya Reddy,Female,57,55+,2024-09-23,Existing,GEO036,Active
CUST05057,Nisha Das,Male,27,25-34,2024-04-19,New,GEO065,Inactive
CUST05058,Rohan Das,Male,59,55+,2024-08-07,New,GEO048,Inactive
CUST05059,Priya Das,Male,40,35-44,2025-06-25,New,GEO013,Active
CUST05060,Karan Iyer,Female,40,35-44,2024-02-08,Existing,GEO048,Inactive
CUST05061,Meera Iyer,Male,23,18-24,2026-06-10,New,GEO050,Active
CUST05062,Priya Singh,Female,39,35-44,2024-11-27,New,GEO001,Active
CUST05063,Neha Das,Male,27,25-34,2024-12-15,Existing,GEO080,Active
CUST05064,Priya Sharma,Male,29,25-34,2025-08-06,Existing,GEO108,Active
CUST05065,Priya Reddy,Male,48,45-54,2025-11-13,Existing,GEO050,Inactive
CUST05066,Neha Verma,Female,23,18-24,2026-05-03,New,GEO093,Active
CUST05067,Vikram Mishra,Male,46,45-54,2026-03-26,New,GEO007,Inactive
CUST05068,Sneha Reddy,Female,56,55+,2024-04-20,Existing,GEO018,Active
CUST05069,Rahul Sharma,Male,36,35-44,2026-01-27,New,GEO022,Active
CUST05070,Ananya Singh,Male,60,55+,2025-05-14,New,GEO050,Active
CUST05071,Neha Shetty,Female,58,55+,2025-03-22,New,GEO068,Active
CUST05072,Karan Shetty,Male,37,35-44,2024-07-15,New,GEO056,Inactive
CUST05073,Nisha Nair,Male,43,35-44,2024-05-23,New,GEO043,Inactive
CUST05074,Diya Kumar,Male,40,35-44,2025-03-25,Existing,GEO094,Inactive
CUST05075,Vivaan Gupta,Male,55,55+,2025-08-02,Existing,GEO023,Active
CUST05076,Aditya Mehta,Male,57,55+,2024-06-23,New,GEO083,Active
CUST05077,Riya Mishra,Male,38,35-44,2025-08-07,Existing,GEO065,Active
CUST05078,Aarav Das,Male,38,35-44,2024-10-18,New,GEO028,Active
CUST05079,Arjun Iyer,Male,45,45-54,2025-08-17,New,GEO053,Active
CUST05080,Rahul Mehta,Male,29,25-34,2024-05-03,New,GEO014,Inactive
CUST05081,Vivaan Rao,Male,39,35-44,2024-06-04,Existing,GEO090,Active
CUST05082,Kavya Rao,Female,47,45-54,2025-02-16,Existing,GEO070,Active
CUST05083,Rahul Das,Male,54,45-54,2025-04-19,New,GEO032,Inactive
CUST05084,Arjun Mishra,Female,49,45-54,2025-09-13,Existing,GEO040,Active
CUST05085,Karan Das,Male,60,55+,2024-11-16,New,GEO093,Active
CUST05086,Arjun Reddy,Male,55,55+,2024-04-07,New,GEO067,Active
CUST05087,Kavya Singh,Male,28,25-34,2024-04-14,New,GEO114,Active
CUST05088,Neha Mishra,Male,38,35-44,2025-07-10,New,GEO094,Active
CUST05089,Rahul Singh,Female,29,25-34,2025-02-08,Existing,GEO107,Active
CUST05090,Rahul Sharma,Male,60,55+,2026-03-10,New,GEO041,Active
CUST05091,Aditi Singh,Male,36,35-44,2024-09-04,Existing,GEO103,Active
CUST05092,Aarav Iyer,Female,48,45-54,2025-01-29,New,GEO080,Active
CUST05093,Meera Gupta,Female,60,55+,2025-10-17,Existing,GEO117,Inactive
CUST05094,Pooja Verma,Male,39,35-44,2025-07-06,New,GEO010,Active
CUST05095,Priya Mehta,Female,48,45-54,2024-07-01,New,GEO003,Active
CUST05096,Kavya Mehta,Male,33,25-34,2026-03-21,New,GEO003,Inactive
CUST05097,Isha Das,Female,29,25-34,2026-03-28,New,GEO045,Active
CUST05098,Priya Mishra,Female,31,25-34,2024-12-20,New,GEO056,Active
CUST05099,Meera Das,Male,57,55+,2025-05-12,New,GEO075,Active
CUST05100,Arjun Das,Male,31,25-34,2025-07-22,New,GEO102,Active
CUST05101,Rahul Das,Male,44,35-44,2025-11-17,Existing,GEO071,Inactive
CUST05102,Vivaan Iyer,Male,53,45-54,2025-05-04,New,GEO084,Active
CUST05103,Vikram Kumar,Female,42,35-44,2026-03-02,Existing,GEO075,Active
CUST05104,Meera Shetty,Male,24,18-24,2026-01-12,New,GEO087,Active
CUST05105,Priya Gupta,Female,32,25-34,2024-09-12,Existing,GEO093,Active
CUST05106,Pooja Mehta,Male,42,35-44,2026-04-14,New,GEO064,Inactive
CUST05107,Aditi Joshi,Male,43,35-44,2026-01-10,Existing,GEO073,Active
CUST05108,Kavya Verma,Female,56,55+,2024-07-21,Existing,GEO065,Inactive
CUST05109,Aditya Reddy,Male,46,45-54,2026-02-26,New,GEO104,Active
CUST05110,Diya Das,Female,57,55+,2024-03-15,Existing,GEO071,Active
CUST05111,Rahul Patel,Female,42,35-44,2026-02-05,Existing,GEO075,Active
CUST05112,Karan Gupta,Male,41,35-44,2024-07-19,New,GEO096,Active
CUST05113,Priya Kumar,Male,59,55+,2024-12-25,Existing,GEO027,Active
CUST05114,Diya Singh,Male,27,25-34,2024-01-27,Existing,GEO040,Active
CUST05115,Meera Reddy,Male,26,25-34,2026-05-31,Existing,GEO097,Active
CUST05116,Ananya Gupta,Male,58,55+,2026-05-23,New,GEO033,Active
CUST05117,Rohan Patel,Male,51,45-54,2025-05-23,New,GEO034,Active
CUST05118,Nisha Das,Female,46,45-54,2026-05-13,Existing,GEO112,Active
CUST05119,Aditi Kumar,Male,32,25-34,2024-08-09,New,GEO067,Active
CUST05120,Nisha Mehta,Male,48,45-54,2026-03-22,New,GEO046,Active
CUST05121,Rohan Mehta,Female,48,45-54,2026-06-17,New,GEO010,Active
CUST05122,Meera Reddy,Female,48,45-54,2025-08-18,Existing,GEO115,Active
CUST05123,Diya Mehta,Male,24,18-24,2024-11-09,New,GEO031,Active
CUST05124,Vikram Sharma,Female,21,18-24,2024-06-14,Existing,GEO094,Active
CUST05125,Aarav Sharma,Female,57,55+,2025-11-20,New,GEO105,Active
CUST05126,Meera Iyer,Male,52,45-54,2024-09-06,Existing,GEO092,Active
CUST05127,Aditya Joshi,Male,22,18-24,2024-05-12,New,GEO039,Active
CUST05128,Aditya Verma,Male,36,35-44,2025-07-11,New,GEO018,Active
CUST05129,Aditi Verma,Male,47,45-54,2025-03-10,Existing,GEO083,Active
CUST05130,Riya Rao,Male,31,25-34,2024-10-15,Existing,GEO111,Active
CUST05131,Neha Reddy,Male,33,25-34,2024-01-22,Existing,GEO086,Inactive
CUST05132,Karan Iyer,Male,36,35-44,2026-01-11,Existing,GEO017,Active
CUST05133,Aditya Mehta,Female,22,18-24,2025-01-04,New,GEO104,Active
CUST05134,Aditya Sharma,Female,38,35-44,2024-01-02,Existing,GEO015,Active
CUST05135,Kavya Nair,Male,27,25-34,2024-12-10,Existing,GEO074,Active
CUST05136,Pooja Das,Male,28,25-34,2026-01-08,New,GEO088,Active
CUST05137,Isha Patel,Female,34,25-34,2025-03-09,New,GEO063,Inactive
CUST05138,Aditi Mishra,Female,24,18-24,2026-01-02,Existing,GEO063,Inactive
CUST05139,Aditya Reddy,Female,50,45-54,2025-01-14,Existing,GEO060,Active
CUST05140,Aditi Kumar,Male,28,25-34,2025-09-13,New,GEO079,Inactive
CUST05141,Neha Joshi,Male,60,55+,2024-02-12,Existing,GEO029,Active
CUST05142,Riya Iyer,Female,37,35-44,2024-04-29,Existing,GEO044,Inactive
CUST05143,Isha Mehta,Male,52,45-54,2025-10-22,New,GEO036,Active
CUST05144,Riya Shetty,Male,54,45-54,2025-05-25,Existing,GEO100,Active
CUST05145,Arjun Nair,Male,22,18-24,2025-10-03,Existing,GEO104,Active
CUST05146,Karan Mishra,Female,52,45-54,2025-09-26,New,GEO099,Active
CUST05147,Rohan Sharma,Female,35,35-44,2026-01-07,Existing,GEO116,Active
CUST05148,Vikram Rao,Male,39,35-44,2026-02-24,New,GEO058,Active
CUST05149,Aarav Singh,Female,56,55+,2024-09-14,New,GEO067,Active
CUST05150,Rohan Sharma,Female,46,45-54,2024-01-09,Existing,GEO082,Active
CUST05151,Aditi Shetty,Male,42,35-44,2025-04-14,Existing,GEO024,Active
CUST05152,Kavya Gupta,Female,42,35-44,2025-11-29,Existing,GEO097,Active
CUST05153,Vivaan Verma,Female,40,35-44,2024-10-16,Existing,GEO059,Inactive
CUST05154,Rohan Das,Male,52,45-54,2025-10-21,New,GEO098,Active
CUST05155,Rohan Shetty,Female,22,18-24,2026-03-09,New,GEO119,Active
CUST05156,Aditya Kumar,Female,21,18-24,2025-05-21,New,GEO038,Inactive
CUST05157,Pooja Joshi,Female,26,25-34,2025-01-10,New,GEO115,Active
CUST05158,Priya Joshi,Male,26,25-34,2025-12-11,Existing,GEO053,Inactive
CUST05159,Neha Patel,Female,25,25-34,2024-09-20,Existing,GEO017,Active
CUST05160,Neha Rao,Female,39,35-44,2024-03-01,Existing,GEO061,Active
CUST05161,Nisha Verma,Male,27,25-34,2024-04-30,Existing,GEO100,Active
CUST05162,Ananya Verma,Male,34,25-34,2024-06-09,New,GEO089,Active
CUST05163,Aarav Verma,Male,38,35-44,2026-03-15,New,GEO018,Active
CUST05164,Nisha Rao,Female,44,35-44,2026-03-02,Existing,GEO085,Active
CUST05165,Karan Shetty,Male,58,55+,2026-02-11,New,GEO034,Active
CUST05166,Isha Verma,Male,52,45-54,2026-04-02,New,GEO034,Inactive
CUST05167,Isha Sharma,Male,56,55+,2024-10-17,Existing,GEO110,Active
CUST05168,Aditya Joshi,Male,26,25-34,2024-03-01,Existing,GEO099,Active
CUST05169,Aditya Mehta,Male,35,35-44,2024-09-10,Existing,GEO119,Active
CUST05170,Nisha Das,Female,44,35-44,2024-04-09,New,GEO022,Inactive
CUST05171,Pooja Sharma,Male,43,35-44,2026-04-16,New,GEO032,Active
CUST05172,Karan Gupta,Female,35,35-44,2024-10-04,New,GEO046,Inactive
CUST05173,Ananya Reddy,Female,50,45-54,2024-01-30,Existing,GEO018,Active
CUST05174,Arjun Kumar,Male,25,25-34,2024-07-29,Existing,GEO034,Active
CUST05175,Riya Mehta,Male,60,55+,2024-04-26,New,GEO082,Active
CUST05176,Pooja Kumar,Female,21,18-24,2024-01-12,New,GEO095,Inactive
CUST05177,Vivaan Nair,Male,57,55+,2024-02-24,New,GEO023,Active
CUST05178,Meera Das,Female,39,35-44,2024-06-16,Existing,GEO084,Active
CUST05179,Neha Shetty,Male,43,35-44,2025-07-27,New,GEO041,Inactive
CUST05180,Meera Kumar,Male,27,25-34,2026-05-02,Existing,GEO086,Active
CUST05181,Aditya Joshi,Male,37,35-44,2025-02-27,Existing,GEO109,Active
CUST05182,Ananya Joshi,Male,40,35-44,2025-03-25,New,GEO052,Active
CUST05183,Aditi Kumar,Female,59,55+,2024-03-02,Existing,GEO109,Active
CUST05184,Karan Patel,Male,22,18-24,2026-03-29,New,GEO045,Active
CUST05185,Kavya Joshi,Male,57,55+,2026-04-25,New,GEO089,Active
CUST05186,Rahul Joshi,Female,60,55+,2026-06-15,New,GEO044,Active
CUST05187,Pooja Gupta,Female,51,45-54,2024-02-16,New,GEO075,Inactive
CUST05188,Priya Mishra,Female,33,25-34,2024-09-22,New,GEO046,Active
CUST05189,Pooja Verma,Female,37,35-44,2025-05-19,Existing,GEO037,Active
CUST05190,Riya Reddy,Female,56,55+,2024-09-27,New,GEO040,Inactive
CUST05191,Meera Sharma,Male,38,35-44,2024-02-19,Existing,GEO073,Active
CUST05192,Meera Patel,Female,44,35-44,2025-07-13,Existing,GEO047,Active
CUST05193,Riya Reddy,Female,33,25-34,2025-04-18,Existing,GEO116,Active
CUST05194,Arjun Patel,Male,44,35-44,2025-08-19,New,GEO003,Active
CUST05195,Kavya Iyer,Female,21,18-24,2024-06-09,Existing,GEO094,Active
CUST05196,Aditya Das,Female,58,55+,2024-02-14,Existing,GEO008,Active
CUST05197,Aarav Verma,Female,29,25-34,2025-04-24,New,GEO051,Active
CUST05198,Pooja Iyer,Male,43,35-44,2025-12-24,New,GEO016,Inactive
CUST05199,Kavya Sharma,Male,23,18-24,2024-05-14,New,GEO096,Active
CUST05200,Rohan Verma,Female,35,35-44,2024-09-30,Existing,GEO020,Active
CUST05201,Pooja Rao,Male,47,45-54,2026-03-16,Existing,GEO073,Inactive
CUST05202,Priya Rao,Female,36,35-44,2026-03-28,Existing,GEO092,Active
CUST05203,Isha Gupta,Male,49,45-54,2024-06-26,New,GEO093,Active
CUST05204,Rohan Verma,Female,51,45-54,2025-11-28,New,GEO068,Active
CUST05205,Neha Mishra,Male,28,25-34,2025-11-30,New,GEO021,Active
CUST05206,Rohan Verma,Male,58,55+,2025-02-07,Existing,GEO014,Inactive
CUST05207,Aarav Das,Female,46,45-54,2025-12-28,Existing,GEO006,Active
CUST05208,Kavya Kumar,Female,44,35-44,2025-11-10,New,GEO021,Inactive
CUST05209,Aarav Nair,Male,34,25-34,2024-05-05,New,GEO121,Active
CUST05210,Pooja Das,Male,28,25-34,2024-02-08,Existing,GEO087,Active
CUST05211,Nisha Gupta,Female,57,55+,2024-06-22,New,GEO057,Inactive
CUST05212,Neha Patel,Female,51,45-54,2026-03-24,New,GEO080,Active
CUST05213,Vikram Mehta,Female,40,35-44,2024-08-10,Existing,GEO025,Active
CUST05214,Meera Das,Male,48,45-54,2025-09-14,New,GEO011,Active
CUST05215,Rohan Singh,Male,27,25-34,2024-01-13,New,GEO063,Inactive
CUST05216,Karan Mishra,Male,30,25-34,2024-09-20,Existing,GEO090,Inactive
CUST05217,Ananya Reddy,Female,56,55+,2026-03-20,Existing,GEO009,Active
CUST05218,Arjun Sharma,Female,42,35-44,2024-09-11,Existing,GEO024,Active
CUST05219,Aditi Verma,Male,55,55+,2024-03-08,New,GEO004,Active
CUST05220,Karan Mehta,Female,23,18-24,2025-09-29,New,GEO060,Inactive
CUST05221,Diya Verma,Male,34,25-34,2024-05-13,New,GEO114,Active
CUST05222,Ananya Sharma,Female,25,25-34,2025-06-13,New,GEO088,Inactive
CUST05223,Rohan Singh,Male,43,35-44,2025-06-22,New,GEO001,Active
CUST05224,Aarav Joshi,Male,50,45-54,2024-06-25,Existing,GEO011,Active
CUST05225,Rahul Reddy,Female,27,25-34,2024-12-21,Existing,GEO073,Inactive
CUST05226,Karan Kumar,Male,22,18-24,2024-08-28,Existing,GEO104,Inactive
CUST05227,Kavya Verma,Male,42,35-44,2025-04-16,New,GEO026,Active
CUST05228,Aditi Joshi,Male,32,25-34,2026-04-18,New,GEO102,Inactive
CUST05229,Isha Nair,Female,20,18-24,2024-03-09,New,GEO022,Active
CUST05230,Vivaan Verma,Male,27,25-34,2024-01-25,Existing,GEO064,Active
CUST05231,Ananya Shetty,Female,53,45-54,2024-11-28,Existing,GEO001,Active
CUST05232,Ananya Sharma,Male,56,55+,2024-11-06,Existing,GEO080,Inactive
CUST05233,Meera Rao,Male,31,25-34,2025-02-04,Existing,GEO087,Inactive
CUST05234,Nisha Singh,Female,28,25-34,2024-07-01,Existing,GEO014,Active
CUST05235,Priya Das,Male,38,35-44,2024-02-10,New,GEO084,Active
CUST05236,Neha Mishra,Male,40,35-44,2025-11-29,Existing,GEO019,Active
CUST05237,Karan Mishra,Female,51,45-54,2024-09-24,Existing,GEO078,Active
CUST05238,Meera Das,Female,56,55+,2024-04-19,Existing,GEO058,Active
CUST05239,Aditi Shetty,Female,22,18-24,2025-07-23,Existing,GEO073,Active
CUST05240,Neha Rao,Female,54,45-54,2025-04-02,New,GEO097,Active
CUST05241,Meera Verma,Female,23,18-24,2025-10-23,New,GEO055,Active
CUST05242,Vikram Shetty,Female,25,25-34,2025-10-01,Existing,GEO069,Active
CUST05243,Vivaan Kumar,Female,33,25-34,2025-04-29,New,GEO036,Active
CUST05244,Neha Nair,Female,27,25-34,2026-01-28,New,GEO119,Active
CUST05245,Aarav Iyer,Female,35,35-44,2025-07-13,Existing,GEO001,Active
CUST05246,Riya Reddy,Female,22,18-24,2025-10-05,Existing,GEO045,Active
CUST05247,Sneha Das,Female,52,45-54,2025-01-17,New,GEO056,Active
CUST05248,Rahul Verma,Male,23,18-24,2025-11-15,New,GEO044,Inactive
CUST05249,Sneha Mishra,Male,27,25-34,2025-01-07,Existing,GEO024,Active
CUST05250,Aarav Joshi,Male,29,25-34,2024-01-05,Existing,GEO059,Active
CUST05251,Vikram Patel,Male,57,55+,2025-01-11,Existing,GEO024,Active
CUST05252,Aarav Rao,Female,44,35-44,2024-01-21,New,GEO113,Active
CUST05253,Diya Sharma,Male,51,45-54,2025-02-21,New,GEO004,Active
CUST05254,Vikram Mehta,Male,37,35-44,2026-04-20,Existing,GEO044,Active
CUST05255,Aditi Iyer,Female,28,25-34,2025-03-20,Existing,GEO111,Inactive
CUST05256,Vivaan Singh,Female,21,18-24,2026-03-31,New,GEO004,Inactive
CUST05257,Neha Das,Female,37,35-44,2024-04-11,New,GEO032,Inactive
CUST05258,Neha Gupta,Male,22,18-24,2026-03-13,New,GEO094,Inactive
CUST05259,Sneha Joshi,Female,39,35-44,2024-07-20,Existing,GEO011,Inactive
CUST05260,Rahul Mehta,Female,35,35-44,2025-03-23,New,GEO117,Active
CUST05261,Priya Mehta,Female,50,45-54,2026-03-30,New,GEO095,Active
CUST05262,Nisha Singh,Female,36,35-44,2026-05-03,Existing,GEO016,Active
CUST05263,Aditya Iyer,Female,38,35-44,2024-11-10,New,GEO063,Active
CUST05264,Arjun Gupta,Male,34,25-34,2024-09-13,Existing,GEO023,Inactive
CUST05265,Riya Patel,Female,33,25-34,2025-12-03,New,GEO082,Active
CUST05266,Vikram Rao,Male,28,25-34,2025-12-31,New,GEO016,Active
CUST05267,Isha Gupta,Male,56,55+,2024-01-15,New,GEO028,Active
CUST05268,Neha Joshi,Female,20,18-24,2026-01-05,Existing,GEO119,Active
CUST05269,Pooja Kumar,Female,46,45-54,2026-03-25,Existing,GEO107,Active
CUST05270,Sneha Singh,Female,27,25-34,2025-10-27,New,GEO038,Active
CUST05271,Aditya Mishra,Male,46,45-54,2025-08-13,New,GEO052,Active
CUST05272,Sneha Verma,Female,43,35-44,2025-10-30,Existing,GEO097,Inactive
CUST05273,Meera Singh,Female,43,35-44,2026-01-06,Existing,GEO111,Active
CUST05274,Aditi Nair,Female,50,45-54,2024-02-17,New,GEO002,Active
CUST05275,Ananya Mishra,Female,28,25-34,2024-11-14,Existing,GEO119,Active
CUST05276,Vivaan Iyer,Female,24,18-24,2025-01-07,Existing,GEO068,Active
CUST05277,Isha Nair,Female,57,55+,2024-05-27,Existing,GEO095,Active
CUST05278,Meera Kumar,Male,29,25-34,2024-01-06,Existing,GEO089,Active
CUST05279,Aditi Verma,Male,46,45-54,2025-09-01,New,GEO083,Inactive
CUST05280,Sneha Das,Male,37,35-44,2024-03-04,Existing,GEO018,Active
CUST05281,Riya Sharma,Female,46,45-54,2024-07-26,New,GEO021,Active
CUST05282,Karan Kumar,Male,36,35-44,2024-02-26,New,GEO073,Active
CUST05283,Arjun Mishra,Male,35,35-44,2024-03-21,New,GEO103,Active
CUST05284,Neha Joshi,Female,21,18-24,2024-12-28,Existing,GEO044,Inactive
CUST05285,Priya Nair,Female,40,35-44,2024-05-16,New,GEO073,Inactive
CUST05286,Neha Reddy,Female,26,25-34,2024-03-17,Existing,GEO078,Inactive
CUST05287,Nisha Reddy,Female,36,35-44,2025-04-10,Existing,GEO010,Inactive
CUST05288,Nisha Verma,Male,56,55+,2025-10-27,New,GEO085,Active
CUST05289,Meera Mishra,Female,41,35-44,2025-02-10,Existing,GEO113,Active
CUST05290,Aditi Singh,Female,33,25-34,2025-12-28,Existing,GEO009,Inactive
CUST05291,Sneha Mishra,Male,54,45-54,2024-11-30,New,GEO089,Active
CUST05292,Meera Patel,Male,58,55+,2026-03-04,Existing,GEO111,Inactive
CUST05293,Pooja Singh,Female,58,55+,2025-10-11,New,GEO076,Active
CUST05294,Meera Joshi,Female,45,45-54,2024-05-20,Existing,GEO108,Active
CUST05295,Meera Verma,Female,51,45-54,2024-07-14,New,GEO012,Active
CUST05296,Aditya Rao,Female,28,25-34,2026-04-12,New,GEO087,Active
CUST05297,Aditi Shetty,Male,28,25-34,2024-07-11,Existing,GEO021,Active
CUST05298,Kavya Shetty,Male,28,25-34,2026-03-05,New,GEO074,Active
CUST05299,Sneha Patel,Female,60,55+,2024-12-26,Existing,GEO105,Active
CUST05300,Vivaan Kumar,Male,46,45-54,2024-06-03,Existing,GEO044,Inactive
CUST05301,Vikram Rao,Male,46,45-54,2025-10-09,New,GEO087,Active
CUST05302,Karan Gupta,Male,22,18-24,2024-10-21,New,GEO050,Active
CUST05303,Aditi Kumar,Male,40,35-44,2025-11-20,Existing,GEO002,Active
CUST05304,Ananya Mehta,Female,23,18-24,2024-11-17,Existing,GEO009,Active
CUST05305,Priya Joshi,Male,30,25-34,2024-05-24,Existing,GEO025,Active
CUST05306,Kavya Sharma,Female,23,18-24,2024-10-13,New,GEO095,Active
CUST05307,Riya Shetty,Male,31,25-34,2026-05-25,Existing,GEO004,Active
CUST05308,Priya Mishra,Female,36,35-44,2024-01-05,New,GEO012,Active
CUST05309,Pooja Kumar,Male,59,55+,2025-04-24,New,GEO031,Active
CUST05310,Pooja Verma,Male,35,35-44,2026-02-13,New,GEO063,Inactive
CUST05311,Isha Singh,Female,42,35-44,2024-09-20,New,GEO057,Active
CUST05312,Vikram Nair,Female,48,45-54,2025-05-02,Existing,GEO040,Active
CUST05313,Rahul Mishra,Female,38,35-44,2024-04-09,Existing,GEO053,Inactive
CUST05314,Vikram Rao,Female,26,25-34,2025-11-30,New,GEO103,Active
CUST05315,Isha Gupta,Female,58,55+,2024-07-02,New,GEO107,Active
CUST05316,Arjun Reddy,Female,24,18-24,2024-03-01,Existing,GEO107,Active
CUST05317,Vivaan Singh,Male,60,55+,2025-08-06,New,GEO061,Active
CUST05318,Isha Verma,Male,52,45-54,2024-10-21,New,GEO028,Active
CUST05319,Isha Mishra,Male,28,25-34,2024-08-14,New,GEO089,Active
CUST05320,Diya Reddy,Female,29,25-34,2024-12-20,Existing,GEO041,Inactive
CUST05321,Rahul Kumar,Female,25,25-34,2026-04-01,New,GEO054,Active
CUST05322,Sneha Mehta,Male,31,25-34,2026-05-03,Existing,GEO077,Active
CUST05323,Neha Mehta,Male,22,18-24,2026-01-04,Existing,GEO025,Inactive
CUST05324,Neha Iyer,Male,36,35-44,2025-02-05,Existing,GEO027,Active
CUST05325,Aditya Iyer,Female,56,55+,2025-08-25,New,GEO021,Active
CUST05326,Rohan Patel,Male,60,55+,2025-04-19,Existing,GEO051,Active
CUST05327,Nisha Sharma,Male,40,35-44,2025-04-17,Existing,GEO118,Active
CUST05328,Diya Mishra,Male,50,45-54,2024-02-27,New,GEO025,Active
CUST05329,Vivaan Rao,Male,33,25-34,2024-01-15,New,GEO116,Active
CUST05330,Rohan Nair,Male,47,45-54,2025-10-11,Existing,GEO083,Inactive
CUST05331,Sneha Nair,Female,48,45-54,2024-10-17,Existing,GEO016,Inactive
CUST05332,Aarav Reddy,Female,30,25-34,2025-04-18,Existing,GEO036,Inactive
CUST05333,Rahul Gupta,Male,60,55+,2024-08-13,Existing,GEO105,Inactive
CUST05334,Nisha Iyer,Female,42,35-44,2026-05-26,New,GEO043,Active
CUST05335,Arjun Verma,Male,46,45-54,2024-12-06,Existing,GEO064,Active
CUST05336,Nisha Nair,Male,40,35-44,2026-04-17,New,GEO101,Inactive
CUST05337,Riya Nair,Female,45,45-54,2025-01-02,Existing,GEO042,Inactive
CUST05338,Vikram Gupta,Male,20,18-24,2026-03-15,New,GEO058,Active
CUST05339,Sneha Gupta,Male,29,25-34,2025-08-06,Existing,GEO067,Active
CUST05340,Aarav Rao,Male,60,55+,2024-03-31,New,GEO024,Active
CUST05341,Neha Nair,Male,40,35-44,2026-01-19,Existing,GEO062,Active
CUST05342,Rohan Reddy,Female,32,25-34,2025-10-18,Existing,GEO051,Inactive
CUST05343,Priya Patel,Female,22,18-24,2024-03-12,Existing,GEO040,Active
CUST05344,Pooja Sharma,Male,23,18-24,2025-09-25,New,GEO029,Inactive
CUST05345,Aditi Patel,Male,29,25-34,2025-08-27,New,GEO003,Active
CUST05346,Karan Rao,Male,43,35-44,2024-11-14,New,GEO022,Active
CUST05347,Priya Rao,Male,22,18-24,2026-01-03,Existing,GEO115,Active
CUST05348,Isha Das,Female,55,55+,2024-01-27,Existing,GEO087,Active
CUST05349,Isha Joshi,Male,32,25-34,2025-07-12,New,GEO085,Active
CUST05350,Diya Sharma,Female,51,45-54,2025-04-13,New,GEO057,Active
CUST05351,Meera Singh,Female,39,35-44,2025-02-12,Existing,GEO078,Active
CUST05352,Aarav Shetty,Male,55,55+,2025-03-17,Existing,GEO027,Inactive
CUST05353,Kavya Mishra,Male,52,45-54,2026-06-18,New,GEO068,Active
CUST05354,Meera Patel,Male,41,35-44,2024-12-08,Existing,GEO102,Active
CUST05355,Rohan Reddy,Female,44,35-44,2025-08-02,New,GEO042,Inactive
CUST05356,Priya Gupta,Female,30,25-34,2024-09-07,Existing,GEO118,Active
CUST05357,Neha Verma,Male,50,45-54,2026-01-15,New,GEO025,Active
CUST05358,Meera Singh,Female,36,35-44,2026-06-15,Existing,GEO014,Active
CUST05359,Diya Gupta,Male,42,35-44,2024-11-01,Existing,GEO012,Active
CUST05360,Nisha Mehta,Female,44,35-44,2024-06-21,Existing,GEO097,Inactive
CUST05361,Neha Rao,Male,59,55+,2024-10-05,Existing,GEO114,Active
CUST05362,Nisha Singh,Female,35,35-44,2024-03-26,Existing,GEO054,Active
CUST05363,Vivaan Mehta,Female,34,25-34,2024-10-06,New,GEO090,Active
CUST05364,Aarav Kumar,Male,26,25-34,2025-07-11,Existing,GEO075,Active
CUST05365,Riya Kumar,Female,37,35-44,2025-03-06,New,GEO083,Active
CUST05366,Vikram Shetty,Female,51,45-54,2025-09-08,New,GEO012,Active
CUST05367,Sneha Reddy,Male,30,25-34,2024-03-19,New,GEO065,Active
CUST05368,Rohan Reddy,Male,31,25-34,2024-01-07,New,GEO047,Active
CUST05369,Vikram Mehta,Male,33,25-34,2024-07-18,Existing,GEO082,Active
CUST05370,Aarav Rao,Female,24,18-24,2026-02-25,New,GEO011,Active
CUST05371,Vikram Kumar,Male,51,45-54,2024-07-06,Existing,GEO062,Active
CUST05372,Diya Nair,Male,22,18-24,2024-07-06,New,GEO115,Active
CUST05373,Ananya Singh,Female,26,25-34,2025-05-12,New,GEO001,Active
CUST05374,Sneha Mehta,Male,26,25-34,2025-04-19,Existing,GEO108,Active
CUST05375,Priya Joshi,Female,31,25-34,2026-05-20,New,GEO033,Active
CUST05376,Kavya Mishra,Female,52,45-54,2024-04-26,New,GEO041,Active
CUST05377,Diya Kumar,Female,51,45-54,2025-03-21,New,GEO060,Active
CUST05378,Rohan Verma,Female,55,55+,2024-01-12,New,GEO069,Active
CUST05379,Vivaan Rao,Female,22,18-24,2024-02-24,New,GEO085,Active
CUST05380,Riya Shetty,Male,54,45-54,2024-10-16,New,GEO023,Active
CUST05381,Aarav Sharma,Male,30,25-34,2025-01-24,Existing,GEO111,Active
CUST05382,Aditya Joshi,Female,31,25-34,2025-12-15,New,GEO018,Active
CUST05383,Rahul Nair,Female,31,25-34,2025-01-28,New,GEO084,Active
CUST05384,Arjun Kumar,Male,30,25-34,2024-08-13,Existing,GEO060,Active
CUST05385,Karan Patel,Male,38,35-44,2025-06-25,Existing,GEO064,Active
CUST05386,Isha Joshi,Male,26,25-34,2025-02-14,New,GEO015,Inactive
CUST05387,Rohan Rao,Female,49,45-54,2026-01-24,New,GEO023,Active
CUST05388,Nisha Singh,Female,26,25-34,2024-07-12,Existing,GEO097,Active
CUST05389,Aarav Patel,Female,47,45-54,2024-08-27,New,GEO006,Active
CUST05390,Ananya Reddy,Female,25,25-34,2025-12-03,New,GEO037,Active
CUST05391,Diya Joshi,Male,43,35-44,2024-03-20,Existing,GEO100,Active
CUST05392,Isha Nair,Female,23,18-24,2024-01-29,Existing,GEO001,Active
CUST05393,Aditi Iyer,Female,52,45-54,2024-06-16,Existing,GEO119,Inactive
CUST05394,Pooja Joshi,Male,48,45-54,2024-08-26,Existing,GEO056,Inactive
CUST05395,Aarav Joshi,Female,59,55+,2024-02-20,New,GEO004,Inactive
CUST05396,Priya Mehta,Female,45,45-54,2025-11-06,New,GEO044,Active
CUST05397,Aarav Kumar,Female,40,35-44,2026-01-05,Existing,GEO116,Active
CUST05398,Diya Verma,Male,48,45-54,2025-04-10,New,GEO120,Active
CUST05399,Aarav Kumar,Male,55,55+,2025-08-01,New,GEO017,Active
CUST05400,Rahul Kumar,Male,43,35-44,2024-04-02,New,GEO033,Active
CUST05401,Sneha Joshi,Male,47,45-54,2026-05-20,New,GEO010,Active
CUST05402,Priya Sharma,Male,43,35-44,2024-07-02,Existing,GEO041,Active
CUST05403,Neha Mehta,Female,24,18-24,2025-10-15,Existing,GEO103,Active
CUST05404,Sneha Iyer,Female,25,25-34,2024-02-20,Existing,GEO121,Inactive
CUST05405,Aditi Singh,Female,56,55+,2025-06-06,New,GEO081,Active
CUST05406,Vivaan Verma,Female,30,25-34,2026-04-29,New,GEO040,Active
CUST05407,Aditi Shetty,Male,54,45-54,2024-09-09,New,GEO074,Active
CUST05408,Neha Mehta,Male,27,25-34,2026-02-10,Existing,GEO090,Inactive
CUST05409,Isha Singh,Female,51,45-54,2025-04-20,New,GEO075,Active
CUST05410,Sneha Gupta,Female,28,25-34,2025-08-01,New,GEO013,Inactive
CUST05411,Arjun Verma,Male,22,18-24,2026-03-20,Existing,GEO040,Active
CUST05412,Isha Das,Female,24,18-24,2026-06-09,New,GEO017,Active
CUST05413,Kavya Reddy,Male,33,25-34,2024-09-14,Existing,GEO058,Active
CUST05414,Rohan Nair,Female,48,45-54,2025-11-03,New,GEO094,Active
CUST05415,Riya Shetty,Female,23,18-24,2025-10-13,New,GEO069,Active
CUST05416,Vikram Nair,Female,53,45-54,2026-03-13,Existing,GEO023,Inactive
CUST05417,Ananya Gupta,Male,30,25-34,2024-08-08,Existing,GEO115,Active
CUST05418,Diya Reddy,Female,30,25-34,2024-01-31,Existing,GEO086,Inactive
CUST05419,Sneha Iyer,Female,32,25-34,2026-02-23,Existing,GEO035,Active
CUST05420,Aditi Reddy,Male,49,45-54,2025-08-22,Existing,GEO093,Inactive
CUST05421,Vikram Rao,Male,42,35-44,2025-12-28,New,GEO071,Inactive
CUST05422,Rohan Verma,Female,49,45-54,2024-06-19,New,GEO043,Active
CUST05423,Sneha Shetty,Female,35,35-44,2024-01-04,New,GEO008,Active
CUST05424,Vikram Iyer,Female,46,45-54,2024-07-18,New,GEO015,Active
CUST05425,Sneha Gupta,Male,28,25-34,2025-01-18,New,GEO033,Active
CUST05426,Sneha Patel,Female,31,25-34,2024-08-04,Existing,GEO024,Active
CUST05427,Vivaan Iyer,Female,32,25-34,2025-04-15,Existing,GEO035,Active
CUST05428,Priya Reddy,Male,43,35-44,2026-01-27,Existing,GEO112,Active
CUST05429,Arjun Verma,Male,29,25-34,2024-03-20,Existing,GEO034,Active
CUST05430,Priya Patel,Female,38,35-44,2025-05-04,New,GEO081,Active
CUST05431,Vikram Joshi,Female,31,25-34,2025-01-22,New,GEO116,Active
CUST05432,Arjun Kumar,Male,24,18-24,2025-10-01,Existing,GEO035,Inactive
CUST05433,Sneha Iyer,Male,59,55+,2024-09-14,New,GEO076,Inactive
CUST05434,Karan Nair,Female,31,25-34,2025-03-27,New,GEO084,Inactive
CUST05435,Vikram Mehta,Male,43,35-44,2025-01-03,New,GEO008,Inactive
CUST05436,Kavya Shetty,Male,40,35-44,2024-09-24,New,GEO103,Active
CUST05437,Rahul Mishra,Female,37,35-44,2025-08-05,New,GEO007,Active
CUST05438,Ananya Gupta,Male,49,45-54,2024-09-23,New,GEO010,Active
CUST05439,Neha Singh,Male,52,45-54,2024-05-23,Existing,GEO116,Active
CUST05440,Priya Reddy,Female,50,45-54,2024-06-21,New,GEO105,Active
CUST05441,Meera Singh,Female,37,35-44,2024-01-14,Existing,GEO015,Active
CUST05442,Isha Mishra,Female,44,35-44,2024-09-05,Existing,GEO078,Active
CUST05443,Pooja Rao,Male,29,25-34,2025-06-15,New,GEO050,Active
CUST05444,Neha Verma,Female,20,18-24,2024-03-20,New,GEO045,Active
CUST05445,Ananya Sharma,Male,26,25-34,2024-06-17,New,GEO094,Active
CUST05446,Aarav Mishra,Female,25,25-34,2024-02-15,Existing,GEO098,Active
CUST05447,Aditi Mishra,Female,31,25-34,2024-06-18,Existing,GEO102,Active
CUST05448,Rahul Sharma,Male,60,55+,2024-04-25,Existing,GEO114,Active
CUST05449,Kavya Sharma,Female,36,35-44,2024-05-24,Existing,GEO080,Inactive
CUST05450,Neha Patel,Female,44,35-44,2025-06-01,New,GEO120,Active
CUST05451,Neha Mehta,Female,24,18-24,2024-03-27,Existing,GEO018,Active
CUST05452,Pooja Reddy,Male,45,45-54,2025-10-19,Existing,GEO022,Active
CUST05453,Kavya Rao,Female,54,45-54,2024-03-10,Existing,GEO022,Active
CUST05454,Ananya Shetty,Female,58,55+,2025-04-12,Existing,GEO090,Inactive
CUST05455,Diya Joshi,Female,33,25-34,2025-12-20,New,GEO076,Active
CUST05456,Pooja Verma,Female,21,18-24,2024-11-17,Existing,GEO085,Active
CUST05457,Aarav Verma,Female,44,35-44,2025-03-20,Existing,GEO093,Active
CUST05458,Karan Rao,Female,22,18-24,2025-08-23,Existing,GEO094,Active
CUST05459,Neha Mehta,Male,40,35-44,2026-03-01,New,GEO073,Active
CUST05460,Meera Gupta,Female,35,35-44,2026-04-07,New,GEO112,Active
CUST05461,Aditi Shetty,Female,53,45-54,2026-02-24,Existing,GEO080,Inactive
CUST05462,Diya Singh,Male,47,45-54,2026-05-25,New,GEO046,Active
CUST05463,Pooja Nair,Female,49,45-54,2024-01-18,New,GEO103,Active
CUST05464,Nisha Iyer,Male,25,25-34,2024-03-31,New,GEO050,Active
CUST05465,Priya Mishra,Female,28,25-34,2024-11-14,New,GEO068,Active
CUST05466,Riya Iyer,Female,28,25-34,2024-12-19,New,GEO065,Active
CUST05467,Sneha Nair,Male,58,55+,2024-11-25,New,GEO044,Active
CUST05468,Isha Das,Male,37,35-44,2025-04-26,Existing,GEO005,Inactive
CUST05469,Ananya Verma,Female,46,45-54,2026-03-03,New,GEO063,Active
CUST05470,Rohan Nair,Female,55,55+,2026-01-14,New,GEO022,Active
CUST05471,Isha Das,Female,41,35-44,2025-03-05,New,GEO011,Inactive
CUST05472,Rahul Mehta,Male,40,35-44,2026-05-22,Existing,GEO076,Active
CUST05473,Meera Nair,Female,59,55+,2025-07-30,New,GEO027,Inactive
CUST05474,Riya Mishra,Female,51,45-54,2025-11-25,New,GEO019,Active
CUST05475,Vivaan Verma,Female,34,25-34,2024-10-02,New,GEO008,Active
CUST05476,Aditya Patel,Female,25,25-34,2025-08-07,Existing,GEO019,Inactive
CUST05477,Ananya Reddy,Female,56,55+,2025-04-26,Existing,GEO009,Active
CUST05478,Vikram Nair,Female,58,55+,2025-01-19,New,GEO079,Active
CUST05479,Rohan Gupta,Male,46,45-54,2024-11-15,Existing,GEO096,Active
CUST05480,Nisha Nair,Female,21,18-24,2024-03-01,New,GEO003,Inactive
CUST05481,Meera Kumar,Male,35,35-44,2024-09-26,New,GEO068,Inactive
CUST05482,Isha Patel,Female,53,45-54,2024-07-12,New,GEO084,Inactive
CUST05483,Karan Gupta,Male,42,35-44,2025-11-05,New,GEO037,Active
CUST05484,Aditya Das,Male,59,55+,2025-05-07,Existing,GEO007,Active
CUST05485,Nisha Mehta,Male,32,25-34,2024-03-03,Existing,GEO038,Active
CUST05486,Meera Shetty,Female,25,25-34,2024-09-12,Existing,GEO007,Active
CUST05487,Vikram Verma,Male,21,18-24,2024-03-30,New,GEO094,Active
CUST05488,Vikram Mishra,Male,24,18-24,2025-08-17,Existing,GEO063,Inactive
CUST05489,Isha Verma,Female,51,45-54,2026-03-12,New,GEO110,Inactive
CUST05490,Priya Nair,Female,41,35-44,2025-01-21,Existing,GEO039,Active
CUST05491,Neha Mishra,Male,59,55+,2024-08-01,New,GEO079,Active
CUST05492,Arjun Kumar,Male,36,35-44,2025-01-01,New,GEO018,Inactive
CUST05493,Ananya Nair,Male,59,55+,2025-08-10,New,GEO031,Active
CUST05494,Vikram Reddy,Male,54,45-54,2024-07-15,New,GEO027,Active
CUST05495,Nisha Nair,Female,24,18-24,2025-11-01,Existing,GEO096,Active
CUST05496,Sneha Iyer,Male,49,45-54,2024-05-26,New,GEO056,Active
CUST05497,Isha Iyer,Male,47,45-54,2025-01-29,New,GEO041,Active
CUST05498,Nisha Verma,Female,39,35-44,2026-04-14,Existing,GEO021,Active
CUST05499,Vikram Gupta,Female,46,45-54,2025-07-29,Existing,GEO085,Active
CUST05500,Vivaan Patel,Female,49,45-54,2024-09-12,Existing,GEO007,Inactive
CUST05501,Pooja Mishra,Female,56,55+,2026-04-24,New,GEO045,Active
CUST05502,Kavya Joshi,Male,22,18-24,2024-08-22,New,GEO059,Inactive
CUST05503,Aditi Patel,Male,27,25-34,2025-01-18,Existing,GEO068,Active
CUST05504,Diya Nair,Female,57,55+,2026-04-30,New,GEO050,Active
CUST05505,Riya Iyer,Male,59,55+,2026-02-06,Existing,GEO108,Inactive
CUST05506,Neha Das,Female,38,35-44,2025-03-18,Existing,GEO019,Active
CUST05507,Neha Kumar,Male,57,55+,2024-01-31,Existing,GEO022,Active
CUST05508,Aditi Nair,Female,29,25-34,2025-05-22,Existing,GEO033,Inactive
CUST05509,Riya Verma,Male,20,18-24,2025-05-29,Existing,GEO077,Active
CUST05510,Priya Singh,Male,22,18-24,2025-12-02,Existing,GEO121,Active
CUST05511,Pooja Patel,Male,59,55+,2025-03-09,Existing,GEO116,Active
CUST05512,Priya Shetty,Male,28,25-34,2024-02-28,New,GEO060,Inactive
CUST05513,Neha Gupta,Female,22,18-24,2024-09-04,Existing,GEO006,Active
CUST05514,Vikram Shetty,Female,26,25-34,2024-04-10,Existing,GEO002,Inactive
CUST05515,Aditya Singh,Male,57,55+,2026-04-01,Existing,GEO045,Inactive
CUST05516,Kavya Iyer,Male,40,35-44,2025-05-14,New,GEO092,Active
CUST05517,Nisha Nair,Female,28,25-34,2025-05-16,New,GEO046,Active
CUST05518,Nisha Kumar,Female,47,45-54,2025-06-17,Existing,GEO046,Inactive
CUST05519,Meera Shetty,Female,27,25-34,2025-01-08,Existing,GEO011,Inactive
CUST05520,Riya Reddy,Female,46,45-54,2024-02-14,Existing,GEO120,Active
CUST05521,Aarav Nair,Female,44,35-44,2025-02-21,Existing,GEO041,Active
CUST05522,Aditya Reddy,Male,46,45-54,2026-06-03,New,GEO076,Active
CUST05523,Rohan Iyer,Male,46,45-54,2024-07-10,Existing,GEO120,Active
CUST05524,Sneha Rao,Male,52,45-54,2025-01-17,Existing,GEO009,Active
CUST05525,Meera Mishra,Male,25,25-34,2025-10-18,Existing,GEO109,Active
CUST05526,Pooja Joshi,Female,55,55+,2025-08-16,Existing,GEO068,Inactive
CUST05527,Karan Kumar,Female,56,55+,2026-01-27,Existing,GEO120,Active
CUST05528,Pooja Shetty,Female,23,18-24,2024-06-14,New,GEO034,Active
CUST05529,Kavya Mehta,Male,44,35-44,2024-07-03,New,GEO055,Active
CUST05530,Arjun Patel,Male,28,25-34,2024-01-05,Existing,GEO037,Inactive
CUST05531,Pooja Singh,Male,57,55+,2024-04-23,New,GEO014,Active
CUST05532,Isha Shetty,Female,56,55+,2024-09-06,New,GEO108,Active
CUST05533,Sneha Sharma,Male,42,35-44,2026-04-11,Existing,GEO101,Active
CUST05534,Meera Reddy,Male,31,25-34,2024-01-13,Existing,GEO054,Inactive
CUST05535,Isha Nair,Female,33,25-34,2025-05-17,Existing,GEO080,Active
CUST05536,Aditya Sharma,Female,30,25-34,2026-03-30,Existing,GEO113,Active
CUST05537,Rahul Verma,Male,22,18-24,2026-05-25,New,GEO003,Active
CUST05538,Nisha Patel,Female,28,25-34,2026-02-24,Existing,GEO039,Inactive
CUST05539,Vikram Das,Female,33,25-34,2024-05-10,Existing,GEO108,Inactive
CUST05540,Nisha Gupta,Male,25,25-34,2025-07-24,New,GEO002,Active
CUST05541,Meera Mehta,Male,54,45-54,2025-12-04,Existing,GEO065,Inactive
CUST05542,Ananya Reddy,Male,28,25-34,2025-07-29,New,GEO091,Active
CUST05543,Aditya Verma,Male,26,25-34,2025-05-29,Existing,GEO102,Active
CUST05544,Sneha Singh,Female,33,25-34,2025-03-10,New,GEO051,Active
CUST05545,Aditya Shetty,Male,50,45-54,2025-06-03,New,GEO021,Inactive
CUST05546,Aarav Reddy,Female,40,35-44,2024-12-10,New,GEO088,Inactive
CUST05547,Rahul Shetty,Male,59,55+,2026-01-04,Existing,GEO004,Active
CUST05548,Kavya Shetty,Female,51,45-54,2024-08-11,New,GEO086,Active
CUST05549,Neha Gupta,Male,32,25-34,2025-12-28,Existing,GEO017,Inactive
CUST05550,Arjun Rao,Female,41,35-44,2025-04-07,Existing,GEO007,Active
CUST05551,Nisha Verma,Female,23,18-24,2025-02-16,New,GEO059,Active
CUST05552,Rohan Iyer,Female,28,25-34,2024-12-03,Existing,GEO102,Active
CUST05553,Diya Joshi,Female,52,45-54,2024-06-12,New,GEO065,Active
CUST05554,Arjun Iyer,Male,20,18-24,2024-12-01,Existing,GEO057,Inactive
CUST05555,Aditya Reddy,Female,46,45-54,2025-08-11,Existing,GEO093,Active
CUST05556,Meera Mehta,Female,46,45-54,2025-03-27,Existing,GEO018,Active
CUST05557,Riya Shetty,Female,28,25-34,2024-04-21,Existing,GEO085,Active
CUST05558,Rohan Rao,Male,56,55+,2026-05-27,Existing,GEO072,Active
CUST05559,Neha Gupta,Female,57,55+,2024-07-13,Existing,GEO059,Inactive
CUST05560,Vikram Mishra,Female,46,45-54,2024-03-19,Existing,GEO044,Active
CUST05561,Riya Mehta,Male,21,18-24,2025-12-25,New,GEO090,Active
CUST05562,Sneha Gupta,Female,58,55+,2026-01-07,Existing,GEO066,Active
CUST05563,Kavya Mishra,Male,29,25-34,2025-07-31,New,GEO050,Active
CUST05564,Rohan Shetty,Female,27,25-34,2024-03-30,Existing,GEO004,Inactive
CUST05565,Ananya Shetty,Male,44,35-44,2025-07-29,New,GEO053,Active
CUST05566,Vivaan Mishra,Female,53,45-54,2025-07-01,Existing,GEO018,Active
CUST05567,Vikram Mishra,Male,28,25-34,2026-05-28,New,GEO071,Active
CUST05568,Riya Rao,Male,24,18-24,2024-01-12,Existing,GEO051,Inactive
CUST05569,Rahul Sharma,Male,47,45-54,2025-03-29,New,GEO083,Inactive
CUST05570,Neha Joshi,Female,34,25-34,2026-03-03,New,GEO115,Inactive
CUST05571,Aarav Verma,Female,43,35-44,2025-05-09,New,GEO075,Active
CUST05572,Ananya Verma,Female,42,35-44,2025-11-06,Existing,GEO108,Active
CUST05573,Pooja Sharma,Female,57,55+,2025-05-15,Existing,GEO034,Inactive
CUST05574,Vikram Kumar,Male,48,45-54,2025-09-07,Existing,GEO033,Active
CUST05575,Meera Mishra,Female,57,55+,2024-10-04,Existing,GEO096,Active
CUST05576,Nisha Singh,Female,23,18-24,2025-06-13,New,GEO008,Active
CUST05577,Rohan Rao,Male,41,35-44,2024-04-06,New,GEO055,Inactive
CUST05578,Pooja Das,Female,28,25-34,2024-10-05,New,GEO088,Active
CUST05579,Vivaan Iyer,Female,56,55+,2025-06-12,New,GEO109,Active
CUST05580,Ananya Rao,Female,38,35-44,2024-05-05,Existing,GEO099,Active
CUST05581,Riya Shetty,Male,22,18-24,2024-03-13,New,GEO114,Active
CUST05582,Nisha Nair,Male,48,45-54,2025-06-15,Existing,GEO051,Inactive
CUST05583,Pooja Iyer,Female,34,25-34,2026-01-15,New,GEO109,Inactive
CUST05584,Riya Shetty,Male,56,55+,2026-04-19,New,GEO071,Active
CUST05585,Riya Joshi,Male,26,25-34,2024-04-19,Existing,GEO074,Inactive
CUST05586,Vikram Patel,Male,51,45-54,2025-06-20,New,GEO026,Active
CUST05587,Aditi Shetty,Female,42,35-44,2024-05-08,Existing,GEO084,Active
CUST05588,Aditya Mishra,Male,42,35-44,2024-04-16,New,GEO026,Active
CUST05589,Aarav Rao,Female,58,55+,2026-05-30,Existing,GEO022,Active
CUST05590,Riya Verma,Male,24,18-24,2024-11-17,New,GEO094,Active
CUST05591,Aditi Gupta,Male,28,25-34,2025-07-25,Existing,GEO087,Inactive
CUST05592,Meera Sharma,Female,49,45-54,2026-05-23,Existing,GEO107,Active
CUST05593,Aditya Mishra,Female,53,45-54,2026-05-07,New,GEO100,Active
CUST05594,Diya Mehta,Male,21,18-24,2025-07-31,Existing,GEO071,Active
CUST05595,Priya Shetty,Female,54,45-54,2024-10-20,New,GEO003,Active
CUST05596,Vikram Patel,Male,52,45-54,2025-02-21,New,GEO082,Inactive
CUST05597,Sneha Reddy,Male,20,18-24,2025-01-29,New,GEO113,Active
CUST05598,Priya Joshi,Male,50,45-54,2024-12-22,New,GEO071,Active
CUST05599,Arjun Kumar,Male,27,25-34,2024-08-16,Existing,GEO066,Inactive
CUST05600,Isha Singh,Female,23,18-24,2025-03-24,Existing,GEO064,Active
CUST05601,Aditi Joshi,Male,57,55+,2025-12-22,New,GEO098,Active
CUST05602,Nisha Verma,Male,34,25-34,2024-06-08,Existing,GEO103,Inactive
CUST05603,Nisha Rao,Male,37,35-44,2025-01-01,New,GEO031,Active
CUST05604,Sneha Verma,Female,33,25-34,2024-01-14,Existing,GEO068,Inactive
CUST05605,Diya Verma,Male,27,25-34,2024-09-29,New,GEO049,Active
CUST05606,Karan Mishra,Female,41,35-44,2024-03-06,Existing,GEO037,Inactive
CUST05607,Kavya Kumar,Female,50,45-54,2025-12-15,Existing,GEO041,Active
CUST05608,Rahul Nair,Female,48,45-54,2026-02-22,Existing,GEO093,Active
CUST05609,Ananya Patel,Male,39,35-44,2026-05-26,Existing,GEO084,Active
CUST05610,Arjun Mehta,Female,27,25-34,2024-04-16,New,GEO041,Inactive
CUST05611,Vikram Joshi,Male,50,45-54,2026-03-17,Existing,GEO010,Active
CUST05612,Meera Verma,Female,49,45-54,2024-10-20,New,GEO084,Active
CUST05613,Aditi Sharma,Female,23,18-24,2026-02-07,New,GEO065,Active
CUST05614,Meera Nair,Male,24,18-24,2024-09-22,New,GEO023,Inactive
CUST05615,Vikram Mishra,Female,40,35-44,2024-02-22,Existing,GEO096,Active
CUST05616,Vikram Mehta,Male,44,35-44,2025-12-05,New,GEO100,Active
CUST05617,Kavya Patel,Female,35,35-44,2025-09-30,Existing,GEO099,Active
CUST05618,Aditya Nair,Male,48,45-54,2024-12-13,Existing,GEO093,Inactive
CUST05619,Karan Joshi,Male,53,45-54,2025-02-16,New,GEO106,Active
CUST05620,Rohan Verma,Female,30,25-34,2025-11-24,New,GEO049,Active
CUST05621,Rahul Gupta,Female,53,45-54,2026-03-02,Existing,GEO075,Inactive
CUST05622,Rahul Mishra,Female,36,35-44,2025-03-03,New,GEO081,Inactive
CUST05623,Aditi Nair,Male,21,18-24,2025-12-01,Existing,GEO061,Inactive
CUST05624,Arjun Rao,Female,31,25-34,2025-06-23,New,GEO118,Active
CUST05625,Riya Iyer,Male,59,55+,2024-07-02,New,GEO099,Active
CUST05626,Aarav Mehta,Male,34,25-34,2025-06-06,Existing,GEO024,Active
CUST05627,Arjun Mishra,Female,35,35-44,2026-06-07,Existing,GEO036,Active
CUST05628,Aditi Rao,Female,43,35-44,2024-03-06,New,GEO041,Active
CUST05629,Aarav Sharma,Female,25,25-34,2026-02-23,New,GEO045,Inactive
CUST05630,Rahul Joshi,Male,34,25-34,2024-07-26,New,GEO056,Inactive
CUST05631,Priya Mehta,Female,32,25-34,2025-11-14,New,GEO040,Inactive
CUST05632,Isha Kumar,Female,57,55+,2025-01-03,Existing,GEO107,Inactive
CUST05633,Rohan Das,Male,28,25-34,2024-07-18,Existing,GEO008,Inactive
CUST05634,Ananya Singh,Female,31,25-34,2025-07-03,Existing,GEO081,Active
CUST05635,Vivaan Shetty,Female,39,35-44,2025-01-30,New,GEO027,Active
CUST05636,Kavya Joshi,Male,56,55+,2026-05-21,Existing,GEO023,Active
CUST05637,Karan Singh,Female,45,45-54,2026-06-15,New,GEO010,Inactive
CUST05638,Aditi Iyer,Male,32,25-34,2024-01-17,Existing,GEO006,Active
CUST05639,Sneha Mishra,Male,50,45-54,2026-02-01,New,GEO066,Active
CUST05640,Sneha Iyer,Male,35,35-44,2025-12-18,New,GEO066,Active
CUST05641,Aditya Shetty,Female,51,45-54,2025-08-07,New,GEO056,Active
CUST05642,Vivaan Reddy,Male,36,35-44,2026-05-29,New,GEO008,Active
CUST05643,Sneha Singh,Female,44,35-44,2024-08-28,New,GEO097,Active
CUST05644,Ananya Iyer,Female,53,45-54,2025-01-06,New,GEO038,Active
CUST05645,Diya Mishra,Female,54,45-54,2025-04-09,Existing,GEO020,Active
CUST05646,Arjun Shetty,Female,56,55+,2024-03-18,New,GEO066,Active
CUST05647,Vivaan Singh,Female,53,45-54,2024-03-22,Existing,GEO096,Active
CUST05648,Sneha Mishra,Male,23,18-24,2026-06-06,New,GEO038,Inactive
CUST05649,Arjun Verma,Male,57,55+,2025-10-14,Existing,GEO079,Active
CUST05650,Sneha Mishra,Male,32,25-34,2026-04-22,New,GEO116,Active
CUST05651,Meera Singh,Male,37,35-44,2024-01-25,Existing,GEO070,Active
CUST05652,Vikram Mehta,Female,40,35-44,2026-06-13,New,GEO117,Active
CUST05653,Rahul Mishra,Female,47,45-54,2024-02-27,Existing,GEO020,Active
CUST05654,Neha Gupta,Male,53,45-54,2024-12-20,Existing,GEO109,Active
CUST05655,Aditya Shetty,Male,49,45-54,2026-03-30,New,GEO088,Inactive
CUST05656,Rahul Reddy,Female,30,25-34,2024-01-25,New,GEO045,Active
CUST05657,Arjun Iyer,Female,47,45-54,2025-03-31,Existing,GEO030,Active
CUST05658,Aditya Iyer,Male,32,25-34,2025-05-26,Existing,GEO074,Active
CUST05659,Aditya Patel,Female,42,35-44,2026-01-23,New,GEO038,Active
CUST05660,Rahul Joshi,Male,30,25-34,2026-04-20,New,GEO046,Active
CUST05661,Arjun Mehta,Female,23,18-24,2024-05-22,Existing,GEO112,Inactive
CUST05662,Rahul Singh,Male,55,55+,2024-05-03,Existing,GEO022,Active
CUST05663,Vivaan Verma,Female,22,18-24,2026-02-16,New,GEO092,Active
CUST05664,Diya Iyer,Male,37,35-44,2024-08-25,New,GEO007,Active
CUST05665,Rahul Verma,Female,30,25-34,2024-02-16,Existing,GEO077,Inactive
CUST05666,Vikram Joshi,Male,29,25-34,2025-07-28,Existing,GEO038,Active
CUST05667,Sneha Nair,Female,34,25-34,2025-10-19,Existing,GEO027,Active
CUST05668,Nisha Sharma,Female,29,25-34,2026-01-25,New,GEO029,Active
CUST05669,Neha Mehta,Female,53,45-54,2025-10-17,New,GEO037,Inactive
CUST05670,Vivaan Joshi,Male,35,35-44,2025-08-27,Existing,GEO104,Active
CUST05671,Neha Mishra,Male,41,35-44,2026-02-11,Existing,GEO085,Active
CUST05672,Ananya Kumar,Male,41,35-44,2026-05-06,New,GEO117,Active
CUST05673,Arjun Sharma,Female,49,45-54,2024-06-23,New,GEO062,Active
CUST05674,Riya Gupta,Female,38,35-44,2025-04-26,New,GEO073,Active
CUST05675,Pooja Iyer,Female,24,18-24,2024-05-07,New,GEO004,Active
CUST05676,Nisha Shetty,Female,36,35-44,2025-02-07,Existing,GEO118,Inactive
CUST05677,Karan Verma,Female,41,35-44,2026-02-11,Existing,GEO100,Active
CUST05678,Sneha Sharma,Female,58,55+,2025-02-18,Existing,GEO018,Active
CUST05679,Vivaan Das,Female,45,45-54,2026-01-17,Existing,GEO109,Inactive
CUST05680,Aarav Joshi,Male,36,35-44,2024-05-31,New,GEO070,Active
CUST05681,Diya Reddy,Female,32,25-34,2025-06-13,New,GEO046,Active
CUST05682,Priya Reddy,Female,54,45-54,2024-01-05,New,GEO100,Active
CUST05683,Rohan Singh,Female,27,25-34,2024-01-19,Existing,GEO062,Inactive
CUST05684,Meera Singh,Male,43,35-44,2025-12-07,Existing,GEO072,Active
CUST05685,Karan Singh,Male,33,25-34,2025-03-13,Existing,GEO067,Active
CUST05686,Neha Mehta,Female,49,45-54,2024-06-02,New,GEO032,Active
CUST05687,Neha Patel,Female,35,35-44,2025-01-29,New,GEO097,Active
CUST05688,Kavya Reddy,Male,20,18-24,2025-10-01,Existing,GEO018,Inactive
CUST05689,Rahul Rao,Female,22,18-24,2024-07-11,Existing,GEO113,Active
CUST05690,Aditya Iyer,Male,38,35-44,2024-04-05,Existing,GEO107,Active
CUST05691,Pooja Reddy,Female,49,45-54,2024-10-05,Existing,GEO110,Inactive
CUST05692,Riya Rao,Female,22,18-24,2026-02-18,New,GEO074,Inactive
CUST05693,Priya Nair,Male,49,45-54,2025-09-09,Existing,GEO111,Active
CUST05694,Vikram Rao,Female,56,55+,2025-04-06,Existing,GEO013,Active
CUST05695,Ananya Verma,Female,32,25-34,2024-01-22,New,GEO117,Inactive
CUST05696,Nisha Mehta,Male,54,45-54,2024-02-22,New,GEO038,Active
CUST05697,Diya Shetty,Female,51,45-54,2025-03-15,Existing,GEO114,Active
CUST05698,Rahul Das,Female,22,18-24,2026-05-26,New,GEO115,Inactive
CUST05699,Meera Mishra,Male,49,45-54,2025-11-24,New,GEO050,Active
CUST05700,Vikram Singh,Female,52,45-54,2024-07-04,New,GEO040,Active
CUST05701,Aditi Mehta,Male,27,25-34,2024-09-27,Existing,GEO057,Inactive
CUST05702,Sneha Nair,Male,48,45-54,2024-05-28,Existing,GEO089,Active
CUST05703,Rohan Mehta,Male,55,55+,2025-07-20,New,GEO022,Inactive
CUST05704,Rahul Iyer,Female,55,55+,2025-10-26,New,GEO080,Inactive
CUST05705,Kavya Shetty,Female,21,18-24,2024-04-12,Existing,GEO113,Active
CUST05706,Vikram Sharma,Female,32,25-34,2025-12-31,Existing,GEO028,Inactive
CUST05707,Nisha Nair,Male,46,45-54,2024-05-06,Existing,GEO073,Inactive
CUST05708,Arjun Singh,Male,51,45-54,2025-05-19,Existing,GEO033,Active
CUST05709,Aarav Sharma,Female,37,35-44,2024-01-03,Existing,GEO005,Inactive
CUST05710,Rohan Reddy,Female,43,35-44,2024-02-16,New,GEO007,Inactive
CUST05711,Diya Verma,Male,39,35-44,2025-03-31,New,GEO075,Inactive
CUST05712,Aditi Joshi,Male,53,45-54,2024-06-29,Existing,GEO096,Active
CUST05713,Neha Iyer,Female,29,25-34,2024-07-30,Existing,GEO074,Active
CUST05714,Diya Verma,Male,43,35-44,2026-03-27,New,GEO104,Inactive
CUST05715,Isha Gupta,Female,46,45-54,2024-10-09,Existing,GEO066,Inactive
CUST05716,Pooja Mishra,Male,55,55+,2025-11-13,New,GEO117,Active
CUST05717,Rohan Nair,Male,40,35-44,2025-08-24,New,GEO102,Inactive
CUST05718,Aditi Nair,Female,51,45-54,2024-05-03,New,GEO092,Inactive
CUST05719,Priya Mishra,Male,20,18-24,2025-05-01,New,GEO090,Active
CUST05720,Kavya Singh,Male,36,35-44,2024-06-10,New,GEO006,Active
CUST05721,Meera Shetty,Male,27,25-34,2024-04-11,Existing,GEO109,Inactive
CUST05722,Pooja Das,Female,49,45-54,2024-05-31,New,GEO057,Active
CUST05723,Isha Kumar,Female,29,25-34,2025-08-12,Existing,GEO056,Active
CUST05724,Priya Patel,Male,40,35-44,2025-02-24,Existing,GEO021,Active
CUST05725,Aditi Shetty,Male,38,35-44,2025-06-08,New,GEO063,Inactive
CUST05726,Rahul Mehta,Female,49,45-54,2024-05-18,Existing,GEO005,Active
CUST05727,Aditya Singh,Female,42,35-44,2024-09-09,New,GEO074,Active
CUST05728,Neha Mishra,Female,40,35-44,2025-03-07,Existing,GEO017,Active
CUST05729,Priya Singh,Male,46,45-54,2026-04-25,Existing,GEO115,Active
CUST05730,Diya Sharma,Male,22,18-24,2025-03-22,Existing,GEO089,Active
CUST05731,Rahul Singh,Female,40,35-44,2024-02-03,New,GEO031,Active
CUST05732,Aditya Mehta,Female,21,18-24,2024-08-19,New,GEO020,Active
CUST05733,Meera Singh,Female,47,45-54,2025-03-25,Existing,GEO037,Active
CUST05734,Rahul Iyer,Male,40,35-44,2026-01-23,New,GEO081,Active
CUST05735,Ananya Reddy,Female,46,45-54,2024-08-14,New,GEO121,Inactive
CUST05736,Aarav Nair,Female,24,18-24,2025-07-17,New,GEO031,Active
CUST05737,Rahul Kumar,Female,41,35-44,2024-08-17,New,GEO049,Inactive
CUST05738,Kavya Nair,Female,55,55+,2024-10-30,Existing,GEO018,Inactive
CUST05739,Aarav Verma,Female,27,25-34,2024-05-02,New,GEO095,Active
CUST05740,Kavya Patel,Female,43,35-44,2024-01-09,Existing,GEO005,Inactive
CUST05741,Neha Iyer,Female,54,45-54,2026-03-27,New,GEO017,Active
CUST05742,Rahul Mishra,Female,41,35-44,2025-11-02,Existing,GEO072,Inactive
CUST05743,Sneha Reddy,Male,58,55+,2026-06-14,Existing,GEO056,Active
CUST05744,Rahul Nair,Female,22,18-24,2025-10-25,Existing,GEO009,Active
CUST05745,Riya Mehta,Female,25,25-34,2026-03-30,Existing,GEO089,Active
CUST05746,Nisha Iyer,Male,24,18-24,2025-05-01,Existing,GEO028,Active
CUST05747,Karan Iyer,Female,31,25-34,2026-04-01,Existing,GEO104,Active
CUST05748,Aditya Rao,Male,53,45-54,2025-11-16,Existing,GEO055,Active
CUST05749,Meera Das,Male,27,25-34,2024-10-02,New,GEO051,Active
CUST05750,Rohan Gupta,Male,44,35-44,2024-11-23,Existing,GEO099,Active
CUST05751,Rohan Patel,Male,35,35-44,2026-04-11,Existing,GEO116,Inactive
CUST05752,Arjun Iyer,Male,22,18-24,2024-01-03,New,GEO022,Inactive
CUST05753,Aditi Rao,Female,24,18-24,2024-02-14,Existing,GEO032,Inactive
CUST05754,Rohan Mishra,Male,39,35-44,2026-04-08,Existing,GEO066,Active
CUST05755,Aarav Joshi,Male,51,45-54,2024-01-09,New,GEO042,Active
CUST05756,Arjun Iyer,Male,41,35-44,2025-07-13,New,GEO025,Active
CUST05757,Vivaan Joshi,Male,38,35-44,2024-12-14,New,GEO089,Active
CUST05758,Vikram Nair,Female,41,35-44,2025-12-28,Existing,GEO104,Active
CUST05759,Vikram Kumar,Male,60,55+,2024-04-18,New,GEO053,Inactive
CUST05760,Aarav Mishra,Female,56,55+,2025-03-04,New,GEO082,Active
CUST05761,Isha Mehta,Female,30,25-34,2025-03-16,Existing,GEO100,Active
CUST05762,Kavya Rao,Male,29,25-34,2024-06-01,New,GEO051,Active
CUST05763,Neha Rao,Female,23,18-24,2026-04-17,Existing,GEO075,Active
CUST05764,Rahul Singh,Male,58,55+,2026-05-17,New,GEO111,Active
CUST05765,Aditya Gupta,Male,20,18-24,2024-08-17,Existing,GEO096,Inactive
CUST05766,Kavya Verma,Female,43,35-44,2025-12-04,New,GEO098,Inactive
CUST05767,Nisha Shetty,Female,45,45-54,2025-05-17,New,GEO028,Active
CUST05768,Vivaan Iyer,Female,38,35-44,2026-05-19,New,GEO119,Inactive
CUST05769,Neha Nair,Male,38,35-44,2025-02-11,New,GEO068,Inactive
CUST05770,Rohan Das,Female,29,25-34,2024-07-13,New,GEO109,Active
CUST05771,Neha Mishra,Female,21,18-24,2024-05-31,Existing,GEO050,Active
CUST05772,Arjun Mishra,Male,26,25-34,2025-02-27,New,GEO086,Active
CUST05773,Ananya Joshi,Female,43,35-44,2024-09-14,Existing,GEO016,Active
CUST05774,Vikram Iyer,Male,40,35-44,2025-08-13,New,GEO067,Active
CUST05775,Neha Mehta,Female,43,35-44,2025-10-10,New,GEO087,Inactive
CUST05776,Aditi Mishra,Female,52,45-54,2025-08-01,New,GEO076,Active
CUST05777,Sneha Nair,Female,20,18-24,2025-09-18,Existing,GEO079,Active
CUST05778,Diya Singh,Female,31,25-34,2025-11-11,New,GEO059,Inactive
CUST05779,Meera Joshi,Male,30,25-34,2024-09-02,New,GEO011,Active
CUST05780,Neha Kumar,Female,50,45-54,2024-08-24,New,GEO079,Active
CUST05781,Aditi Mehta,Female,41,35-44,2026-05-05,New,GEO021,Active
CUST05782,Isha Verma,Male,52,45-54,2024-03-31,New,GEO087,Active
CUST05783,Priya Nair,Male,46,45-54,2025-07-31,New,GEO018,Inactive
CUST05784,Isha Reddy,Female,56,55+,2024-09-30,Existing,GEO086,Active
CUST05785,Priya Gupta,Male,37,35-44,2026-05-09,New,GEO080,Active
CUST05786,Vikram Gupta,Male,21,18-24,2024-07-09,New,GEO106,Inactive
CUST05787,Riya Shetty,Female,47,45-54,2026-05-27,New,GEO114,Inactive
CUST05788,Neha Verma,Female,47,45-54,2026-02-01,Existing,GEO083,Active
CUST05789,Vivaan Iyer,Male,23,18-24,2024-03-22,New,GEO071,Active
CUST05790,Isha Mehta,Female,52,45-54,2024-09-09,New,GEO051,Active
CUST05791,Pooja Das,Female,25,25-34,2025-04-25,Existing,GEO083,Active
CUST05792,Rohan Nair,Female,32,25-34,2024-05-25,New,GEO076,Active
CUST05793,Neha Patel,Male,59,55+,2024-05-17,Existing,GEO114,Inactive
CUST05794,Rahul Verma,Female,50,45-54,2026-02-27,Existing,GEO033,Active
CUST05795,Rahul Kumar,Female,48,45-54,2024-02-19,Existing,GEO024,Active
CUST05796,Priya Singh,Female,26,25-34,2025-06-22,New,GEO030,Inactive
CUST05797,Sneha Gupta,Male,32,25-34,2025-08-19,Existing,GEO070,Active
CUST05798,Priya Verma,Male,31,25-34,2026-02-15,Existing,GEO116,Active
CUST05799,Pooja Sharma,Female,43,35-44,2025-04-02,Existing,GEO074,Active
CUST05800,Ananya Reddy,Male,57,55+,2025-06-22,New,GEO083,Active
CUST05801,Meera Kumar,Female,29,25-34,2024-11-13,Existing,GEO092,Inactive
CUST05802,Isha Shetty,Female,57,55+,2025-02-25,Existing,GEO068,Active
CUST05803,Meera Gupta,Female,53,45-54,2024-08-08,New,GEO112,Active
CUST05804,Priya Das,Female,56,55+,2025-09-25,Existing,GEO101,Active
CUST05805,Aditi Nair,Male,24,18-24,2025-12-30,Existing,GEO023,Active
CUST05806,Vivaan Kumar,Female,60,55+,2025-10-07,Existing,GEO059,Active
CUST05807,Meera Patel,Female,51,45-54,2025-08-07,Existing,GEO087,Active
CUST05808,Kavya Iyer,Female,52,45-54,2026-04-30,Existing,GEO087,Inactive
CUST05809,Pooja Joshi,Male,56,55+,2025-12-25,New,GEO104,Active
CUST05810,Arjun Sharma,Male,21,18-24,2025-07-17,New,GEO013,Active
CUST05811,Meera Rao,Female,31,25-34,2025-11-14,New,GEO051,Active
CUST05812,Pooja Nair,Male,40,35-44,2024-11-25,Existing,GEO014,Active
CUST05813,Sneha Verma,Male,57,55+,2025-08-01,New,GEO081,Active
CUST05814,Neha Shetty,Male,52,45-54,2024-01-02,Existing,GEO066,Inactive
CUST05815,Rahul Verma,Female,31,25-34,2024-06-09,Existing,GEO113,Inactive
CUST05816,Rohan Rao,Female,47,45-54,2025-12-21,Existing,GEO105,Active
CUST05817,Isha Kumar,Female,22,18-24,2024-04-27,Existing,GEO020,Active
CUST05818,Karan Mehta,Male,24,18-24,2025-10-30,Existing,GEO027,Active
CUST05819,Isha Nair,Male,40,35-44,2025-03-18,Existing,GEO088,Inactive
CUST05820,Neha Mishra,Female,51,45-54,2024-08-05,New,GEO050,Active
CUST05821,Vivaan Reddy,Female,54,45-54,2024-11-26,New,GEO002,Active
CUST05822,Aditya Iyer,Female,57,55+,2025-09-05,New,GEO061,Inactive
CUST05823,Nisha Sharma,Male,24,18-24,2026-06-07,Existing,GEO011,Active
CUST05824,Sneha Mishra,Female,50,45-54,2025-02-07,Existing,GEO078,Inactive
CUST05825,Aditya Verma,Female,37,35-44,2024-06-04,New,GEO097,Active
CUST05826,Sneha Singh,Male,38,35-44,2025-01-12,New,GEO101,Active
CUST05827,Karan Singh,Male,33,25-34,2024-12-22,Existing,GEO092,Active
CUST05828,Isha Gupta,Female,43,35-44,2025-06-28,Existing,GEO063,Active
CUST05829,Aditi Das,Male,40,35-44,2025-04-30,New,GEO096,Active
CUST05830,Vikram Shetty,Male,51,45-54,2025-06-19,Existing,GEO104,Inactive
CUST05831,Meera Gupta,Female,44,35-44,2026-01-13,New,GEO024,Inactive
CUST05832,Diya Reddy,Female,25,25-34,2025-09-16,Existing,GEO086,Active
CUST05833,Isha Nair,Female,26,25-34,2024-06-29,Existing,GEO090,Active
CUST05834,Vivaan Rao,Male,36,35-44,2025-08-17,Existing,GEO009,Active
CUST05835,Aarav Sharma,Female,45,45-54,2024-08-10,Existing,GEO026,Inactive
CUST05836,Vivaan Nair,Male,29,25-34,2026-03-22,New,GEO050,Active
CUST05837,Isha Mehta,Female,23,18-24,2025-06-06,New,GEO112,Active
CUST05838,Karan Gupta,Male,52,45-54,2024-04-02,Existing,GEO098,Active
CUST05839,Meera Nair,Male,50,45-54,2025-09-10,New,GEO062,Active
CUST05840,Aditi Singh,Female,58,55+,2025-08-17,Existing,GEO059,Inactive
CUST05841,Priya Joshi,Female,23,18-24,2025-01-04,New,GEO061,Active
CUST05842,Diya Mishra,Female,31,25-34,2025-09-15,New,GEO042,Active
CUST05843,Pooja Sharma,Male,55,55+,2026-04-21,New,GEO085,Active
CUST05844,Arjun Reddy,Male,56,55+,2024-08-10,New,GEO051,Active
CUST05845,Aarav Patel,Female,50,45-54,2025-03-06,New,GEO032,Inactive
CUST05846,Kavya Verma,Female,54,45-54,2024-03-18,Existing,GEO011,Active
CUST05847,Neha Patel,Male,58,55+,2025-06-22,Existing,GEO009,Active
CUST05848,Meera Shetty,Male,46,45-54,2025-04-29,Existing,GEO044,Active
CUST05849,Kavya Nair,Male,29,25-34,2025-12-10,New,GEO089,Active
CUST05850,Aarav Mehta,Female,55,55+,2025-11-15,Existing,GEO025,Active
CUST05851,Rahul Rao,Male,29,25-34,2025-07-14,New,GEO103,Active
CUST05852,Isha Joshi,Male,42,35-44,2025-07-10,Existing,GEO014,Active
CUST05853,Diya Shetty,Female,32,25-34,2026-04-02,Existing,GEO039,Inactive
CUST05854,Priya Mehta,Female,30,25-34,2025-06-22,Existing,GEO035,Inactive
CUST05855,Vivaan Verma,Female,37,35-44,2024-11-24,New,GEO115,Active
CUST05856,Aditi Nair,Male,26,25-34,2024-05-05,New,GEO068,Active
CUST05857,Sneha Gupta,Female,54,45-54,2024-11-19,Existing,GEO105,Active
CUST05858,Arjun Shetty,Female,21,18-24,2025-07-09,New,GEO041,Active
CUST05859,Aditi Mishra,Male,26,25-34,2025-07-29,Existing,GEO063,Inactive
CUST05860,Meera Kumar,Female,36,35-44,2025-05-26,New,GEO058,Inactive
CUST05861,Sneha Das,Male,44,35-44,2026-04-29,Existing,GEO050,Active
CUST05862,Priya Mehta,Male,35,35-44,2024-08-27,Existing,GEO057,Active
CUST05863,Karan Verma,Female,56,55+,2024-08-22,New,GEO020,Inactive
CUST05864,Aditya Nair,Male,30,25-34,2025-09-22,New,GEO024,Active
CUST05865,Aditi Mishra,Female,51,45-54,2024-07-30,Existing,GEO032,Active
CUST05866,Rahul Kumar,Male,40,35-44,2024-11-26,Existing,GEO002,Active
CUST05867,Pooja Patel,Male,60,55+,2024-09-15,Existing,GEO004,Inactive
CUST05868,Diya Kumar,Female,56,55+,2024-06-16,Existing,GEO046,Inactive
CUST05869,Sneha Sharma,Male,48,45-54,2025-02-23,Existing,GEO075,Active
CUST05870,Priya Verma,Male,58,55+,2025-03-25,New,GEO050,Inactive
CUST05871,Isha Shetty,Male,43,35-44,2025-09-20,Existing,GEO068,Inactive
CUST05872,Kavya Verma,Female,39,35-44,2025-11-01,New,GEO032,Active
CUST05873,Neha Das,Female,60,55+,2024-09-25,Existing,GEO009,Inactive
CUST05874,Ananya Verma,Female,35,35-44,2024-07-04,Existing,GEO062,Inactive
CUST05875,Isha Shetty,Female,50,45-54,2024-08-30,New,GEO011,Active
CUST05876,Isha Verma,Female,34,25-34,2025-06-11,Existing,GEO050,Active
CUST05877,Riya Mehta,Male,59,55+,2025-07-15,Existing,GEO043,Active
CUST05878,Rahul Mehta,Male,51,45-54,2024-05-09,New,GEO082,Active
CUST05879,Aarav Nair,Female,23,18-24,2025-08-26,Existing,GEO045,Active
CUST05880,Ananya Joshi,Male,48,45-54,2025-01-23,Existing,GEO037,Active
CUST05881,Vikram Iyer,Male,40,35-44,2025-08-08,Existing,GEO119,Active
CUST05882,Pooja Kumar,Female,38,35-44,2024-05-08,New,GEO025,Active
CUST05883,Meera Nair,Male,35,35-44,2026-03-04,New,GEO026,Active
CUST05884,Pooja Nair,Female,32,25-34,2025-09-19,New,GEO074,Inactive
CUST05885,Arjun Rao,Male,30,25-34,2026-01-17,Existing,GEO118,Active
CUST05886,Pooja Das,Female,53,45-54,2025-07-27,Existing,GEO082,Inactive
CUST05887,Pooja Reddy,Male,52,45-54,2026-03-07,Existing,GEO110,Inactive
CUST05888,Pooja Verma,Male,35,35-44,2025-08-25,New,GEO075,Active
CUST05889,Aarav Rao,Female,47,45-54,2025-02-25,Existing,GEO085,Inactive
CUST05890,Aarav Das,Female,52,45-54,2024-12-09,New,GEO088,Active
CUST05891,Vivaan Verma,Female,37,35-44,2025-11-08,New,GEO077,Inactive
CUST05892,Aditya Sharma,Male,30,25-34,2025-12-03,Existing,GEO079,Active
CUST05893,Kavya Patel,Male,31,25-34,2025-02-18,Existing,GEO067,Active
CUST05894,Vikram Sharma,Female,42,35-44,2025-01-30,Existing,GEO080,Active
CUST05895,Pooja Kumar,Female,25,25-34,2025-03-11,New,GEO059,Inactive
CUST05896,Aditi Mehta,Male,40,35-44,2025-08-21,Existing,GEO022,Active
CUST05897,Aditya Gupta,Female,60,55+,2025-07-20,Existing,GEO086,Active
CUST05898,Pooja Nair,Female,52,45-54,2024-01-08,Existing,GEO098,Active
CUST05899,Karan Gupta,Male,55,55+,2025-01-08,Existing,GEO044,Inactive
CUST05900,Karan Mehta,Female,29,25-34,2025-06-18,Existing,GEO005,Inactive
CUST05901,Karan Mehta,Female,21,18-24,2024-03-25,New,GEO053,Inactive
CUST05902,Rohan Joshi,Male,48,45-54,2024-03-07,New,GEO041,Inactive
CUST05903,Isha Das,Male,55,55+,2025-07-20,New,GEO106,Active
CUST05904,Isha Rao,Female,50,45-54,2024-08-17,New,GEO015,Active
CUST05905,Aditya Reddy,Male,56,55+,2024-11-13,Existing,GEO014,Inactive
CUST05906,Meera Gupta,Male,35,35-44,2026-06-10,New,GEO073,Active
CUST05907,Karan Sharma,Female,53,45-54,2025-06-27,Existing,GEO072,Active
CUST05908,Meera Das,Male,52,45-54,2026-05-31,New,GEO055,Inactive
CUST05909,Sneha Singh,Male,30,25-34,2025-07-02,Existing,GEO086,Inactive
CUST05910,Pooja Nair,Female,22,18-24,2025-05-01,Existing,GEO073,Active
CUST05911,Ananya Iyer,Male,48,45-54,2026-01-22,New,GEO104,Active
CUST05912,Rohan Nair,Female,40,35-44,2025-05-07,New,GEO038,Active
CUST05913,Aditi Shetty,Female,31,25-34,2025-12-05,New,GEO004,Active
CUST05914,Karan Nair,Female,40,35-44,2024-06-03,Existing,GEO065,Active
CUST05915,Rohan Sharma,Female,43,35-44,2025-10-06,New,GEO020,Active
CUST05916,Priya Kumar,Male,27,25-34,2026-03-23,Existing,GEO008,Inactive
CUST05917,Sneha Singh,Male,39,35-44,2024-04-29,New,GEO067,Active
CUST05918,Ananya Shetty,Male,47,45-54,2024-03-29,Existing,GEO081,Inactive
CUST05919,Priya Sharma,Male,47,45-54,2024-08-24,Existing,GEO057,Active
CUST05920,Priya Nair,Male,22,18-24,2024-02-12,Existing,GEO005,Active
CUST05921,Sneha Mehta,Female,28,25-34,2024-01-24,New,GEO119,Inactive
CUST05922,Vikram Nair,Female,39,35-44,2025-09-30,Existing,GEO084,Active
CUST05923,Vikram Das,Male,52,45-54,2025-11-25,Existing,GEO028,Active
CUST05924,Rohan Mehta,Female,45,45-54,2025-05-13,New,GEO039,Active
CUST05925,Vivaan Joshi,Male,40,35-44,2025-05-11,New,GEO031,Active
CUST05926,Rahul Iyer,Female,24,18-24,2026-06-11,Existing,GEO083,Inactive
CUST05927,Diya Sharma,Male,45,45-54,2025-11-18,New,GEO094,Active
CUST05928,Riya Mishra,Female,36,35-44,2024-08-04,New,GEO035,Inactive
CUST05929,Ananya Kumar,Male,51,45-54,2026-05-12,Existing,GEO002,Inactive
CUST05930,Riya Rao,Female,27,25-34,2024-02-22,Existing,GEO027,Active
CUST05931,Nisha Kumar,Male,51,45-54,2025-08-27,Existing,GEO053,Active
CUST05932,Aditi Iyer,Male,34,25-34,2024-08-23,Existing,GEO078,Active
CUST05933,Vivaan Kumar,Male,31,25-34,2025-01-08,Existing,GEO033,Active
CUST05934,Rohan Nair,Female,36,35-44,2025-01-29,Existing,GEO030,Active
CUST05935,Meera Kumar,Female,29,25-34,2024-08-12,New,GEO057,Inactive
CUST05936,Rahul Das,Female,57,55+,2025-02-08,New,GEO101,Active
CUST05937,Neha Nair,Female,51,45-54,2025-05-15,New,GEO072,Active
CUST05938,Isha Mishra,Female,60,55+,2024-05-02,New,GEO084,Active
CUST05939,Pooja Kumar,Female,25,25-34,2026-03-03,Existing,GEO005,Active
CUST05940,Aditya Iyer,Female,31,25-34,2026-04-26,Existing,GEO058,Active
CUST05941,Neha Iyer,Female,46,45-54,2024-02-07,New,GEO048,Active
CUST05942,Kavya Shetty,Female,47,45-54,2024-10-17,New,GEO077,Inactive
CUST05943,Kavya Iyer,Female,58,55+,2026-01-15,New,GEO085,Active
CUST05944,Vivaan Iyer,Female,34,25-34,2025-07-25,Existing,GEO107,Inactive
CUST05945,Karan Das,Male,28,25-34,2025-09-09,New,GEO057,Active
CUST05946,Rahul Iyer,Female,58,55+,2024-11-29,New,GEO105,Inactive
CUST05947,Pooja Iyer,Male,46,45-54,2025-12-22,New,GEO040,Inactive
CUST05948,Rahul Singh,Female,36,35-44,2024-01-04,New,GEO025,Active
CUST05949,Ananya Nair,Female,32,25-34,2024-06-07,Existing,GEO050,Active
CUST05950,Meera Gupta,Male,55,55+,2024-05-26,New,GEO107,Active
CUST05951,Kavya Nair,Female,33,25-34,2024-05-05,New,GEO108,Active
CUST05952,Rohan Mehta,Female,56,55+,2024-10-06,Existing,GEO099,Active
CUST05953,Kavya Singh,Female,50,45-54,2024-01-07,New,GEO066,Active
CUST05954,Aarav Verma,Male,53,45-54,2025-12-14,New,GEO061,Active
CUST05955,Karan Iyer,Female,29,25-34,2024-07-11,New,GEO089,Active
CUST05956,Nisha Mishra,Male,59,55+,2025-05-15,New,GEO094,Active
CUST05957,Rahul Verma,Female,29,25-34,2025-04-26,New,GEO032,Active
CUST05958,Isha Mishra,Male,46,45-54,2025-04-04,Existing,GEO057,Active
CUST05959,Nisha Mehta,Female,47,45-54,2025-06-02,New,GEO075,Active
CUST05960,Isha Das,Female,44,35-44,2025-10-17,Existing,GEO075,Active
CUST05961,Diya Rao,Female,56,55+,2024-10-01,New,GEO101,Active
CUST05962,Kavya Shetty,Female,32,25-34,2025-05-15,Existing,GEO021,Inactive
CUST05963,Diya Mishra,Female,46,45-54,2025-12-27,New,GEO117,Active
CUST05964,Meera Mishra,Female,34,25-34,2025-10-26,Existing,GEO083,Active
CUST05965,Aditya Singh,Male,31,25-34,2024-07-14,New,GEO116,Active
CUST05966,Diya Sharma,Female,26,25-34,2025-04-05,Existing,GEO032,Active
CUST05967,Aditi Reddy,Male,22,18-24,2025-07-21,New,GEO026,Active
CUST05968,Aarav Kumar,Male,40,35-44,2025-06-08,Existing,GEO052,Active
CUST05969,Vikram Singh,Male,54,45-54,2024-06-10,New,GEO069,Active
CUST05970,Nisha Mehta,Male,27,25-34,2025-05-27,Existing,GEO025,Active
CUST05971,Vikram Rao,Female,27,25-34,2024-10-09,Existing,GEO070,Active
CUST05972,Neha Das,Female,43,35-44,2024-09-08,New,GEO111,Active
CUST05973,Sneha Das,Male,57,55+,2024-01-23,Existing,GEO002,Inactive
CUST05974,Sneha Nair,Male,31,25-34,2026-01-02,New,GEO038,Inactive
CUST05975,Rahul Das,Male,22,18-24,2025-02-24,New,GEO040,Inactive
CUST05976,Ananya Kumar,Male,55,55+,2024-05-28,New,GEO112,Inactive
CUST05977,Vivaan Singh,Male,26,25-34,2024-12-11,New,GEO009,Active
CUST05978,Aditya Nair,Female,53,45-54,2024-02-03,Existing,GEO109,Inactive
CUST05979,Diya Mishra,Female,21,18-24,2024-05-19,New,GEO005,Inactive
CUST05980,Meera Joshi,Male,42,35-44,2026-06-07,Existing,GEO054,Active
CUST05981,Aditi Kumar,Male,23,18-24,2025-03-04,Existing,GEO072,Active
CUST05982,Isha Reddy,Female,27,25-34,2024-02-12,Existing,GEO026,Active
CUST05983,Neha Das,Female,53,45-54,2024-03-25,New,GEO075,Active
CUST05984,Rohan Sharma,Male,32,25-34,2025-09-09,New,GEO044,Inactive
CUST05985,Vivaan Verma,Female,31,25-34,2026-03-26,New,GEO081,Active
CUST05986,Nisha Mehta,Female,38,35-44,2024-10-19,Existing,GEO115,Inactive
CUST05987,Vikram Patel,Male,59,55+,2024-03-05,Existing,GEO030,Active
CUST05988,Diya Das,Male,41,35-44,2024-06-05,New,GEO023,Active
CUST05989,Rahul Das,Female,56,55+,2025-11-17,Existing,GEO033,Active
CUST05990,Vikram Joshi,Female,27,25-34,2025-08-29,Existing,GEO063,Active
CUST05991,Aditya Joshi,Male,38,35-44,2025-10-18,Existing,GEO101,Active
CUST05992,Aditi Sharma,Female,43,35-44,2025-04-10,New,GEO061,Active
CUST05993,Sneha Singh,Female,37,35-44,2024-08-09,New,GEO062,Active
CUST05994,Aarav Iyer,Female,43,35-44,2025-10-25,Existing,GEO070,Active
CUST05995,Vivaan Sharma,Female,54,45-54,2025-01-04,Existing,GEO096,Inactive
CUST05996,Karan Kumar,Male,22,18-24,2026-01-19,Existing,GEO102,Active
CUST05997,Vikram Das,Male,26,25-34,2026-03-23,Existing,GEO076,Active
CUST05998,Vikram Kumar,Male,38,35-44,2024-08-02,Existing,GEO087,Inactive
CUST05999,Aarav Kumar,Female,57,55+,2024-09-27,New,GEO011,Active
CUST06000,Diya Shetty,Male,45,45-54,2024-04-02,New,GEO118,Active
CUST06001,Meera Patel,Male,40,35-44,2024-01-08,New,GEO104,Inactive
CUST06002,Sneha Gupta,Male,23,18-24,2024-03-20,Existing,GEO017,Inactive
CUST06003,Arjun Singh,Male,45,45-54,2024-08-24,New,GEO038,Active
CUST06004,Arjun Sharma,Male,55,55+,2024-07-13,New,GEO061,Active
CUST06005,Riya Iyer,Male,48,45-54,2025-09-08,Existing,GEO060,Active
CUST06006,Arjun Rao,Female,22,18-24,2026-02-19,Existing,GEO004,Active
CUST06007,Ananya Singh,Male,58,55+,2024-01-06,Existing,GEO103,Active
CUST06008,Meera Reddy,Female,60,55+,2024-06-10,Existing,GEO077,Active
CUST06009,Meera Reddy,Female,25,25-34,2026-03-29,Existing,GEO024,Active
CUST06010,Aarav Patel,Male,27,25-34,2025-10-29,New,GEO104,Inactive
CUST06011,Sneha Singh,Male,50,45-54,2024-02-25,Existing,GEO096,Inactive
CUST06012,Riya Patel,Male,21,18-24,2024-10-28,New,GEO047,Inactive
CUST06013,Aditya Shetty,Female,48,45-54,2024-10-21,Existing,GEO075,Active
CUST06014,Pooja Nair,Female,43,35-44,2024-03-28,New,GEO020,Active
CUST06015,Kavya Patel,Female,51,45-54,2025-12-11,Existing,GEO016,Active
CUST06016,Diya Gupta,Female,53,45-54,2025-06-19,New,GEO052,Active
CUST06017,Ananya Mehta,Female,26,25-34,2024-04-18,New,GEO012,Active
CUST06018,Neha Kumar,Male,36,35-44,2026-01-10,New,GEO038,Active
CUST06019,Isha Reddy,Female,43,35-44,2025-03-02,New,GEO118,Active
CUST06020,Pooja Mishra,Male,48,45-54,2026-01-28,Existing,GEO012,Active
CUST06021,Ananya Iyer,Female,46,45-54,2025-09-03,Existing,GEO084,Active
CUST06022,Aarav Reddy,Female,54,45-54,2025-05-02,Existing,GEO001,Active
CUST06023,Aditya Verma,Female,25,25-34,2025-02-16,New,GEO050,Active
CUST06024,Arjun Shetty,Male,33,25-34,2024-04-26,New,GEO058,Active
CUST06025,Aditya Shetty,Male,54,45-54,2026-05-27,New,GEO059,Active
CUST06026,Pooja Rao,Male,21,18-24,2024-11-21,Existing,GEO046,Inactive
CUST06027,Aditya Rao,Male,36,35-44,2024-02-01,New,GEO086,Active
CUST06028,Sneha Gupta,Male,38,35-44,2026-03-10,New,GEO091,Inactive
CUST06029,Priya Kumar,Male,55,55+,2026-05-22,New,GEO054,Active
CUST06030,Rahul Iyer,Female,33,25-34,2026-02-19,New,GEO108,Active
CUST06031,Priya Shetty,Female,36,35-44,2024-11-20,Existing,GEO121,Inactive
CUST06032,Nisha Patel,Female,29,25-34,2026-02-09,New,GEO030,Active
CUST06033,Aditya Das,Female,47,45-54,2024-05-09,New,GEO055,Active
CUST06034,Nisha Das,Male,45,45-54,2024-08-17,Existing,GEO013,Active
CUST06035,Neha Mishra,Male,59,55+,2024-08-31,Existing,GEO051,Active
CUST06036,Pooja Iyer,Male,29,25-34,2026-05-15,Existing,GEO033,Active
CUST06037,Meera Das,Male,32,25-34,2024-04-10,Existing,GEO075,Active
CUST06038,Ananya Shetty,Female,20,18-24,2024-02-04,Existing,GEO014,Active
CUST06039,Arjun Mishra,Female,33,25-34,2025-10-30,New,GEO083,Active
CUST06040,Arjun Das,Male,47,45-54,2025-10-09,New,GEO064,Active
CUST06041,Meera Rao,Female,60,55+,2025-07-02,Existing,GEO058,Inactive
CUST06042,Nisha Reddy,Male,23,18-24,2025-07-24,New,GEO036,Active
CUST06043,Priya Verma,Female,40,35-44,2025-10-16,Existing,GEO108,Inactive
CUST06044,Vikram Nair,Male,35,35-44,2024-09-30,Existing,GEO032,Inactive
CUST06045,Arjun Shetty,Female,58,55+,2024-02-05,Existing,GEO065,Active
CUST06046,Vikram Kumar,Female,29,25-34,2026-05-06,Existing,GEO103,Active
CUST06047,Riya Reddy,Female,23,18-24,2024-01-05,Existing,GEO003,Active
CUST06048,Sneha Joshi,Female,27,25-34,2025-09-28,Existing,GEO035,Active
CUST06049,Riya Sharma,Female,59,55+,2024-06-22,Existing,GEO093,Active
CUST06050,Riya Patel,Female,22,18-24,2025-05-09,New,GEO068,Active
CUST06051,Sneha Joshi,Male,48,45-54,2025-02-03,New,GEO051,Active
CUST06052,Aditya Singh,Male,58,55+,2024-10-21,New,GEO012,Active
CUST06053,Sneha Patel,Male,37,35-44,2026-04-11,Existing,GEO066,Active
CUST06054,Nisha Das,Male,52,45-54,2025-02-07,New,GEO012,Active
CUST06055,Riya Nair,Male,29,25-34,2025-04-16,New,GEO113,Active
CUST06056,Aditya Patel,Male,30,25-34,2024-09-04,Existing,GEO050,Inactive
CUST06057,Aarav Mehta,Male,51,45-54,2024-12-20,New,GEO067,Active
CUST06058,Rahul Gupta,Male,47,45-54,2025-03-10,Existing,GEO090,Active
CUST06059,Neha Das,Male,36,35-44,2024-07-13,New,GEO064,Inactive
CUST06060,Ananya Shetty,Male,32,25-34,2024-07-25,Existing,GEO030,Inactive
CUST06061,Arjun Shetty,Male,36,35-44,2026-03-14,Existing,GEO093,Active
CUST06062,Vivaan Verma,Female,20,18-24,2024-07-08,New,GEO115,Inactive
CUST06063,Nisha Verma,Male,36,35-44,2025-01-13,New,GEO080,Active
CUST06064,Ananya Rao,Female,29,25-34,2024-02-21,New,GEO085,Active
CUST06065,Riya Nair,Male,34,25-34,2026-06-03,Existing,GEO089,Inactive
CUST06066,Priya Shetty,Male,51,45-54,2025-02-08,New,GEO063,Active
CUST06067,Rohan Reddy,Female,49,45-54,2025-04-09,New,GEO055,Active
CUST06068,Vikram Nair,Male,28,25-34,2024-03-28,New,GEO014,Active
CUST06069,Arjun Sharma,Male,35,35-44,2024-02-21,Existing,GEO043,Active
CUST06070,Neha Singh,Male,43,35-44,2024-07-01,Existing,GEO068,Active
CUST06071,Rohan Mehta,Male,26,25-34,2024-08-04,New,GEO024,Active
CUST06072,Pooja Das,Male,30,25-34,2025-07-25,New,GEO068,Active
CUST06073,Riya Iyer,Male,50,45-54,2026-02-25,New,GEO075,Active
CUST06074,Nisha Nair,Female,35,35-44,2024-01-13,Existing,GEO067,Active
CUST06075,Vikram Kumar,Male,50,45-54,2024-05-06,Existing,GEO105,Active
CUST06076,Vivaan Joshi,Female,28,25-34,2025-10-27,New,GEO080,Active
CUST06077,Arjun Rao,Male,48,45-54,2025-01-16,New,GEO010,Inactive
CUST06078,Diya Joshi,Female,54,45-54,2024-10-03,New,GEO070,Active
CUST06079,Neha Shetty,Female,32,25-34,2025-10-15,Existing,GEO114,Active
CUST06080,Vikram Das,Male,54,45-54,2024-04-08,New,GEO058,Active
CUST06081,Rahul Iyer,Female,36,35-44,2025-02-09,Existing,GEO041,Active
CUST06082,Pooja Mishra,Female,21,18-24,2026-05-26,New,GEO002,Active
CUST06083,Nisha Joshi,Female,34,25-34,2024-11-25,New,GEO110,Active
CUST06084,Arjun Das,Male,36,35-44,2025-11-14,New,GEO086,Active
CUST06085,Ananya Sharma,Male,56,55+,2025-06-13,New,GEO094,Active
CUST06086,Aditi Das,Female,51,45-54,2025-08-28,New,GEO044,Inactive
CUST06087,Aditya Nair,Male,42,35-44,2025-04-20,Existing,GEO099,Active
CUST06088,Vikram Reddy,Female,26,25-34,2026-05-20,New,GEO058,Active
CUST06089,Pooja Sharma,Female,44,35-44,2025-03-02,Existing,GEO028,Active
CUST06090,Aditya Gupta,Male,25,25-34,2025-08-09,Existing,GEO090,Active
CUST06091,Vikram Sharma,Female,26,25-34,2024-12-11,New,GEO063,Active
CUST06092,Vivaan Reddy,Male,27,25-34,2024-09-18,Existing,GEO064,Active
CUST06093,Karan Verma,Male,49,45-54,2026-03-03,New,GEO004,Inactive
CUST06094,Vivaan Mishra,Male,26,25-34,2026-06-19,New,GEO037,Active
CUST06095,Pooja Patel,Male,53,45-54,2024-02-16,New,GEO051,Active
CUST06096,Priya Patel,Female,37,35-44,2025-12-10,Existing,GEO056,Active
CUST06097,Kavya Mishra,Male,50,45-54,2024-05-30,Existing,GEO008,Inactive
CUST06098,Diya Sharma,Male,41,35-44,2025-08-12,Existing,GEO092,Active
CUST06099,Arjun Patel,Female,44,35-44,2025-10-01,New,GEO105,Inactive
CUST06100,Kavya Verma,Male,30,25-34,2025-09-28,New,GEO109,Active
CUST06101,Aditi Kumar,Female,40,35-44,2024-01-12,Existing,GEO070,Active
CUST06102,Ananya Gupta,Female,37,35-44,2025-03-21,Existing,GEO096,Active
CUST06103,Rahul Sharma,Female,48,45-54,2024-10-28,Existing,GEO034,Active
CUST06104,Kavya Mishra,Female,60,55+,2024-03-27,Existing,GEO054,Inactive
CUST06105,Rahul Sharma,Male,37,35-44,2025-07-31,New,GEO094,Inactive
CUST06106,Diya Shetty,Female,51,45-54,2025-09-07,New,GEO005,Active
CUST06107,Aditya Iyer,Male,24,18-24,2024-09-20,New,GEO045,Active
CUST06108,Riya Kumar,Female,44,35-44,2024-01-20,Existing,GEO101,Active
CUST06109,Nisha Iyer,Female,47,45-54,2024-11-12,New,GEO007,Active
CUST06110,Aarav Iyer,Female,22,18-24,2024-02-08,Existing,GEO033,Active
CUST06111,Nisha Das,Female,36,35-44,2025-01-29,New,GEO038,Inactive
CUST06112,Meera Sharma,Male,42,35-44,2025-01-04,Existing,GEO115,Active
CUST06113,Rohan Nair,Female,38,35-44,2025-03-11,Existing,GEO055,Active
CUST06114,Vivaan Gupta,Male,25,25-34,2025-06-27,Existing,GEO078,Active
CUST06115,Arjun Patel,Male,25,25-34,2025-06-03,New,GEO102,Inactive
CUST06116,Kavya Sharma,Male,42,35-44,2025-11-28,New,GEO048,Active
CUST06117,Vikram Kumar,Male,58,55+,2024-11-11,Existing,GEO121,Active
CUST06118,Pooja Iyer,Male,48,45-54,2026-03-05,New,GEO081,Inactive
CUST06119,Pooja Mehta,Female,37,35-44,2026-04-03,Existing,GEO113,Active
CUST06120,Vikram Das,Male,26,25-34,2025-12-08,New,GEO090,Active
CUST06121,Pooja Sharma,Female,27,25-34,2025-02-15,New,GEO047,Active
CUST06122,Nisha Iyer,Male,44,35-44,2025-02-27,Existing,GEO036,Inactive
CUST06123,Kavya Das,Female,57,55+,2024-10-16,New,GEO033,Active
CUST06124,Nisha Mishra,Male,25,25-34,2024-07-08,New,GEO111,Active
CUST06125,Rohan Iyer,Female,35,35-44,2025-10-09,Existing,GEO099,Inactive
CUST06126,Riya Verma,Male,58,55+,2026-03-10,Existing,GEO074,Active
CUST06127,Riya Iyer,Female,37,35-44,2025-06-26,New,GEO114,Active
CUST06128,Ananya Mehta,Female,56,55+,2025-01-28,Existing,GEO115,Inactive
CUST06129,Priya Joshi,Male,35,35-44,2025-10-21,Existing,GEO072,Active
CUST06130,Sneha Shetty,Male,50,45-54,2025-05-04,Existing,GEO054,Active
CUST06131,Isha Joshi,Female,56,55+,2024-07-29,New,GEO042,Active
CUST06132,Arjun Rao,Male,37,35-44,2024-12-25,New,GEO110,Inactive
CUST06133,Aditi Rao,Female,27,25-34,2024-05-09,Existing,GEO040,Inactive
CUST06134,Meera Gupta,Female,47,45-54,2025-03-18,Existing,GEO097,Active
CUST06135,Arjun Rao,Male,59,55+,2025-08-25,New,GEO115,Active
CUST06136,Neha Patel,Female,30,25-34,2026-05-08,Existing,GEO074,Active
CUST06137,Riya Verma,Female,27,25-34,2025-03-21,New,GEO068,Active
CUST06138,Riya Kumar,Female,46,45-54,2024-11-22,New,GEO081,Active
CUST06139,Riya Shetty,Male,47,45-54,2026-03-26,Existing,GEO063,Active
CUST06140,Isha Verma,Female,39,35-44,2026-03-14,Existing,GEO118,Active
CUST06141,Isha Mehta,Male,37,35-44,2024-12-29,Existing,GEO121,Active
CUST06142,Aarav Gupta,Female,28,25-34,2026-02-06,New,GEO047,Active
CUST06143,Priya Sharma,Female,38,35-44,2025-09-24,Existing,GEO059,Active
CUST06144,Karan Verma,Female,28,25-34,2025-02-02,Existing,GEO117,Active
CUST06145,Ananya Gupta,Female,55,55+,2024-12-31,Existing,GEO091,Inactive
CUST06146,Vikram Mehta,Female,44,35-44,2024-08-03,Existing,GEO089,Active
CUST06147,Ananya Sharma,Male,31,25-34,2025-12-26,Existing,GEO028,Active
CUST06148,Pooja Patel,Male,48,45-54,2025-04-26,New,GEO061,Inactive
CUST06149,Nisha Mishra,Female,56,55+,2025-11-19,Existing,GEO008,Active
CUST06150,Sneha Sharma,Female,30,25-34,2026-04-16,New,GEO053,Inactive
CUST06151,Rahul Das,Male,59,55+,2026-03-17,Existing,GEO056,Active
CUST06152,Diya Mehta,Male,36,35-44,2025-10-18,Existing,GEO026,Active
CUST06153,Diya Mehta,Male,22,18-24,2025-05-08,Existing,GEO103,Active
CUST06154,Pooja Verma,Female,47,45-54,2024-08-17,Existing,GEO088,Active
CUST06155,Arjun Singh,Female,28,25-34,2025-05-17,Existing,GEO073,Active
CUST06156,Karan Shetty,Male,57,55+,2025-02-02,Existing,GEO075,Active
CUST06157,Rahul Nair,Female,21,18-24,2026-04-02,New,GEO045,Active
CUST06158,Aditya Nair,Female,26,25-34,2025-09-12,Existing,GEO079,Inactive
CUST06159,Diya Joshi,Male,53,45-54,2025-05-06,New,GEO027,Active
CUST06160,Nisha Kumar,Male,50,45-54,2024-01-22,New,GEO028,Active
CUST06161,Karan Das,Male,57,55+,2024-05-24,Existing,GEO039,Active
CUST06162,Rahul Das,Female,31,25-34,2025-08-10,Existing,GEO080,Active
CUST06163,Sneha Shetty,Male,26,25-34,2024-04-02,Existing,GEO117,Active
CUST06164,Priya Singh,Male,27,25-34,2025-08-09,Existing,GEO006,Active
CUST06165,Rohan Joshi,Male,24,18-24,2025-07-09,Existing,GEO077,Active
CUST06166,Riya Nair,Female,36,35-44,2024-12-31,New,GEO011,Active
CUST06167,Vikram Rao,Male,21,18-24,2026-04-26,New,GEO048,Inactive
CUST06168,Riya Iyer,Female,47,45-54,2025-10-23,New,GEO028,Active
CUST06169,Pooja Nair,Male,32,25-34,2026-01-08,Existing,GEO114,Active
CUST06170,Vikram Verma,Female,53,45-54,2025-01-29,Existing,GEO031,Active
CUST06171,Vikram Sharma,Female,60,55+,2024-02-24,New,GEO112,Inactive
CUST06172,Aditya Verma,Male,50,45-54,2025-12-01,New,GEO105,Active
CUST06173,Vivaan Mehta,Male,45,45-54,2025-01-01,Existing,GEO046,Active
CUST06174,Diya Rao,Female,30,25-34,2025-03-30,New,GEO036,Active
CUST06175,Isha Patel,Male,52,45-54,2025-12-08,Existing,GEO072,Inactive
CUST06176,Nisha Mishra,Male,51,45-54,2026-01-21,Existing,GEO111,Active
CUST06177,Rahul Joshi,Female,30,25-34,2025-03-29,Existing,GEO062,Active
CUST06178,Aditya Sharma,Female,51,45-54,2025-09-23,Existing,GEO003,Inactive
CUST06179,Sneha Mehta,Male,44,35-44,2025-09-03,Existing,GEO041,Active
CUST06180,Ananya Verma,Male,38,35-44,2026-01-31,New,GEO010,Active
CUST06181,Aarav Iyer,Male,29,25-34,2024-10-19,New,GEO091,Active
CUST06182,Aditya Patel,Male,49,45-54,2025-08-03,Existing,GEO032,Active
CUST06183,Meera Nair,Male,49,45-54,2024-07-03,Existing,GEO068,Active
CUST06184,Kavya Nair,Female,38,35-44,2024-08-15,New,GEO011,Active
CUST06185,Aditya Sharma,Male,43,35-44,2024-03-05,New,GEO093,Active
CUST06186,Sneha Verma,Female,52,45-54,2025-01-13,New,GEO113,Active
CUST06187,Vivaan Gupta,Female,34,25-34,2024-02-28,New,GEO086,Inactive
CUST06188,Isha Nair,Male,37,35-44,2024-04-04,Existing,GEO004,Inactive
CUST06189,Arjun Gupta,Male,34,25-34,2024-07-08,Existing,GEO028,Inactive
CUST06190,Diya Verma,Male,33,25-34,2026-05-03,New,GEO011,Active
CUST06191,Rahul Singh,Female,26,25-34,2025-08-02,New,GEO010,Active
CUST06192,Aarav Singh,Female,30,25-34,2024-01-16,New,GEO027,Inactive
CUST06193,Riya Singh,Female,41,35-44,2026-05-16,Existing,GEO007,Active
CUST06194,Vikram Nair,Male,40,35-44,2024-10-04,New,GEO107,Active
CUST06195,Aditi Gupta,Male,50,45-54,2024-03-06,New,GEO101,Active
CUST06196,Aditya Mishra,Female,39,35-44,2024-02-23,Existing,GEO096,Active
CUST06197,Ananya Rao,Male,24,18-24,2025-08-08,Existing,GEO008,Active
CUST06198,Karan Das,Female,50,45-54,2025-09-06,Existing,GEO102,Inactive
CUST06199,Vivaan Mehta,Female,51,45-54,2025-03-03,Existing,GEO033,Active
CUST06200,Pooja Nair,Male,44,35-44,2024-11-20,New,GEO108,Active
CUST06201,Sneha Mehta,Male,30,25-34,2024-11-13,Existing,GEO097,Active
CUST06202,Nisha Singh,Female,44,35-44,2025-11-09,New,GEO100,Inactive
CUST06203,Arjun Gupta,Female,41,35-44,2026-06-19,New,GEO064,Inactive
CUST06204,Aditi Joshi,Male,26,25-34,2024-11-03,New,GEO049,Active
CUST06205,Riya Verma,Male,43,35-44,2024-03-18,Existing,GEO046,Inactive
CUST06206,Pooja Gupta,Male,22,18-24,2025-02-15,Existing,GEO109,Active
CUST06207,Priya Kumar,Female,22,18-24,2024-10-04,Existing,GEO116,Active
CUST06208,Rohan Gupta,Female,28,25-34,2026-02-23,Existing,GEO064,Active
CUST06209,Kavya Mehta,Male,53,45-54,2025-12-17,New,GEO009,Active
CUST06210,Nisha Shetty,Male,27,25-34,2025-03-24,Existing,GEO099,Active
CUST06211,Diya Verma,Female,46,45-54,2026-06-17,New,GEO038,Active
CUST06212,Riya Shetty,Male,36,35-44,2025-02-24,New,GEO038,Active
CUST06213,Aditi Kumar,Female,20,18-24,2025-01-26,Existing,GEO084,Active
CUST06214,Aditya Mishra,Female,22,18-24,2025-07-01,Existing,GEO029,Inactive
CUST06215,Vikram Rao,Female,43,35-44,2024-06-06,Existing,GEO051,Inactive
CUST06216,Neha Kumar,Male,26,25-34,2024-11-16,Existing,GEO101,Active
CUST06217,Pooja Singh,Male,40,35-44,2024-01-30,New,GEO011,Inactive
CUST06218,Aditi Mishra,Male,42,35-44,2025-12-28,New,GEO001,Inactive
CUST06219,Nisha Iyer,Female,50,45-54,2024-07-02,Existing,GEO047,Inactive
CUST06220,Meera Mishra,Male,47,45-54,2025-06-26,Existing,GEO062,Active
CUST06221,Rohan Gupta,Female,47,45-54,2025-05-14,New,GEO078,Active
CUST06222,Riya Mehta,Male,31,25-34,2024-11-02,New,GEO034,Active
CUST06223,Kavya Patel,Male,20,18-24,2024-04-23,Existing,GEO023,Active
CUST06224,Vikram Reddy,Female,59,55+,2025-07-01,Existing,GEO107,Inactive
CUST06225,Riya Kumar,Male,37,35-44,2025-06-20,New,GEO088,Active
CUST06226,Priya Gupta,Female,42,35-44,2026-04-07,Existing,GEO081,Inactive
CUST06227,Rahul Shetty,Male,57,55+,2024-04-02,New,GEO044,Inactive
CUST06228,Karan Singh,Male,28,25-34,2025-06-28,New,GEO096,Active
CUST06229,Kavya Verma,Male,55,55+,2024-06-01,New,GEO102,Active
CUST06230,Vivaan Gupta,Male,45,45-54,2026-01-04,Existing,GEO092,Active
CUST06231,Kavya Mishra,Male,49,45-54,2024-08-19,Existing,GEO080,Active
CUST06232,Arjun Singh,Male,59,55+,2024-11-21,Existing,GEO116,Inactive
CUST06233,Meera Patel,Female,24,18-24,2025-12-23,Existing,GEO113,Active
CUST06234,Karan Singh,Female,54,45-54,2026-06-13,New,GEO017,Active
CUST06235,Pooja Reddy,Female,35,35-44,2025-06-09,New,GEO104,Active
CUST06236,Ananya Mehta,Male,59,55+,2024-07-01,Existing,GEO047,Active
CUST06237,Diya Iyer,Male,55,55+,2025-01-31,New,GEO079,Inactive
CUST06238,Karan Mehta,Female,55,55+,2026-04-19,Existing,GEO117,Active
CUST06239,Priya Mishra,Male,54,45-54,2025-10-13,New,GEO097,Active
CUST06240,Sneha Nair,Male,23,18-24,2025-03-23,Existing,GEO066,Active
CUST06241,Aarav Iyer,Male,35,35-44,2024-01-28,Existing,GEO008,Active
CUST06242,Aditi Rao,Female,40,35-44,2024-01-02,Existing,GEO114,Active
CUST06243,Vikram Verma,Female,44,35-44,2025-08-01,Existing,GEO080,Active
CUST06244,Diya Sharma,Female,38,35-44,2025-04-23,Existing,GEO096,Active
CUST06245,Aarav Patel,Female,23,18-24,2025-04-26,Existing,GEO084,Active
CUST06246,Neha Nair,Female,30,25-34,2025-03-11,New,GEO025,Active
CUST06247,Vivaan Mishra,Female,23,18-24,2025-10-07,New,GEO115,Active
CUST06248,Pooja Reddy,Female,51,45-54,2024-11-01,New,GEO070,Active
CUST06249,Aarav Singh,Female,31,25-34,2024-11-10,New,GEO066,Active
CUST06250,Aarav Verma,Female,52,45-54,2026-03-13,New,GEO045,Active
CUST06251,Kavya Gupta,Male,34,25-34,2024-01-14,New,GEO069,Active
CUST06252,Kavya Mishra,Female,24,18-24,2026-05-12,New,GEO015,Active
CUST06253,Isha Kumar,Male,41,35-44,2024-09-15,New,GEO103,Inactive
CUST06254,Kavya Sharma,Female,55,55+,2025-11-19,Existing,GEO016,Active
CUST06255,Nisha Shetty,Male,59,55+,2026-06-17,Existing,GEO012,Active
CUST06256,Priya Kumar,Male,42,35-44,2026-04-21,New,GEO003,Active
CUST06257,Vivaan Iyer,Female,51,45-54,2025-10-09,Existing,GEO009,Active
CUST06258,Rohan Verma,Male,47,45-54,2024-08-09,Existing,GEO090,Active
CUST06259,Vikram Joshi,Female,44,35-44,2025-04-03,Existing,GEO108,Active
CUST06260,Kavya Patel,Male,22,18-24,2025-11-21,New,GEO078,Active
CUST06261,Meera Reddy,Male,44,35-44,2025-01-10,Existing,GEO104,Active
CUST06262,Priya Mehta,Male,48,45-54,2024-06-01,New,GEO027,Inactive
CUST06263,Aditya Patel,Female,33,25-34,2025-09-22,Existing,GEO069,Active
CUST06264,Sneha Rao,Male,56,55+,2025-03-16,Existing,GEO112,Active
CUST06265,Meera Nair,Female,47,45-54,2024-07-31,New,GEO011,Active
CUST06266,Meera Joshi,Female,40,35-44,2025-01-16,New,GEO048,Active
CUST06267,Priya Singh,Female,54,45-54,2024-04-21,New,GEO102,Active
CUST06268,Aditi Rao,Female,54,45-54,2025-09-24,Existing,GEO113,Inactive
CUST06269,Vivaan Patel,Male,34,25-34,2025-11-20,New,GEO002,Active
CUST06270,Vikram Gupta,Male,29,25-34,2024-09-03,New,GEO014,Inactive
CUST06271,Aarav Rao,Male,20,18-24,2024-11-28,New,GEO064,Active
CUST06272,Priya Reddy,Male,36,35-44,2024-01-25,Existing,GEO119,Inactive
CUST06273,Vivaan Das,Female,47,45-54,2025-04-23,Existing,GEO084,Active
CUST06274,Rahul Verma,Male,44,35-44,2026-01-25,Existing,GEO062,Inactive
CUST06275,Nisha Sharma,Male,47,45-54,2025-02-27,Existing,GEO027,Inactive
CUST06276,Aditi Das,Male,32,25-34,2026-05-13,New,GEO026,Active
CUST06277,Aditya Rao,Female,22,18-24,2024-01-31,New,GEO038,Inactive
CUST06278,Isha Nair,Male,51,45-54,2025-10-08,New,GEO068,Inactive
CUST06279,Riya Joshi,Male,28,25-34,2024-01-04,Existing,GEO108,Active
CUST06280,Rahul Joshi,Female,45,45-54,2025-06-24,New,GEO113,Inactive
CUST06281,Aarav Singh,Female,54,45-54,2024-01-12,Existing,GEO110,Active
CUST06282,Vivaan Iyer,Female,30,25-34,2025-08-25,New,GEO048,Active
CUST06283,Ananya Joshi,Female,54,45-54,2025-01-21,New,GEO055,Active
CUST06284,Priya Kumar,Male,48,45-54,2024-06-09,Existing,GEO078,Inactive
CUST06285,Vivaan Joshi,Male,20,18-24,2024-05-06,New,GEO068,Active
CUST06286,Aditi Mishra,Male,36,35-44,2025-09-24,Existing,GEO114,Active
CUST06287,Riya Sharma,Female,36,35-44,2025-07-18,Existing,GEO115,Active
CUST06288,Ananya Joshi,Female,32,25-34,2025-03-02,Existing,GEO118,Inactive
CUST06289,Vivaan Patel,Male,60,55+,2025-01-31,New,GEO028,Active
CUST06290,Meera Gupta,Male,52,45-54,2025-03-08,Existing,GEO039,Active
CUST06291,Priya Reddy,Female,40,35-44,2025-10-12,New,GEO068,Inactive
CUST06292,Karan Verma,Male,55,55+,2026-05-12,New,GEO119,Active
CUST06293,Rohan Singh,Female,35,35-44,2024-04-19,Existing,GEO003,Active
CUST06294,Ananya Verma,Female,25,25-34,2026-03-16,New,GEO031,Inactive
CUST06295,Rahul Kumar,Male,32,25-34,2024-10-17,Existing,GEO086,Active
CUST06296,Pooja Rao,Male,44,35-44,2024-10-03,Existing,GEO093,Active
CUST06297,Arjun Verma,Male,35,35-44,2026-05-05,New,GEO058,Active
CUST06298,Diya Verma,Female,22,18-24,2025-10-26,Existing,GEO056,Active
CUST06299,Aarav Mishra,Female,22,18-24,2026-04-24,Existing,GEO067,Active
CUST06300,Arjun Nair,Female,45,45-54,2024-01-14,Existing,GEO058,Active
CUST06301,Arjun Rao,Female,46,45-54,2024-05-22,Existing,GEO066,Active
CUST06302,Rohan Nair,Female,47,45-54,2025-10-08,Existing,GEO085,Active
CUST06303,Aditi Das,Female,29,25-34,2024-12-08,Existing,GEO052,Inactive
CUST06304,Diya Sharma,Male,31,25-34,2025-08-09,Existing,GEO021,Active
CUST06305,Neha Sharma,Female,46,45-54,2025-09-22,Existing,GEO086,Active
CUST06306,Neha Kumar,Female,26,25-34,2026-03-03,New,GEO067,Active
CUST06307,Meera Shetty,Male,48,45-54,2025-07-24,New,GEO031,Active
CUST06308,Rohan Nair,Female,32,25-34,2024-05-21,Existing,GEO055,Inactive
CUST06309,Aditya Sharma,Female,31,25-34,2025-03-17,New,GEO047,Inactive
CUST06310,Aditi Sharma,Female,43,35-44,2024-10-02,Existing,GEO026,Inactive
CUST06311,Riya Patel,Female,25,25-34,2026-05-02,Existing,GEO019,Inactive
CUST06312,Sneha Sharma,Female,34,25-34,2024-01-05,New,GEO094,Active
CUST06313,Priya Mehta,Female,29,25-34,2025-02-26,Existing,GEO082,Active
CUST06314,Priya Rao,Female,57,55+,2024-03-18,New,GEO073,Active
CUST06315,Arjun Singh,Male,20,18-24,2025-09-03,Existing,GEO046,Active
CUST06316,Vikram Sharma,Female,39,35-44,2024-11-14,New,GEO013,Inactive
CUST06317,Sneha Patel,Female,53,45-54,2026-05-24,Existing,GEO094,Active
CUST06318,Ananya Patel,Male,30,25-34,2025-10-24,New,GEO044,Inactive
CUST06319,Karan Patel,Male,32,25-34,2025-05-26,New,GEO053,Inactive
CUST06320,Arjun Sharma,Female,43,35-44,2025-08-06,Existing,GEO008,Inactive
CUST06321,Pooja Kumar,Male,24,18-24,2026-04-13,New,GEO086,Active
CUST06322,Vivaan Sharma,Male,20,18-24,2025-01-01,Existing,GEO035,Active
CUST06323,Neha Reddy,Female,29,25-34,2025-03-06,Existing,GEO107,Active
CUST06324,Meera Shetty,Female,46,45-54,2024-05-23,Existing,GEO008,Active
CUST06325,Pooja Shetty,Female,32,25-34,2025-05-26,Existing,GEO011,Active
CUST06326,Nisha Nair,Male,46,45-54,2024-06-09,Existing,GEO025,Inactive
CUST06327,Aditi Verma,Female,41,35-44,2025-09-05,Existing,GEO073,Active
CUST06328,Aditya Shetty,Female,23,18-24,2026-01-11,Existing,GEO113,Active
CUST06329,Vikram Sharma,Male,30,25-34,2026-02-20,New,GEO052,Active
CUST06330,Vikram Shetty,Male,34,25-34,2025-11-05,New,GEO078,Inactive
CUST06331,Priya Reddy,Female,49,45-54,2024-10-28,New,GEO100,Active
CUST06332,Isha Joshi,Female,57,55+,2024-12-19,Existing,GEO118,Inactive
CUST06333,Pooja Verma,Male,38,35-44,2024-10-29,New,GEO034,Inactive
CUST06334,Nisha Reddy,Female,37,35-44,2024-06-02,Existing,GEO014,Active
CUST06335,Aditya Sharma,Female,46,45-54,2025-10-04,New,GEO077,Inactive
CUST06336,Rahul Rao,Female,55,55+,2024-10-25,New,GEO075,Active
CUST06337,Neha Patel,Female,24,18-24,2025-10-13,New,GEO017,Active
CUST06338,Kavya Rao,Female,47,45-54,2025-06-02,Existing,GEO100,Active
CUST06339,Riya Kumar,Female,31,25-34,2025-06-12,New,GEO044,Active
CUST06340,Nisha Gupta,Male,50,45-54,2025-01-05,Existing,GEO030,Active
CUST06341,Arjun Shetty,Female,42,35-44,2024-12-24,New,GEO099,Active
CUST06342,Neha Sharma,Male,38,35-44,2024-09-28,Existing,GEO089,Active
CUST06343,Karan Kumar,Male,52,45-54,2025-02-28,New,GEO076,Active
CUST06344,Ananya Mishra,Female,59,55+,2024-09-01,Existing,GEO070,Active
CUST06345,Pooja Reddy,Male,40,35-44,2026-01-30,New,GEO020,Active
CUST06346,Aditya Patel,Male,24,18-24,2026-03-24,Existing,GEO040,Active
CUST06347,Neha Iyer,Male,26,25-34,2024-11-23,Existing,GEO071,Active
CUST06348,Pooja Sharma,Female,49,45-54,2024-02-23,Existing,GEO110,Active
CUST06349,Kavya Shetty,Male,48,45-54,2025-09-28,New,GEO082,Inactive
CUST06350,Karan Patel,Female,28,25-34,2025-11-15,Existing,GEO052,Active
CUST06351,Meera Nair,Male,36,35-44,2024-05-13,Existing,GEO020,Active
CUST06352,Pooja Sharma,Male,51,45-54,2024-09-18,Existing,GEO066,Active
CUST06353,Ananya Patel,Female,48,45-54,2025-05-21,New,GEO080,Inactive
CUST06354,Arjun Das,Female,32,25-34,2025-08-02,Existing,GEO047,Active
CUST06355,Riya Joshi,Male,37,35-44,2026-06-06,New,GEO065,Active
CUST06356,Rahul Singh,Male,48,45-54,2025-06-23,New,GEO096,Active
CUST06357,Kavya Kumar,Female,26,25-34,2026-04-02,Existing,GEO078,Active
CUST06358,Isha Mehta,Female,30,25-34,2024-10-17,Existing,GEO013,Active
CUST06359,Karan Kumar,Male,41,35-44,2024-07-16,Existing,GEO074,Active
CUST06360,Priya Mehta,Male,24,18-24,2025-10-18,Existing,GEO043,Inactive
CUST06361,Arjun Mehta,Female,24,18-24,2026-02-06,Existing,GEO049,Active
CUST06362,Arjun Das,Male,60,55+,2024-05-25,New,GEO103,Active
CUST06363,Nisha Singh,Male,22,18-24,2025-05-25,Existing,GEO085,Active
CUST06364,Aarav Nair,Female,53,45-54,2024-02-27,New,GEO082,Active
CUST06365,Vivaan Mehta,Male,40,35-44,2025-06-09,Existing,GEO025,Active
CUST06366,Karan Mishra,Male,59,55+,2024-12-04,Existing,GEO107,Inactive
CUST06367,Aditi Verma,Male,58,55+,2024-06-23,New,GEO091,Inactive
CUST06368,Rahul Patel,Female,38,35-44,2026-03-04,Existing,GEO117,Inactive
CUST06369,Aditya Gupta,Male,40,35-44,2024-03-31,Existing,GEO021,Active
CUST06370,Aarav Verma,Female,33,25-34,2024-05-17,Existing,GEO058,Active
CUST06371,Priya Iyer,Female,26,25-34,2026-05-31,Existing,GEO104,Active
CUST06372,Neha Nair,Female,57,55+,2025-11-06,Existing,GEO023,Active
CUST06373,Riya Mishra,Female,32,25-34,2024-01-07,New,GEO099,Inactive
CUST06374,Kavya Verma,Male,48,45-54,2026-05-14,New,GEO086,Inactive
CUST06375,Isha Sharma,Female,53,45-54,2024-01-06,Existing,GEO087,Active
CUST06376,Aditya Shetty,Male,54,45-54,2024-12-23,New,GEO102,Active
CUST06377,Aditi Singh,Male,32,25-34,2025-10-30,Existing,GEO017,Active
CUST06378,Arjun Iyer,Female,50,45-54,2025-08-15,Existing,GEO107,Active
CUST06379,Diya Singh,Female,46,45-54,2024-03-20,Existing,GEO094,Inactive
CUST06380,Ananya Sharma,Male,44,35-44,2024-04-04,Existing,GEO031,Active
CUST06381,Rahul Singh,Male,20,18-24,2024-01-02,Existing,GEO044,Inactive
CUST06382,Kavya Singh,Female,44,35-44,2025-04-17,Existing,GEO047,Inactive
CUST06383,Pooja Verma,Male,32,25-34,2025-08-25,Existing,GEO011,Active
CUST06384,Nisha Nair,Male,41,35-44,2025-03-19,New,GEO102,Active
CUST06385,Diya Das,Male,35,35-44,2024-02-25,Existing,GEO115,Inactive
CUST06386,Pooja Shetty,Male,31,25-34,2024-11-14,New,GEO111,Inactive
CUST06387,Ananya Reddy,Female,26,25-34,2026-05-03,Existing,GEO029,Active
CUST06388,Priya Patel,Male,40,35-44,2026-03-05,New,GEO063,Active
CUST06389,Riya Reddy,Female,60,55+,2024-06-01,New,GEO120,Inactive
CUST06390,Vivaan Verma,Female,27,25-34,2026-06-07,New,GEO110,Active
CUST06391,Sneha Rao,Female,47,45-54,2024-05-04,New,GEO029,Inactive
CUST06392,Riya Sharma,Male,49,45-54,2024-12-05,Existing,GEO016,Active
CUST06393,Diya Singh,Female,49,45-54,2025-03-29,New,GEO014,Active
CUST06394,Riya Mishra,Female,46,45-54,2024-02-03,Existing,GEO087,Active
CUST06395,Diya Singh,Female,55,55+,2024-10-04,New,GEO111,Active
CUST06396,Nisha Shetty,Male,29,25-34,2024-01-19,Existing,GEO070,Active
CUST06397,Riya Joshi,Female,50,45-54,2026-05-19,New,GEO033,Active
CUST06398,Sneha Joshi,Female,49,45-54,2025-09-28,Existing,GEO069,Inactive
CUST06399,Nisha Patel,Female,31,25-34,2024-09-16,New,GEO002,Active
CUST06400,Ananya Iyer,Female,56,55+,2024-03-07,Existing,GEO105,Active
CUST06401,Arjun Das,Female,57,55+,2024-01-17,New,GEO110,Active
CUST06402,Rohan Gupta,Female,44,35-44,2026-05-28,New,GEO009,Active
CUST06403,Nisha Kumar,Female,44,35-44,2026-02-22,Existing,GEO003,Active
CUST06404,Sneha Iyer,Male,54,45-54,2024-10-27,New,GEO083,Active
CUST06405,Ananya Sharma,Male,48,45-54,2025-03-06,Existing,GEO086,Active
CUST06406,Riya Singh,Male,33,25-34,2025-01-17,New,GEO061,Active
CUST06407,Diya Kumar,Male,34,25-34,2025-10-31,Existing,GEO014,Active
CUST06408,Riya Das,Female,35,35-44,2026-04-06,New,GEO004,Active
CUST06409,Meera Gupta,Male,48,45-54,2024-11-07,Existing,GEO037,Active
CUST06410,Aditi Kumar,Female,23,18-24,2025-11-29,Existing,GEO013,Active
CUST06411,Pooja Joshi,Female,59,55+,2024-06-08,New,GEO111,Active
CUST06412,Aditi Rao,Male,59,55+,2025-03-20,New,GEO003,Inactive
CUST06413,Nisha Kumar,Female,23,18-24,2026-04-26,Existing,GEO040,Active
CUST06414,Sneha Kumar,Female,47,45-54,2026-06-10,New,GEO062,Inactive
CUST06415,Aarav Singh,Female,29,25-34,2024-06-16,Existing,GEO007,Active
CUST06416,Rohan Iyer,Female,41,35-44,2025-07-21,New,GEO033,Inactive
CUST06417,Pooja Patel,Female,51,45-54,2025-12-19,Existing,GEO001,Active
CUST06418,Aditya Nair,Male,34,25-34,2024-07-21,New,GEO096,Inactive
CUST06419,Riya Joshi,Female,25,25-34,2024-12-21,Existing,GEO023,Active
CUST06420,Isha Singh,Female,39,35-44,2025-10-10,Existing,GEO083,Active
CUST06421,Kavya Mehta,Female,59,55+,2025-08-26,New,GEO024,Active
CUST06422,Aarav Patel,Male,24,18-24,2024-03-25,Existing,GEO030,Active
CUST06423,Isha Mishra,Male,36,35-44,2024-05-28,Existing,GEO090,Inactive
CUST06424,Priya Mehta,Female,23,18-24,2025-08-14,New,GEO055,Active
CUST06425,Kavya Iyer,Female,35,35-44,2026-01-29,New,GEO089,Active
CUST06426,Vikram Joshi,Male,36,35-44,2024-04-03,New,GEO016,Active
CUST06427,Sneha Rao,Female,40,35-44,2025-05-03,Existing,GEO100,Active
CUST06428,Diya Joshi,Male,43,35-44,2024-08-03,Existing,GEO048,Active
CUST06429,Kavya Sharma,Male,30,25-34,2025-04-26,New,GEO079,Inactive
CUST06430,Ananya Mishra,Male,35,35-44,2025-04-18,New,GEO105,Active
CUST06431,Neha Reddy,Male,29,25-34,2024-05-30,Existing,GEO090,Active
CUST06432,Kavya Das,Male,26,25-34,2025-08-05,Existing,GEO102,Inactive
CUST06433,Aditi Sharma,Female,40,35-44,2024-06-18,Existing,GEO026,Active
CUST06434,Meera Gupta,Male,43,35-44,2024-01-13,Existing,GEO110,Active
CUST06435,Nisha Patel,Male,40,35-44,2024-11-08,Existing,GEO006,Inactive
CUST06436,Sneha Patel,Male,54,45-54,2025-06-15,Existing,GEO095,Active
CUST06437,Rahul Rao,Female,53,45-54,2026-02-05,New,GEO112,Inactive
CUST06438,Rahul Shetty,Female,21,18-24,2026-06-16,Existing,GEO112,Inactive
CUST06439,Nisha Sharma,Female,33,25-34,2024-01-20,Existing,GEO046,Active
CUST06440,Karan Mishra,Female,28,25-34,2024-05-27,New,GEO053,Inactive
CUST06441,Aditya Nair,Male,43,35-44,2024-03-06,New,GEO109,Active
CUST06442,Aarav Das,Female,60,55+,2026-02-04,New,GEO107,Active
CUST06443,Pooja Mishra,Female,26,25-34,2025-03-30,Existing,GEO097,Inactive
CUST06444,Pooja Kumar,Female,54,45-54,2024-08-04,New,GEO057,Inactive
CUST06445,Ananya Reddy,Male,20,18-24,2026-06-01,New,GEO070,Active
CUST06446,Vikram Shetty,Male,31,25-34,2025-11-01,Existing,GEO103,Active
CUST06447,Karan Das,Female,48,45-54,2026-05-15,Existing,GEO102,Inactive
CUST06448,Arjun Patel,Female,37,35-44,2024-12-06,Existing,GEO119,Inactive
CUST06449,Aarav Joshi,Male,29,25-34,2024-06-05,New,GEO101,Active
CUST06450,Neha Das,Female,46,45-54,2025-11-23,New,GEO076,Inactive
CUST06451,Vivaan Verma,Male,27,25-34,2025-06-14,New,GEO072,Inactive
CUST06452,Riya Das,Female,22,18-24,2025-08-06,New,GEO078,Active
CUST06453,Sneha Shetty,Male,41,35-44,2024-02-07,New,GEO067,Active
CUST06454,Sneha Patel,Male,59,55+,2024-03-13,Existing,GEO002,Active
CUST06455,Kavya Gupta,Female,31,25-34,2025-06-03,Existing,GEO102,Active
CUST06456,Karan Shetty,Male,23,18-24,2025-03-07,New,GEO047,Inactive
CUST06457,Meera Mishra,Female,58,55+,2025-10-28,New,GEO041,Active
CUST06458,Priya Kumar,Female,57,55+,2025-09-20,New,GEO028,Active
CUST06459,Aditi Mishra,Male,30,25-34,2025-11-24,Existing,GEO098,Active
CUST06460,Aarav Verma,Male,53,45-54,2024-04-03,New,GEO037,Active
CUST06461,Vikram Das,Female,33,25-34,2024-01-27,Existing,GEO066,Active
CUST06462,Nisha Iyer,Female,52,45-54,2025-07-25,Existing,GEO101,Active
CUST06463,Arjun Mehta,Female,33,25-34,2024-05-17,New,GEO023,Inactive
CUST06464,Meera Reddy,Female,51,45-54,2026-05-24,New,GEO100,Active
CUST06465,Nisha Sharma,Male,57,55+,2025-12-01,Existing,GEO030,Active
CUST06466,Riya Verma,Male,35,35-44,2026-02-28,Existing,GEO043,Inactive
CUST06467,Arjun Joshi,Female,52,45-54,2024-06-29,New,GEO072,Active
CUST06468,Isha Patel,Female,24,18-24,2024-10-12,New,GEO092,Active
CUST06469,Sneha Nair,Male,26,25-34,2024-06-12,Existing,GEO040,Inactive
CUST06470,Rohan Shetty,Male,20,18-24,2024-02-28,New,GEO014,Active
CUST06471,Arjun Verma,Female,24,18-24,2025-06-24,New,GEO040,Active
CUST06472,Ananya Joshi,Male,35,35-44,2025-05-20,New,GEO112,Active
CUST06473,Rahul Sharma,Female,54,45-54,2025-09-17,Existing,GEO028,Active
CUST06474,Kavya Patel,Male,36,35-44,2025-01-25,Existing,GEO022,Inactive
CUST06475,Riya Nair,Male,25,25-34,2024-01-10,New,GEO013,Active
CUST06476,Diya Shetty,Male,21,18-24,2025-04-15,New,GEO097,Active
CUST06477,Rahul Patel,Male,24,18-24,2025-02-10,New,GEO070,Active
CUST06478,Isha Sharma,Male,24,18-24,2025-11-09,New,GEO004,Active
CUST06479,Aditya Mehta,Female,58,55+,2024-01-06,Existing,GEO050,Inactive
CUST06480,Sneha Sharma,Male,25,25-34,2026-04-15,Existing,GEO064,Active
CUST06481,Priya Nair,Male,51,45-54,2024-02-07,New,GEO090,Active
CUST06482,Kavya Reddy,Male,47,45-54,2025-12-07,New,GEO027,Active
CUST06483,Rahul Singh,Male,21,18-24,2025-02-15,New,GEO042,Active
CUST06484,Riya Iyer,Female,22,18-24,2026-05-13,Existing,GEO121,Active
CUST06485,Kavya Shetty,Male,51,45-54,2024-02-06,New,GEO104,Active
CUST06486,Rohan Sharma,Male,26,25-34,2024-08-14,Existing,GEO057,Active
CUST06487,Aarav Verma,Male,23,18-24,2024-10-27,Existing,GEO012,Active
CUST06488,Ananya Reddy,Female,41,35-44,2025-02-28,New,GEO073,Active
CUST06489,Nisha Nair,Female,34,25-34,2024-08-18,Existing,GEO036,Active
CUST06490,Ananya Mehta,Male,34,25-34,2025-08-25,New,GEO090,Active
CUST06491,Sneha Patel,Female,21,18-24,2024-04-14,Existing,GEO063,Active
CUST06492,Priya Singh,Male,22,18-24,2025-12-31,New,GEO083,Active
CUST06493,Aarav Mehta,Female,37,35-44,2025-01-06,New,GEO029,Active
CUST06494,Kavya Joshi,Female,60,55+,2026-06-07,Existing,GEO050,Active
CUST06495,Nisha Kumar,Male,30,25-34,2024-04-10,New,GEO018,Active
CUST06496,Sneha Nair,Male,30,25-34,2024-04-07,New,GEO077,Active
CUST06497,Diya Kumar,Male,45,45-54,2026-05-13,Existing,GEO099,Active
CUST06498,Arjun Mishra,Female,22,18-24,2024-12-17,New,GEO050,Inactive
CUST06499,Aarav Iyer,Female,50,45-54,2026-04-01,Existing,GEO013,Inactive
CUST06500,Nisha Shetty,Male,30,25-34,2025-11-20,Existing,GEO026,Inactive
CUST06501,Aditi Mehta,Female,42,35-44,2025-07-04,Existing,GEO101,Active
CUST06502,Neha Mehta,Male,20,18-24,2024-01-04,Existing,GEO011,Active
CUST06503,Ananya Reddy,Female,34,25-34,2026-03-12,Existing,GEO063,Inactive
CUST06504,Priya Das,Male,38,35-44,2024-09-15,New,GEO093,Inactive
CUST06505,Ananya Reddy,Female,27,25-34,2024-10-29,New,GEO111,Active
CUST06506,Aarav Joshi,Female,43,35-44,2024-12-29,New,GEO007,Active
CUST06507,Riya Nair,Male,60,55+,2025-03-12,Existing,GEO061,Active
CUST06508,Rohan Das,Female,40,35-44,2024-09-17,Existing,GEO089,Active
CUST06509,Meera Shetty,Female,57,55+,2024-07-27,New,GEO005,Active
CUST06510,Ananya Sharma,Male,56,55+,2024-09-24,New,GEO034,Inactive
CUST06511,Rohan Mehta,Female,39,35-44,2024-02-12,New,GEO054,Active
CUST06512,Pooja Sharma,Female,48,45-54,2024-04-25,Existing,GEO002,Active
CUST06513,Ananya Nair,Female,31,25-34,2024-06-22,New,GEO085,Active
CUST06514,Aditya Verma,Female,32,25-34,2026-01-30,Existing,GEO024,Active
CUST06515,Kavya Iyer,Male,54,45-54,2025-08-12,New,GEO063,Active
CUST06516,Sneha Reddy,Male,37,35-44,2024-04-08,Existing,GEO079,Active
CUST06517,Rahul Joshi,Female,42,35-44,2025-07-21,New,GEO058,Active
CUST06518,Diya Gupta,Male,59,55+,2024-08-04,Existing,GEO080,Active
CUST06519,Riya Singh,Male,21,18-24,2026-03-31,Existing,GEO056,Active
CUST06520,Sneha Iyer,Male,28,25-34,2026-03-11,Existing,GEO036,Inactive
CUST06521,Isha Joshi,Female,50,45-54,2024-09-22,Existing,GEO049,Active
CUST06522,Neha Mishra,Male,41,35-44,2025-07-22,Existing,GEO008,Active
CUST06523,Riya Rao,Male,39,35-44,2026-03-24,New,GEO046,Inactive
CUST06524,Meera Kumar,Male,20,18-24,2025-06-10,New,GEO019,Active
CUST06525,Arjun Iyer,Female,60,55+,2026-02-22,New,GEO068,Active
CUST06526,Aarav Reddy,Female,40,35-44,2024-05-24,New,GEO121,Inactive
CUST06527,Arjun Mehta,Male,41,35-44,2025-07-03,New,GEO100,Active
CUST06528,Diya Das,Male,31,25-34,2026-04-08,New,GEO109,Active
CUST06529,Pooja Reddy,Male,32,25-34,2025-03-19,New,GEO094,Active
CUST06530,Nisha Iyer,Male,23,18-24,2025-07-29,New,GEO014,Inactive
CUST06531,Sneha Rao,Female,60,55+,2025-04-20,New,GEO090,Active
CUST06532,Aarav Nair,Male,57,55+,2026-01-22,New,GEO109,Inactive
CUST06533,Diya Nair,Female,26,25-34,2024-02-05,Existing,GEO038,Active
CUST06534,Meera Rao,Female,42,35-44,2024-01-26,New,GEO114,Active
CUST06535,Meera Verma,Female,35,35-44,2026-03-28,New,GEO071,Active
CUST06536,Ananya Gupta,Male,35,35-44,2026-03-01,Existing,GEO053,Inactive
CUST06537,Isha Rao,Female,47,45-54,2025-09-05,New,GEO073,Inactive
CUST06538,Rahul Gupta,Female,31,25-34,2024-08-20,Existing,GEO028,Active
CUST06539,Vivaan Reddy,Male,36,35-44,2025-05-15,New,GEO074,Active
CUST06540,Ananya Shetty,Female,40,35-44,2025-02-19,New,GEO119,Active
CUST06541,Karan Sharma,Male,24,18-24,2024-11-11,Existing,GEO051,Active
CUST06542,Aditi Kumar,Female,29,25-34,2025-01-28,Existing,GEO005,Active
CUST06543,Arjun Verma,Male,60,55+,2025-08-20,New,GEO021,Active
CUST06544,Vikram Verma,Male,31,25-34,2025-03-14,Existing,GEO094,Active
CUST06545,Vivaan Kumar,Male,49,45-54,2025-06-30,New,GEO010,Active
CUST06546,Karan Nair,Female,32,25-34,2024-03-17,Existing,GEO092,Active
CUST06547,Arjun Kumar,Male,47,45-54,2025-02-27,New,GEO095,Active
CUST06548,Aarav Verma,Female,49,45-54,2024-06-23,New,GEO033,Inactive
CUST06549,Vikram Gupta,Female,54,45-54,2026-03-21,Existing,GEO040,Active
CUST06550,Meera Mehta,Female,37,35-44,2024-12-23,Existing,GEO058,Active
CUST06551,Sneha Joshi,Male,24,18-24,2026-03-08,Existing,GEO076,Active
CUST06552,Pooja Shetty,Female,45,45-54,2024-08-24,New,GEO002,Active
CUST06553,Arjun Iyer,Male,34,25-34,2024-02-16,Existing,GEO061,Active
CUST06554,Aarav Joshi,Female,45,45-54,2025-03-19,New,GEO114,Active
CUST06555,Rohan Iyer,Male,24,18-24,2026-02-08,Existing,GEO052,Active
CUST06556,Aditya Verma,Male,55,55+,2025-03-18,New,GEO034,Inactive
CUST06557,Meera Mehta,Female,22,18-24,2024-08-10,New,GEO011,Active
CUST06558,Aditya Joshi,Male,56,55+,2025-12-07,New,GEO025,Inactive
CUST06559,Karan Joshi,Male,28,25-34,2025-08-26,New,GEO040,Active
CUST06560,Nisha Das,Male,20,18-24,2024-01-04,New,GEO036,Active
CUST06561,Pooja Singh,Female,25,25-34,2024-10-20,Existing,GEO075,Active
CUST06562,Meera Joshi,Male,50,45-54,2025-07-28,New,GEO027,Active
CUST06563,Rahul Shetty,Male,50,45-54,2025-12-16,Existing,GEO104,Active
CUST06564,Kavya Mishra,Male,55,55+,2025-01-07,New,GEO085,Active
CUST06565,Rahul Kumar,Male,43,35-44,2024-02-04,New,GEO051,Inactive
CUST06566,Vikram Reddy,Female,24,18-24,2024-02-22,Existing,GEO010,Inactive
CUST06567,Aarav Patel,Female,53,45-54,2025-02-17,Existing,GEO040,Active
CUST06568,Neha Joshi,Male,50,45-54,2025-02-27,New,GEO001,Active
CUST06569,Aditya Singh,Male,21,18-24,2025-08-24,Existing,GEO069,Active
CUST06570,Diya Shetty,Male,31,25-34,2025-03-30,New,GEO078,Active
CUST06571,Vivaan Das,Male,60,55+,2026-02-13,New,GEO102,Active
CUST06572,Meera Rao,Male,48,45-54,2024-10-07,Existing,GEO032,Active
CUST06573,Nisha Gupta,Female,35,35-44,2025-08-27,New,GEO032,Active
CUST06574,Priya Mehta,Female,22,18-24,2024-06-20,Existing,GEO013,Active
CUST06575,Rahul Reddy,Female,41,35-44,2026-03-29,New,GEO105,Inactive
CUST06576,Riya Iyer,Male,51,45-54,2024-03-07,Existing,GEO063,Active
CUST06577,Aditya Mehta,Female,25,25-34,2025-12-21,New,GEO072,Active
CUST06578,Arjun Mishra,Female,36,35-44,2025-03-24,New,GEO005,Active
CUST06579,Aditi Verma,Male,46,45-54,2024-10-18,Existing,GEO065,Active
CUST06580,Isha Joshi,Male,45,45-54,2024-08-07,Existing,GEO090,Active
CUST06581,Rohan Das,Male,50,45-54,2026-04-02,Existing,GEO059,Inactive
CUST06582,Karan Rao,Female,21,18-24,2026-02-15,Existing,GEO082,Active
CUST06583,Riya Mehta,Female,35,35-44,2025-07-24,New,GEO055,Active
CUST06584,Meera Rao,Female,50,45-54,2024-03-17,Existing,GEO083,Active
CUST06585,Vikram Shetty,Female,46,45-54,2025-12-26,New,GEO061,Active
CUST06586,Nisha Iyer,Male,46,45-54,2026-05-31,Existing,GEO029,Active
CUST06587,Pooja Mishra,Female,50,45-54,2025-05-08,Existing,GEO073,Active
CUST06588,Nisha Reddy,Female,59,55+,2024-12-13,Existing,GEO010,Active
CUST06589,Aditi Mishra,Female,48,45-54,2024-11-15,New,GEO025,Inactive
CUST06590,Neha Iyer,Female,22,18-24,2024-05-13,Existing,GEO001,Active
CUST06591,Vivaan Patel,Female,42,35-44,2025-05-23,New,GEO062,Active
CUST06592,Riya Joshi,Female,59,55+,2026-03-19,New,GEO117,Inactive
CUST06593,Isha Gupta,Male,26,25-34,2024-08-27,Existing,GEO027,Active
CUST06594,Vikram Mehta,Female,57,55+,2024-01-03,New,GEO039,Active
CUST06595,Rahul Singh,Female,51,45-54,2024-04-02,New,GEO066,Inactive
CUST06596,Arjun Sharma,Female,40,35-44,2026-05-29,Existing,GEO100,Active
CUST06597,Pooja Mehta,Female,59,55+,2024-01-04,New,GEO080,Active
CUST06598,Diya Iyer,Male,25,25-34,2024-05-10,New,GEO022,Inactive
CUST06599,Kavya Mishra,Female,43,35-44,2024-07-04,New,GEO009,Inactive
CUST06600,Kavya Nair,Female,43,35-44,2025-01-08,Existing,GEO039,Inactive
CUST06601,Aditya Sharma,Male,33,25-34,2025-07-22,Existing,GEO086,Active
CUST06602,Ananya Nair,Female,41,35-44,2024-03-01,Existing,GEO027,Active
CUST06603,Sneha Sharma,Male,27,25-34,2025-08-08,New,GEO096,Inactive
CUST06604,Aditya Shetty,Male,44,35-44,2025-02-21,Existing,GEO025,Active
CUST06605,Aarav Das,Female,48,45-54,2025-02-19,New,GEO038,Active
CUST06606,Isha Gupta,Female,43,35-44,2025-09-07,New,GEO066,Active
CUST06607,Sneha Mehta,Male,38,35-44,2024-08-23,Existing,GEO043,Inactive
CUST06608,Sneha Das,Female,41,35-44,2024-09-26,New,GEO050,Active
CUST06609,Aarav Nair,Male,37,35-44,2025-03-03,New,GEO031,Active
CUST06610,Riya Singh,Female,60,55+,2025-09-14,Existing,GEO049,Active
CUST06611,Isha Das,Male,54,45-54,2025-06-10,Existing,GEO067,Active
CUST06612,Aarav Reddy,Male,38,35-44,2024-10-23,Existing,GEO029,Active
CUST06613,Ananya Kumar,Female,53,45-54,2024-09-23,New,GEO103,Inactive
CUST06614,Isha Rao,Male,27,25-34,2026-06-06,New,GEO111,Active
CUST06615,Aarav Rao,Male,30,25-34,2026-06-19,Existing,GEO038,Active
CUST06616,Karan Iyer,Male,24,18-24,2024-03-27,Existing,GEO043,Inactive
CUST06617,Pooja Patel,Male,58,55+,2024-02-11,Existing,GEO052,Inactive
CUST06618,Vikram Sharma,Female,55,55+,2024-05-14,Existing,GEO083,Active
CUST06619,Nisha Reddy,Female,46,45-54,2025-04-02,Existing,GEO090,Active
CUST06620,Vivaan Iyer,Male,43,35-44,2026-03-17,New,GEO031,Inactive
CUST06621,Sneha Verma,Female,51,45-54,2025-05-09,Existing,GEO103,Active
CUST06622,Diya Singh,Male,28,25-34,2024-10-04,Existing,GEO028,Inactive
CUST06623,Ananya Nair,Female,25,25-34,2025-04-27,Existing,GEO075,Active
CUST06624,Diya Iyer,Male,28,25-34,2026-05-07,Existing,GEO034,Active
CUST06625,Karan Joshi,Female,30,25-34,2024-11-01,New,GEO049,Inactive
CUST06626,Vikram Shetty,Female,45,45-54,2024-05-03,Existing,GEO050,Inactive
CUST06627,Nisha Rao,Female,37,35-44,2026-05-11,Existing,GEO078,Active
CUST06628,Meera Reddy,Female,53,45-54,2025-06-14,New,GEO039,Active
CUST06629,Riya Sharma,Male,54,45-54,2024-11-27,Existing,GEO079,Active
CUST06630,Isha Iyer,Female,38,35-44,2024-09-23,New,GEO059,Active
CUST06631,Priya Iyer,Male,48,45-54,2025-01-05,Existing,GEO093,Active
CUST06632,Vivaan Rao,Female,50,45-54,2024-03-06,Existing,GEO033,Inactive
CUST06633,Vivaan Verma,Female,30,25-34,2024-10-10,Existing,GEO012,Active
CUST06634,Sneha Das,Male,59,55+,2024-09-15,New,GEO031,Inactive
CUST06635,Aarav Reddy,Male,54,45-54,2025-07-26,Existing,GEO053,Active
CUST06636,Pooja Verma,Female,21,18-24,2025-07-01,Existing,GEO001,Inactive
CUST06637,Karan Rao,Male,42,35-44,2024-04-18,New,GEO108,Active
CUST06638,Diya Mishra,Female,40,35-44,2025-04-07,Existing,GEO089,Active
CUST06639,Pooja Das,Male,45,45-54,2024-04-04,Existing,GEO009,Inactive
CUST06640,Isha Gupta,Female,31,25-34,2025-02-20,Existing,GEO009,Inactive
CUST06641,Aditi Singh,Male,34,25-34,2026-02-22,New,GEO102,Active
CUST06642,Rohan Gupta,Male,35,35-44,2024-07-21,Existing,GEO017,Active
CUST06643,Aarav Rao,Female,59,55+,2024-11-06,Existing,GEO052,Inactive
CUST06644,Pooja Verma,Female,43,35-44,2025-08-03,New,GEO100,Active
CUST06645,Neha Das,Female,34,25-34,2024-10-31,New,GEO105,Active
CUST06646,Arjun Patel,Female,56,55+,2024-10-21,New,GEO084,Inactive
CUST06647,Aditi Shetty,Male,44,35-44,2024-02-19,New,GEO109,Active
CUST06648,Nisha Patel,Male,31,25-34,2024-09-17,New,GEO118,Active
CUST06649,Aarav Nair,Male,57,55+,2026-04-22,New,GEO110,Inactive
CUST06650,Kavya Singh,Male,40,35-44,2024-10-22,Existing,GEO080,Inactive
CUST06651,Aditya Rao,Male,58,55+,2024-02-09,New,GEO113,Active
CUST06652,Ananya Patel,Male,32,25-34,2026-03-15,Existing,GEO002,Active
CUST06653,Isha Nair,Female,27,25-34,2025-10-14,Existing,GEO089,Active
CUST06654,Meera Mehta,Female,49,45-54,2025-06-13,New,GEO084,Active
CUST06655,Riya Gupta,Female,50,45-54,2026-04-13,New,GEO103,Active
CUST06656,Ananya Singh,Male,34,25-34,2026-04-28,Existing,GEO116,Active
CUST06657,Neha Iyer,Male,21,18-24,2025-07-18,Existing,GEO058,Inactive
CUST06658,Rahul Mishra,Male,44,35-44,2025-02-28,Existing,GEO007,Inactive
CUST06659,Karan Kumar,Male,38,35-44,2024-01-15,Existing,GEO009,Inactive
CUST06660,Meera Nair,Male,35,35-44,2025-10-15,New,GEO028,Active
CUST06661,Kavya Iyer,Female,60,55+,2025-01-13,Existing,GEO096,Active
CUST06662,Aditi Iyer,Male,28,25-34,2024-08-13,Existing,GEO059,Active
CUST06663,Vivaan Kumar,Female,47,45-54,2024-11-05,New,GEO091,Active
CUST06664,Ananya Reddy,Male,39,35-44,2026-04-27,Existing,GEO113,Active
CUST06665,Meera Patel,Female,31,25-34,2025-10-06,Existing,GEO104,Active
CUST06666,Vikram Das,Male,51,45-54,2026-05-05,Existing,GEO092,Inactive
CUST06667,Neha Das,Male,41,35-44,2024-09-07,New,GEO060,Active
CUST06668,Ananya Sharma,Male,59,55+,2025-05-30,Existing,GEO090,Active
CUST06669,Kavya Shetty,Male,36,35-44,2026-02-15,Existing,GEO099,Active
CUST06670,Rohan Sharma,Female,46,45-54,2024-03-20,Existing,GEO079,Active
CUST06671,Arjun Rao,Female,60,55+,2024-04-21,Existing,GEO099,Inactive
CUST06672,Ananya Reddy,Female,33,25-34,2024-06-08,New,GEO030,Active
CUST06673,Priya Reddy,Female,40,35-44,2025-01-22,Existing,GEO035,Active
CUST06674,Ananya Iyer,Male,55,55+,2025-12-05,New,GEO008,Active
CUST06675,Kavya Mishra,Male,33,25-34,2025-08-11,New,GEO061,Inactive
CUST06676,Ananya Shetty,Male,35,35-44,2026-05-22,New,GEO075,Active
CUST06677,Neha Shetty,Male,22,18-24,2026-02-16,New,GEO024,Active
CUST06678,Ananya Shetty,Male,44,35-44,2024-01-26,Existing,GEO099,Active
CUST06679,Rohan Mishra,Female,42,35-44,2026-04-18,Existing,GEO078,Inactive
CUST06680,Kavya Gupta,Female,43,35-44,2026-03-26,Existing,GEO070,Active
CUST06681,Riya Das,Male,34,25-34,2025-09-08,Existing,GEO027,Active
CUST06682,Aditi Joshi,Female,21,18-24,2024-03-22,Existing,GEO098,Inactive
CUST06683,Rahul Das,Female,55,55+,2025-06-27,New,GEO087,Active
CUST06684,Nisha Reddy,Male,50,45-54,2026-01-13,Existing,GEO067,Active
CUST06685,Diya Joshi,Male,20,18-24,2025-07-28,Existing,GEO105,Active
CUST06686,Aarav Mehta,Female,60,55+,2025-02-17,Existing,GEO097,Active
CUST06687,Ananya Shetty,Female,41,35-44,2024-06-10,Existing,GEO082,Inactive
CUST06688,Isha Kumar,Male,20,18-24,2024-06-09,Existing,GEO046,Inactive
CUST06689,Riya Joshi,Male,41,35-44,2026-03-24,New,GEO086,Active
CUST06690,Rohan Sharma,Female,22,18-24,2024-12-15,Existing,GEO052,Active
CUST06691,Riya Sharma,Female,49,45-54,2024-08-01,Existing,GEO106,Active
CUST06692,Pooja Reddy,Female,54,45-54,2025-05-06,New,GEO006,Active
CUST06693,Neha Sharma,Female,39,35-44,2026-04-24,Existing,GEO031,Active
CUST06694,Aditi Shetty,Female,56,55+,2024-03-23,New,GEO016,Active
CUST06695,Karan Das,Male,31,25-34,2026-02-14,Existing,GEO063,Active
CUST06696,Sneha Rao,Male,59,55+,2026-01-22,Existing,GEO119,Active
CUST06697,Sneha Singh,Male,47,45-54,2025-10-15,Existing,GEO036,Inactive
CUST06698,Riya Reddy,Male,24,18-24,2025-05-15,Existing,GEO024,Inactive
CUST06699,Rohan Gupta,Female,41,35-44,2025-01-10,New,GEO070,Active
CUST06700,Aarav Kumar,Male,26,25-34,2024-01-12,Existing,GEO011,Active
CUST06701,Rahul Rao,Male,31,25-34,2024-12-04,New,GEO008,Inactive
CUST06702,Sneha Mishra,Male,38,35-44,2026-04-06,Existing,GEO092,Active
CUST06703,Sneha Sharma,Male,33,25-34,2025-07-17,Existing,GEO019,Active
CUST06704,Rohan Reddy,Female,26,25-34,2025-05-17,New,GEO109,Active
CUST06705,Pooja Kumar,Female,44,35-44,2024-10-14,New,GEO049,Active
CUST06706,Isha Shetty,Male,45,45-54,2025-03-16,New,GEO063,Inactive
CUST06707,Neha Kumar,Male,53,45-54,2024-03-15,New,GEO006,Active
CUST06708,Diya Sharma,Male,49,45-54,2026-04-05,Existing,GEO061,Active
CUST06709,Vivaan Gupta,Male,26,25-34,2025-04-12,Existing,GEO099,Inactive
CUST06710,Meera Gupta,Female,37,35-44,2025-10-15,Existing,GEO070,Active
CUST06711,Riya Sharma,Female,49,45-54,2025-04-05,New,GEO104,Active
CUST06712,Ananya Shetty,Female,45,45-54,2026-06-10,Existing,GEO099,Inactive
CUST06713,Aarav Mehta,Male,58,55+,2026-05-03,New,GEO096,Inactive
CUST06714,Sneha Nair,Female,53,45-54,2025-07-06,New,GEO028,Active
CUST06715,Ananya Mehta,Male,54,45-54,2024-10-22,New,GEO025,Active
CUST06716,Diya Mehta,Male,33,25-34,2024-09-27,New,GEO004,Inactive
CUST06717,Rohan Singh,Male,22,18-24,2024-01-25,Existing,GEO045,Active
CUST06718,Karan Das,Female,36,35-44,2024-12-21,Existing,GEO104,Active
CUST06719,Nisha Patel,Female,25,25-34,2024-08-03,Existing,GEO011,Active
CUST06720,Karan Sharma,Male,50,45-54,2026-04-19,New,GEO108,Active
CUST06721,Pooja Das,Male,52,45-54,2024-04-01,New,GEO050,Active
CUST06722,Vivaan Das,Male,35,35-44,2025-07-11,Existing,GEO071,Active
CUST06723,Aditya Kumar,Female,54,45-54,2025-12-12,New,GEO099,Active
CUST06724,Priya Gupta,Male,52,45-54,2024-11-05,New,GEO008,Inactive
CUST06725,Rohan Kumar,Female,40,35-44,2025-05-10,New,GEO018,Inactive
CUST06726,Arjun Sharma,Female,26,25-34,2025-06-12,New,GEO109,Inactive
CUST06727,Kavya Patel,Female,46,45-54,2024-08-26,New,GEO043,Active
CUST06728,Isha Kumar,Female,46,45-54,2024-07-25,New,GEO002,Inactive
CUST06729,Meera Joshi,Female,20,18-24,2025-06-30,Existing,GEO036,Inactive
CUST06730,Pooja Mishra,Male,39,35-44,2024-10-24,New,GEO045,Active
CUST06731,Isha Iyer,Female,47,45-54,2024-07-15,New,GEO044,Active
CUST06732,Sneha Joshi,Female,40,35-44,2025-03-30,Existing,GEO092,Inactive
CUST06733,Sneha Shetty,Female,34,25-34,2024-03-31,Existing,GEO005,Active
CUST06734,Pooja Gupta,Male,30,25-34,2025-11-03,New,GEO013,Active
CUST06735,Vivaan Shetty,Female,21,18-24,2025-12-30,Existing,GEO102,Active
CUST06736,Diya Singh,Male,42,35-44,2025-09-27,New,GEO019,Active
CUST06737,Pooja Patel,Female,23,18-24,2025-05-14,Existing,GEO092,Inactive
CUST06738,Diya Gupta,Male,24,18-24,2025-01-05,Existing,GEO088,Active
CUST06739,Sneha Patel,Female,34,25-34,2024-04-03,New,GEO056,Active
CUST06740,Meera Singh,Male,55,55+,2024-11-24,New,GEO085,Active
CUST06741,Aditya Shetty,Male,21,18-24,2024-12-25,New,GEO034,Active
CUST06742,Vikram Nair,Male,37,35-44,2025-02-21,Existing,GEO068,Active
CUST06743,Diya Shetty,Female,53,45-54,2025-03-29,New,GEO037,Inactive
CUST06744,Neha Kumar,Female,29,25-34,2025-12-19,Existing,GEO060,Inactive
CUST06745,Aditi Verma,Male,29,25-34,2026-03-30,Existing,GEO031,Active
CUST06746,Pooja Iyer,Female,59,55+,2024-10-19,New,GEO078,Active
CUST06747,Vikram Gupta,Female,28,25-34,2025-06-24,Existing,GEO067,Inactive
CUST06748,Ananya Kumar,Male,21,18-24,2025-08-20,Existing,GEO087,Active
CUST06749,Priya Nair,Male,55,55+,2025-07-23,Existing,GEO068,Active
CUST06750,Pooja Mishra,Male,44,35-44,2025-03-24,New,GEO029,Active
CUST06751,Arjun Patel,Female,31,25-34,2025-06-17,Existing,GEO051,Inactive
CUST06752,Neha Das,Female,34,25-34,2024-01-08,New,GEO080,Inactive
CUST06753,Meera Nair,Female,36,35-44,2025-04-23,New,GEO109,Active
CUST06754,Diya Singh,Female,39,35-44,2026-05-15,Existing,GEO121,Active
CUST06755,Pooja Nair,Male,46,45-54,2024-03-09,New,GEO060,Active
CUST06756,Rohan Shetty,Female,35,35-44,2025-12-05,Existing,GEO042,Active
CUST06757,Ananya Sharma,Male,49,45-54,2025-12-29,New,GEO046,Inactive
CUST06758,Nisha Sharma,Female,36,35-44,2025-12-27,Existing,GEO054,Inactive
CUST06759,Priya Kumar,Female,39,35-44,2025-06-14,New,GEO070,Active
CUST06760,Meera Sharma,Male,27,25-34,2025-04-12,Existing,GEO069,Active
CUST06761,Priya Joshi,Female,32,25-34,2025-09-13,New,GEO082,Active
CUST06762,Priya Mehta,Female,36,35-44,2024-05-09,New,GEO050,Active
CUST06763,Vikram Iyer,Female,32,25-34,2026-04-06,New,GEO063,Inactive
CUST06764,Arjun Das,Female,42,35-44,2025-02-21,Existing,GEO013,Active
CUST06765,Arjun Iyer,Male,57,55+,2024-02-03,Existing,GEO111,Active
CUST06766,Rahul Mehta,Male,56,55+,2025-10-06,New,GEO121,Active
CUST06767,Aditi Mishra,Female,53,45-54,2024-10-15,New,GEO087,Active
CUST06768,Aditya Patel,Female,28,25-34,2025-05-01,Existing,GEO063,Active
CUST06769,Nisha Nair,Female,40,35-44,2025-10-24,New,GEO106,Active
CUST06770,Isha Iyer,Male,57,55+,2025-11-28,Existing,GEO063,Active
CUST06771,Karan Sharma,Male,20,18-24,2025-11-03,New,GEO022,Active
CUST06772,Arjun Rao,Female,45,45-54,2026-04-27,Existing,GEO042,Active
CUST06773,Riya Reddy,Male,22,18-24,2025-12-12,Existing,GEO054,Active
CUST06774,Meera Shetty,Male,40,35-44,2026-04-21,Existing,GEO072,Inactive
CUST06775,Vikram Joshi,Male,28,25-34,2024-06-21,Existing,GEO041,Inactive
CUST06776,Aarav Joshi,Female,31,25-34,2024-02-14,New,GEO047,Active
CUST06777,Vikram Sharma,Male,27,25-34,2024-01-08,New,GEO043,Active
CUST06778,Sneha Mehta,Male,49,45-54,2025-07-13,Existing,GEO081,Active
CUST06779,Karan Sharma,Male,60,55+,2024-02-22,Existing,GEO010,Active
CUST06780,Meera Rao,Male,54,45-54,2026-02-20,New,GEO121,Active
CUST06781,Sneha Patel,Female,33,25-34,2025-01-22,New,GEO047,Active
CUST06782,Aditya Rao,Female,24,18-24,2026-05-21,New,GEO058,Active
CUST06783,Rohan Rao,Female,28,25-34,2026-01-21,New,GEO107,Active
CUST06784,Ananya Joshi,Female,29,25-34,2024-08-09,New,GEO040,Active
CUST06785,Riya Das,Male,44,35-44,2025-07-26,Existing,GEO083,Active
CUST06786,Diya Kumar,Female,59,55+,2024-12-25,New,GEO079,Active
CUST06787,Kavya Mehta,Male,34,25-34,2025-01-03,Existing,GEO059,Active
CUST06788,Sneha Shetty,Male,52,45-54,2024-09-25,New,GEO083,Active
CUST06789,Diya Sharma,Male,47,45-54,2025-11-09,Existing,GEO042,Inactive
CUST06790,Rohan Rao,Male,43,35-44,2024-01-19,Existing,GEO012,Active
CUST06791,Diya Iyer,Male,57,55+,2026-03-19,New,GEO055,Inactive
CUST06792,Rahul Shetty,Female,56,55+,2025-10-04,New,GEO024,Inactive
CUST06793,Ananya Mehta,Male,58,55+,2024-10-08,Existing,GEO119,Active
CUST06794,Rahul Joshi,Male,24,18-24,2025-04-29,Existing,GEO044,Active
CUST06795,Riya Iyer,Female,54,45-54,2024-10-03,New,GEO108,Active
CUST06796,Rahul Joshi,Male,56,55+,2025-03-06,Existing,GEO045,Active
CUST06797,Vivaan Joshi,Male,51,45-54,2024-01-22,New,GEO046,Inactive
CUST06798,Pooja Iyer,Male,21,18-24,2025-08-06,New,GEO098,Active
CUST06799,Rohan Shetty,Female,48,45-54,2025-12-03,New,GEO043,Active
CUST06800,Aarav Gupta,Female,43,35-44,2025-05-27,Existing,GEO055,Active
CUST06801,Aditi Kumar,Male,20,18-24,2024-12-13,New,GEO100,Active
CUST06802,Rahul Iyer,Male,44,35-44,2024-10-06,Existing,GEO101,Inactive
CUST06803,Kavya Kumar,Male,22,18-24,2024-05-18,New,GEO051,Inactive
CUST06804,Neha Das,Female,28,25-34,2025-12-12,Existing,GEO007,Active
CUST06805,Priya Joshi,Female,50,45-54,2024-06-12,Existing,GEO063,Active
CUST06806,Vivaan Shetty,Female,49,45-54,2024-09-05,New,GEO043,Inactive
CUST06807,Arjun Mehta,Male,28,25-34,2025-09-24,New,GEO005,Inactive
CUST06808,Isha Iyer,Female,35,35-44,2025-10-18,New,GEO065,Active
CUST06809,Rohan Patel,Male,36,35-44,2024-02-16,New,GEO002,Active
CUST06810,Kavya Verma,Female,56,55+,2026-06-15,New,GEO028,Inactive
CUST06811,Pooja Singh,Male,55,55+,2025-05-28,Existing,GEO058,Active
CUST06812,Ananya Joshi,Female,42,35-44,2024-05-22,Existing,GEO072,Active
CUST06813,Meera Das,Female,44,35-44,2024-01-26,Existing,GEO035,Inactive
CUST06814,Sneha Iyer,Male,53,45-54,2025-11-04,Existing,GEO015,Active
CUST06815,Rahul Nair,Male,22,18-24,2024-02-25,Existing,GEO034,Inactive
CUST06816,Vikram Reddy,Female,36,35-44,2026-05-18,Existing,GEO057,Active
CUST06817,Nisha Iyer,Female,28,25-34,2025-10-12,Existing,GEO059,Active
CUST06818,Priya Nair,Male,38,35-44,2025-12-06,New,GEO043,Inactive
CUST06819,Vivaan Singh,Male,33,25-34,2025-05-08,Existing,GEO084,Active
CUST06820,Sneha Shetty,Male,24,18-24,2025-08-27,New,GEO026,Inactive
CUST06821,Riya Iyer,Female,43,35-44,2024-11-29,New,GEO023,Active
CUST06822,Rohan Iyer,Male,32,25-34,2025-10-25,New,GEO079,Inactive
CUST06823,Nisha Sharma,Male,49,45-54,2024-03-23,New,GEO092,Inactive
CUST06824,Karan Singh,Female,48,45-54,2024-10-28,New,GEO107,Active
CUST06825,Riya Joshi,Male,54,45-54,2026-06-05,Existing,GEO078,Active
CUST06826,Vikram Shetty,Male,48,45-54,2024-09-21,Existing,GEO074,Active
CUST06827,Karan Shetty,Female,50,45-54,2025-09-10,Existing,GEO100,Inactive
CUST06828,Nisha Singh,Male,44,35-44,2026-01-02,New,GEO051,Active
CUST06829,Isha Singh,Female,53,45-54,2026-04-04,Existing,GEO094,Active
CUST06830,Priya Reddy,Male,53,45-54,2025-07-06,New,GEO102,Inactive
CUST06831,Aditya Mishra,Female,60,55+,2024-06-15,Existing,GEO108,Active
CUST06832,Ananya Reddy,Male,60,55+,2026-05-30,New,GEO018,Inactive
CUST06833,Pooja Iyer,Female,21,18-24,2024-11-22,New,GEO018,Active
CUST06834,Isha Singh,Female,41,35-44,2025-07-04,Existing,GEO048,Active
CUST06835,Nisha Kumar,Male,60,55+,2025-03-01,New,GEO005,Inactive
CUST06836,Karan Kumar,Male,53,45-54,2025-04-06,New,GEO045,Active
CUST06837,Vikram Das,Male,26,25-34,2026-01-24,Existing,GEO042,Active
CUST06838,Kavya Gupta,Male,32,25-34,2026-04-10,New,GEO096,Active
CUST06839,Pooja Kumar,Female,38,35-44,2024-11-22,New,GEO099,Inactive
CUST06840,Karan Nair,Female,31,25-34,2024-10-03,New,GEO117,Active
CUST06841,Meera Reddy,Male,58,55+,2025-06-10,New,GEO064,Active
CUST06842,Isha Iyer,Male,29,25-34,2024-04-12,New,GEO017,Active
CUST06843,Pooja Singh,Female,22,18-24,2024-01-03,New,GEO107,Active
CUST06844,Neha Shetty,Male,37,35-44,2024-07-31,Existing,GEO001,Active
CUST06845,Kavya Singh,Male,44,35-44,2024-09-08,Existing,GEO010,Inactive
CUST06846,Aditi Shetty,Male,60,55+,2025-08-29,Existing,GEO005,Active
CUST06847,Kavya Gupta,Male,41,35-44,2024-04-06,New,GEO035,Active
CUST06848,Rohan Shetty,Male,42,35-44,2025-05-01,New,GEO086,Inactive
CUST06849,Neha Gupta,Female,52,45-54,2024-02-14,Existing,GEO069,Active
CUST06850,Rohan Mehta,Female,30,25-34,2024-02-22,New,GEO043,Active
CUST06851,Rahul Iyer,Male,50,45-54,2026-06-17,New,GEO115,Active
CUST06852,Sneha Mishra,Male,43,35-44,2024-02-16,New,GEO015,Active
CUST06853,Neha Nair,Male,59,55+,2024-01-05,New,GEO061,Active
CUST06854,Neha Sharma,Male,60,55+,2024-07-20,Existing,GEO005,Active
CUST06855,Ananya Nair,Male,46,45-54,2024-08-12,Existing,GEO052,Active
CUST06856,Aditi Kumar,Female,52,45-54,2025-08-27,New,GEO072,Active
CUST06857,Nisha Das,Female,33,25-34,2024-10-31,Existing,GEO075,Active
CUST06858,Kavya Verma,Female,22,18-24,2026-01-03,New,GEO106,Active
CUST06859,Diya Gupta,Male,53,45-54,2025-04-16,New,GEO052,Inactive
CUST06860,Priya Iyer,Female,20,18-24,2024-01-11,Existing,GEO114,Active
CUST06861,Ananya Sharma,Male,21,18-24,2025-04-10,Existing,GEO053,Inactive
CUST06862,Diya Das,Female,42,35-44,2025-06-12,New,GEO083,Inactive
CUST06863,Riya Verma,Female,40,35-44,2026-06-07,New,GEO021,Active
CUST06864,Vivaan Iyer,Female,30,25-34,2024-07-05,New,GEO003,Active
CUST06865,Aditya Rao,Male,45,45-54,2025-12-07,New,GEO112,Active
CUST06866,Arjun Gupta,Female,47,45-54,2026-05-08,New,GEO049,Active
CUST06867,Aditya Mehta,Male,41,35-44,2026-02-19,Existing,GEO092,Active
CUST06868,Sneha Kumar,Male,23,18-24,2025-07-14,New,GEO105,Active
CUST06869,Meera Shetty,Male,33,25-34,2025-07-21,New,GEO035,Active
CUST06870,Priya Patel,Female,28,25-34,2024-12-03,New,GEO034,Active
CUST06871,Aarav Patel,Female,30,25-34,2024-09-02,New,GEO089,Active
CUST06872,Arjun Reddy,Male,23,18-24,2024-01-28,New,GEO058,Active
CUST06873,Vikram Nair,Male,54,45-54,2024-09-28,New,GEO083,Inactive
CUST06874,Vikram Nair,Male,56,55+,2026-01-01,New,GEO098,Active
CUST06875,Arjun Shetty,Female,58,55+,2025-01-24,Existing,GEO053,Active
CUST06876,Nisha Iyer,Female,57,55+,2026-01-24,Existing,GEO095,Inactive
CUST06877,Aditi Das,Female,44,35-44,2024-02-27,Existing,GEO059,Active
CUST06878,Neha Sharma,Female,33,25-34,2024-03-11,New,GEO001,Inactive
CUST06879,Vikram Mishra,Male,22,18-24,2025-02-05,New,GEO049,Active
CUST06880,Arjun Gupta,Female,28,25-34,2024-07-11,Existing,GEO055,Inactive
CUST06881,Pooja Gupta,Female,30,25-34,2024-03-11,New,GEO055,Active
CUST06882,Ananya Das,Male,57,55+,2024-10-25,Existing,GEO091,Inactive
CUST06883,Rahul Gupta,Male,49,45-54,2025-07-10,Existing,GEO025,Active
CUST06884,Rahul Rao,Female,24,18-24,2025-03-18,New,GEO022,Active
CUST06885,Nisha Gupta,Male,30,25-34,2024-07-20,New,GEO026,Active
CUST06886,Ananya Rao,Male,31,25-34,2024-08-10,New,GEO050,Active
CUST06887,Riya Mehta,Male,51,45-54,2026-02-28,Existing,GEO118,Active
CUST06888,Aditya Patel,Female,26,25-34,2024-11-02,Existing,GEO044,Active
CUST06889,Kavya Singh,Male,31,25-34,2024-09-14,Existing,GEO087,Active
CUST06890,Vikram Mishra,Male,53,45-54,2025-08-12,Existing,GEO005,Active
CUST06891,Diya Gupta,Male,46,45-54,2025-12-11,New,GEO026,Inactive
CUST06892,Karan Mehta,Male,37,35-44,2024-12-26,Existing,GEO071,Active
CUST06893,Riya Nair,Female,33,25-34,2025-06-04,New,GEO094,Active
CUST06894,Vivaan Rao,Male,41,35-44,2026-02-19,Existing,GEO044,Inactive
CUST06895,Nisha Gupta,Female,43,35-44,2024-03-01,New,GEO045,Inactive
CUST06896,Karan Sharma,Male,28,25-34,2024-07-05,New,GEO062,Active
CUST06897,Aditya Joshi,Female,55,55+,2026-06-13,Existing,GEO078,Active
CUST06898,Isha Iyer,Female,52,45-54,2025-02-07,Existing,GEO093,Active
CUST06899,Aditi Reddy,Male,30,25-34,2024-10-02,Existing,GEO083,Inactive
CUST06900,Sneha Rao,Male,43,35-44,2025-07-23,New,GEO086,Active
CUST06901,Rahul Nair,Male,49,45-54,2026-02-03,New,GEO087,Active
CUST06902,Arjun Das,Female,60,55+,2025-10-02,New,GEO096,Active
CUST06903,Meera Patel,Female,43,35-44,2026-01-26,Existing,GEO010,Active
CUST06904,Meera Mishra,Female,47,45-54,2025-04-01,New,GEO101,Active
CUST06905,Sneha Iyer,Female,23,18-24,2025-08-05,Existing,GEO005,Active
CUST06906,Neha Patel,Female,32,25-34,2026-04-21,Existing,GEO108,Active
CUST06907,Meera Nair,Male,32,25-34,2024-01-25,Existing,GEO109,Active
CUST06908,Aditya Iyer,Female,28,25-34,2025-10-11,New,GEO039,Active
CUST06909,Kavya Patel,Female,33,25-34,2024-03-13,Existing,GEO025,Active
CUST06910,Meera Joshi,Male,22,18-24,2024-12-09,New,GEO084,Active
CUST06911,Aditya Gupta,Female,59,55+,2024-09-03,New,GEO021,Active
CUST06912,Riya Verma,Female,30,25-34,2024-10-09,Existing,GEO057,Inactive
CUST06913,Sneha Iyer,Female,23,18-24,2025-03-24,Existing,GEO021,Inactive
CUST06914,Isha Shetty,Male,60,55+,2024-02-07,New,GEO059,Active
CUST06915,Vivaan Kumar,Male,22,18-24,2026-01-20,New,GEO038,Active
CUST06916,Sneha Rao,Male,53,45-54,2025-01-15,Existing,GEO121,Active
CUST06917,Nisha Verma,Male,26,25-34,2026-01-26,Existing,GEO092,Active
CUST06918,Riya Kumar,Female,21,18-24,2024-09-19,New,GEO085,Active
CUST06919,Karan Gupta,Male,48,45-54,2025-12-16,New,GEO094,Active
CUST06920,Priya Rao,Male,56,55+,2024-02-01,New,GEO003,Inactive
CUST06921,Aditya Patel,Male,38,35-44,2024-09-28,New,GEO008,Inactive
CUST06922,Karan Kumar,Female,22,18-24,2025-12-02,New,GEO103,Active
CUST06923,Aditya Nair,Male,43,35-44,2024-08-10,Existing,GEO071,Active
CUST06924,Aarav Das,Female,22,18-24,2025-03-01,Existing,GEO057,Active
CUST06925,Neha Joshi,Female,27,25-34,2024-04-28,New,GEO045,Active
CUST06926,Riya Nair,Female,41,35-44,2024-01-22,New,GEO035,Active
CUST06927,Rohan Kumar,Female,49,45-54,2024-02-22,Existing,GEO100,Active
CUST06928,Arjun Nair,Female,54,45-54,2024-04-27,New,GEO016,Active
CUST06929,Pooja Mehta,Male,47,45-54,2026-06-04,New,GEO033,Active
CUST06930,Arjun Sharma,Male,43,35-44,2024-09-26,Existing,GEO014,Inactive
CUST06931,Neha Gupta,Male,40,35-44,2025-10-08,Existing,GEO024,Active
CUST06932,Vivaan Verma,Male,42,35-44,2024-05-04,New,GEO064,Active
CUST06933,Isha Patel,Male,31,25-34,2024-01-08,Existing,GEO094,Active
CUST06934,Rahul Iyer,Female,54,45-54,2024-11-24,New,GEO071,Inactive
CUST06935,Riya Patel,Female,22,18-24,2025-11-21,Existing,GEO099,Active
CUST06936,Arjun Shetty,Female,35,35-44,2024-02-09,New,GEO119,Active
CUST06937,Neha Das,Male,24,18-24,2026-03-02,New,GEO004,Active
CUST06938,Arjun Das,Female,30,25-34,2025-12-25,New,GEO085,Active
CUST06939,Priya Gupta,Female,53,45-54,2026-05-28,New,GEO043,Active
CUST06940,Kavya Iyer,Male,59,55+,2026-03-30,New,GEO039,Active
CUST06941,Meera Iyer,Male,22,18-24,2025-02-18,New,GEO062,Active
CUST06942,Diya Mehta,Female,54,45-54,2025-10-02,Existing,GEO108,Inactive
CUST06943,Aditya Sharma,Male,37,35-44,2026-06-18,Existing,GEO009,Active
CUST06944,Isha Patel,Male,56,55+,2025-12-16,Existing,GEO025,Active
CUST06945,Pooja Rao,Female,47,45-54,2025-04-27,New,GEO085,Inactive
CUST06946,Aditya Sharma,Female,49,45-54,2025-06-03,Existing,GEO001,Active
CUST06947,Diya Das,Male,36,35-44,2025-05-30,New,GEO082,Active
CUST06948,Arjun Nair,Male,25,25-34,2024-07-14,Existing,GEO074,Active
CUST06949,Vikram Das,Male,23,18-24,2025-11-18,Existing,GEO050,Active
CUST06950,Aditya Verma,Male,44,35-44,2024-01-17,New,GEO076,Active
CUST06951,Sneha Sharma,Male,27,25-34,2025-01-25,Existing,GEO076,Inactive
CUST06952,Aarav Joshi,Male,27,25-34,2026-05-21,Existing,GEO001,Active
CUST06953,Riya Patel,Male,59,55+,2026-01-30,Existing,GEO051,Inactive
CUST06954,Nisha Singh,Female,33,25-34,2024-01-22,New,GEO114,Active
CUST06955,Sneha Singh,Female,33,25-34,2024-02-15,Existing,GEO083,Inactive
CUST06956,Ananya Nair,Male,47,45-54,2026-03-22,New,GEO068,Active
CUST06957,Vivaan Shetty,Female,22,18-24,2026-05-01,New,GEO071,Active
CUST06958,Diya Patel,Female,22,18-24,2025-10-02,Existing,GEO007,Active
CUST06959,Priya Iyer,Female,42,35-44,2025-03-17,New,GEO075,Active
CUST06960,Karan Singh,Male,24,18-24,2024-09-24,New,GEO051,Active
CUST06961,Rahul Rao,Male,43,35-44,2025-12-16,New,GEO057,Inactive
CUST06962,Nisha Kumar,Male,25,25-34,2026-02-19,Existing,GEO079,Active
CUST06963,Neha Rao,Female,46,45-54,2025-06-18,New,GEO031,Active
CUST06964,Neha Rao,Female,25,25-34,2025-03-29,New,GEO016,Inactive
CUST06965,Kavya Sharma,Female,47,45-54,2024-12-06,New,GEO036,Active
CUST06966,Karan Gupta,Female,51,45-54,2025-10-19,New,GEO043,Inactive
CUST06967,Diya Nair,Male,42,35-44,2024-06-30,New,GEO092,Active
CUST06968,Karan Rao,Female,55,55+,2024-02-06,New,GEO028,Inactive
CUST06969,Meera Verma,Female,51,45-54,2025-07-22,Existing,GEO113,Inactive
CUST06970,Karan Das,Female,50,45-54,2026-05-23,Existing,GEO121,Active
CUST06971,Pooja Iyer,Male,40,35-44,2024-09-21,New,GEO077,Active
CUST06972,Arjun Patel,Male,51,45-54,2025-06-14,New,GEO059,Active
CUST06973,Aditi Kumar,Male,21,18-24,2025-05-19,New,GEO015,Active
CUST06974,Aarav Joshi,Male,35,35-44,2026-04-01,New,GEO109,Active
CUST06975,Sneha Sharma,Male,36,35-44,2026-04-12,New,GEO074,Inactive
CUST06976,Nisha Joshi,Female,42,35-44,2025-12-22,Existing,GEO015,Inactive
CUST06977,Aarav Verma,Male,45,45-54,2025-07-30,Existing,GEO034,Active
CUST06978,Vikram Das,Male,37,35-44,2024-10-14,Existing,GEO096,Inactive
CUST06979,Rohan Patel,Female,24,18-24,2025-10-24,New,GEO060,Inactive
CUST06980,Aarav Nair,Female,28,25-34,2024-04-17,Existing,GEO100,Active
CUST06981,Rahul Joshi,Female,30,25-34,2024-01-20,Existing,GEO109,Inactive
CUST06982,Rohan Mishra,Female,42,35-44,2025-08-21,New,GEO091,Active
CUST06983,Diya Rao,Female,44,35-44,2024-09-13,New,GEO109,Active
CUST06984,Kavya Reddy,Female,57,55+,2024-10-08,New,GEO069,Active
CUST06985,Priya Joshi,Male,31,25-34,2025-07-08,Existing,GEO053,Active
CUST06986,Neha Reddy,Female,60,55+,2024-11-06,New,GEO086,Inactive
CUST06987,Vivaan Rao,Female,34,25-34,2026-02-28,New,GEO066,Active
CUST06988,Isha Rao,Female,48,45-54,2024-08-16,Existing,GEO057,Inactive
CUST06989,Karan Shetty,Male,33,25-34,2025-06-25,Existing,GEO024,Active
CUST06990,Riya Patel,Male,20,18-24,2024-10-19,Existing,GEO069,Active
CUST06991,Sneha Gupta,Male,30,25-34,2024-10-29,New,GEO041,Active
CUST06992,Meera Verma,Male,30,25-34,2026-02-12,Existing,GEO095,Active
CUST06993,Aditya Sharma,Female,53,45-54,2024-02-15,Existing,GEO115,Inactive
CUST06994,Rahul Gupta,Female,40,35-44,2025-05-29,Existing,GEO017,Active
CUST06995,Rohan Das,Female,46,45-54,2025-07-19,New,GEO072,Active
CUST06996,Priya Gupta,Male,36,35-44,2025-10-05,Existing,GEO081,Active
CUST06997,Aditi Singh,Male,21,18-24,2025-08-11,New,GEO068,Active
CUST06998,Diya Das,Female,36,35-44,2025-02-03,New,GEO067,Active
CUST06999,Nisha Singh,Female,36,35-44,2025-09-13,New,GEO018,Inactive
CUST07000,Aditi Gupta,Male,41,35-44,2024-07-06,New,GEO111,Active
CUST07001,Pooja Sharma,Male,42,35-44,2024-01-23,Existing,GEO115,Active
CUST07002,Priya Gupta,Male,59,55+,2026-03-26,Existing,GEO067,Inactive
CUST07003,Vivaan Joshi,Male,21,18-24,2025-01-02,New,GEO117,Active
CUST07004,Rahul Rao,Female,37,35-44,2024-03-13,New,GEO078,Active
CUST07005,Aditya Joshi,Female,42,35-44,2026-02-10,New,GEO026,Inactive
CUST07006,Pooja Das,Male,55,55+,2024-11-07,Existing,GEO019,Active
CUST07007,Priya Reddy,Female,21,18-24,2026-04-02,New,GEO006,Active
CUST07008,Vivaan Shetty,Female,58,55+,2026-04-25,New,GEO057,Inactive
CUST07009,Ananya Nair,Female,48,45-54,2026-06-06,New,GEO005,Active
CUST07010,Sneha Gupta,Female,32,25-34,2025-05-10,New,GEO084,Active
CUST07011,Karan Singh,Female,45,45-54,2024-08-01,New,GEO035,Active
CUST07012,Aditya Nair,Female,36,35-44,2024-10-14,New,GEO107,Inactive
CUST07013,Ananya Singh,Male,34,25-34,2025-09-22,Existing,GEO091,Active
CUST07014,Neha Shetty,Male,37,35-44,2025-12-17,New,GEO054,Active
CUST07015,Isha Joshi,Female,54,45-54,2024-03-17,New,GEO090,Inactive
CUST07016,Karan Sharma,Female,43,35-44,2025-04-30,Existing,GEO009,Active
CUST07017,Pooja Shetty,Male,45,45-54,2024-03-22,Existing,GEO099,Active
CUST07018,Aarav Mishra,Female,58,55+,2024-11-09,New,GEO008,Active
CUST07019,Nisha Das,Female,40,35-44,2025-11-23,New,GEO116,Active
CUST07020,Rohan Verma,Female,58,55+,2026-04-28,New,GEO081,Inactive
CUST07021,Ananya Iyer,Female,50,45-54,2025-01-26,New,GEO018,Active
CUST07022,Arjun Iyer,Female,39,35-44,2026-02-19,Existing,GEO015,Active
CUST07023,Aarav Das,Female,48,45-54,2025-11-05,New,GEO069,Active
CUST07024,Meera Nair,Female,46,45-54,2026-03-27,New,GEO073,Active
CUST07025,Sneha Patel,Female,44,35-44,2025-01-05,Existing,GEO048,Active
CUST07026,Vikram Das,Female,41,35-44,2024-01-15,Existing,GEO075,Active
CUST07027,Diya Nair,Female,58,55+,2025-01-04,Existing,GEO031,Inactive
CUST07028,Vivaan Mehta,Male,39,35-44,2024-07-04,Existing,GEO057,Active
CUST07029,Pooja Mehta,Female,41,35-44,2024-09-23,Existing,GEO046,Active
CUST07030,Aditi Gupta,Male,59,55+,2024-03-10,Existing,GEO050,Active
CUST07031,Vikram Joshi,Male,48,45-54,2024-10-06,Existing,GEO116,Active
CUST07032,Kavya Das,Female,53,45-54,2024-03-05,New,GEO035,Active
CUST07033,Riya Rao,Male,34,25-34,2024-05-14,Existing,GEO116,Active
CUST07034,Neha Mehta,Female,55,55+,2024-11-14,New,GEO103,Active
CUST07035,Neha Mehta,Male,23,18-24,2025-09-22,New,GEO039,Inactive
CUST07036,Diya Gupta,Female,52,45-54,2025-12-20,New,GEO070,Inactive
CUST07037,Neha Shetty,Male,45,45-54,2026-05-10,New,GEO063,Active
CUST07038,Isha Kumar,Female,39,35-44,2026-04-04,New,GEO045,Inactive
CUST07039,Pooja Das,Female,55,55+,2024-07-17,New,GEO044,Inactive
CUST07040,Aditya Gupta,Female,27,25-34,2024-06-09,Existing,GEO028,Inactive
CUST07041,Nisha Gupta,Male,50,45-54,2024-08-28,Existing,GEO026,Active
CUST07042,Karan Mishra,Male,38,35-44,2025-12-16,New,GEO073,Active
CUST07043,Arjun Singh,Female,45,45-54,2025-03-01,New,GEO040,Inactive
CUST07044,Sneha Patel,Female,59,55+,2025-05-06,New,GEO065,Active
CUST07045,Riya Shetty,Female,31,25-34,2025-04-20,New,GEO017,Active
CUST07046,Aditi Singh,Female,51,45-54,2025-10-29,Existing,GEO006,Inactive
CUST07047,Isha Kumar,Female,26,25-34,2026-05-12,Existing,GEO067,Active
CUST07048,Isha Joshi,Male,49,45-54,2024-12-07,Existing,GEO089,Active
CUST07049,Diya Joshi,Female,32,25-34,2024-06-03,New,GEO004,Active
CUST07050,Isha Reddy,Male,38,35-44,2024-08-16,Existing,GEO044,Active
CUST07051,Arjun Kumar,Female,28,25-34,2025-05-04,Existing,GEO113,Active
CUST07052,Rahul Kumar,Male,53,45-54,2026-05-28,New,GEO106,Active
CUST07053,Diya Sharma,Female,25,25-34,2024-04-04,Existing,GEO106,Active
CUST07054,Meera Shetty,Female,47,45-54,2025-04-28,New,GEO106,Active
CUST07055,Sneha Mishra,Male,33,25-34,2026-03-23,Existing,GEO041,Active
CUST07056,Sneha Mishra,Male,55,55+,2024-07-16,Existing,GEO021,Active
CUST07057,Vikram Nair,Male,40,35-44,2026-05-25,New,GEO032,Active
CUST07058,Rahul Nair,Male,25,25-34,2024-04-12,Existing,GEO090,Inactive
CUST07059,Diya Kumar,Female,48,45-54,2026-02-26,Existing,GEO075,Active
CUST07060,Vivaan Reddy,Female,56,55+,2025-04-27,New,GEO090,Inactive
CUST07061,Aditi Shetty,Female,20,18-24,2025-03-14,New,GEO048,Active
CUST07062,Neha Das,Male,31,25-34,2024-03-09,New,GEO043,Active
CUST07063,Karan Das,Female,43,35-44,2026-04-03,Existing,GEO112,Inactive
CUST07064,Nisha Singh,Male,59,55+,2025-03-23,New,GEO054,Active
CUST07065,Nisha Mishra,Female,39,35-44,2025-08-16,New,GEO004,Inactive
CUST07066,Meera Mehta,Male,32,25-34,2026-03-13,Existing,GEO098,Active
CUST07067,Aarav Singh,Male,56,55+,2025-10-10,New,GEO036,Active
CUST07068,Diya Rao,Female,57,55+,2024-05-30,New,GEO097,Active
CUST07069,Isha Iyer,Male,25,25-34,2024-09-29,New,GEO083,Active
CUST07070,Pooja Joshi,Female,23,18-24,2025-09-08,New,GEO008,Active
CUST07071,Arjun Kumar,Female,52,45-54,2024-05-17,New,GEO120,Active
CUST07072,Riya Rao,Male,33,25-34,2026-01-10,New,GEO076,Active
CUST07073,Kavya Rao,Female,26,25-34,2024-01-03,Existing,GEO121,Active
CUST07074,Meera Joshi,Female,51,45-54,2024-03-21,New,GEO093,Inactive
CUST07075,Vivaan Iyer,Male,52,45-54,2024-08-31,New,GEO001,Active
CUST07076,Aarav Kumar,Female,37,35-44,2025-06-17,New,GEO016,Active
CUST07077,Aarav Mishra,Male,33,25-34,2025-03-02,Existing,GEO064,Active
CUST07078,Arjun Kumar,Male,32,25-34,2024-04-14,Existing,GEO035,Active
CUST07079,Aditya Das,Male,59,55+,2025-08-14,Existing,GEO077,Active
CUST07080,Diya Das,Female,58,55+,2026-05-12,New,GEO078,Active
CUST07081,Aditya Verma,Female,35,35-44,2024-10-26,Existing,GEO041,Active
CUST07082,Priya Joshi,Female,21,18-24,2025-08-10,New,GEO101,Inactive
CUST07083,Aditya Singh,Male,21,18-24,2026-06-18,New,GEO014,Active
CUST07084,Meera Sharma,Male,41,35-44,2026-01-29,Existing,GEO038,Active
CUST07085,Karan Shetty,Female,58,55+,2025-01-07,Existing,GEO115,Inactive
CUST07086,Aarav Mehta,Male,33,25-34,2024-03-01,Existing,GEO005,Active
CUST07087,Karan Das,Male,43,35-44,2024-12-08,New,GEO046,Active
CUST07088,Rahul Mishra,Female,31,25-34,2025-03-18,Existing,GEO087,Active
CUST07089,Neha Singh,Female,39,35-44,2024-02-14,Existing,GEO071,Active
CUST07090,Sneha Rao,Female,40,35-44,2024-04-09,New,GEO021,Active
CUST07091,Isha Das,Female,22,18-24,2026-02-22,Existing,GEO013,Active
CUST07092,Karan Rao,Male,60,55+,2025-01-13,New,GEO081,Active
CUST07093,Sneha Mehta,Male,35,35-44,2025-12-11,Existing,GEO064,Inactive
CUST07094,Aditya Joshi,Female,21,18-24,2024-06-07,Existing,GEO087,Inactive
CUST07095,Karan Rao,Male,53,45-54,2024-09-24,Existing,GEO019,Active
CUST07096,Aditi Mehta,Male,22,18-24,2024-11-30,Existing,GEO062,Active
CUST07097,Pooja Sharma,Male,58,55+,2024-07-15,New,GEO058,Inactive
CUST07098,Vivaan Nair,Male,33,25-34,2024-06-06,Existing,GEO073,Active
CUST07099,Vivaan Verma,Female,53,45-54,2024-07-29,Existing,GEO067,Inactive
CUST07100,Karan Iyer,Male,55,55+,2026-04-03,New,GEO093,Active
CUST07101,Ananya Sharma,Female,27,25-34,2024-01-15,New,GEO071,Active
CUST07102,Pooja Mishra,Female,35,35-44,2024-03-17,New,GEO001,Active
CUST07103,Arjun Gupta,Female,37,35-44,2024-11-07,New,GEO088,Active
CUST07104,Riya Iyer,Male,36,35-44,2024-01-09,Existing,GEO022,Active
CUST07105,Riya Singh,Male,40,35-44,2025-12-17,New,GEO042,Active
CUST07106,Neha Kumar,Male,47,45-54,2024-10-05,New,GEO085,Inactive
CUST07107,Vivaan Rao,Male,23,18-24,2026-05-10,New,GEO085,Active
CUST07108,Riya Iyer,Female,27,25-34,2024-05-29,New,GEO064,Inactive
CUST07109,Priya Joshi,Male,27,25-34,2024-04-08,New,GEO021,Active
CUST07110,Ananya Mishra,Female,22,18-24,2026-02-06,New,GEO120,Inactive
CUST07111,Sneha Mehta,Male,24,18-24,2024-05-06,Existing,GEO092,Active
CUST07112,Vivaan Sharma,Male,53,45-54,2025-12-20,New,GEO009,Active
CUST07113,Aarav Kumar,Male,33,25-34,2025-12-13,Existing,GEO059,Inactive
CUST07114,Sneha Shetty,Female,41,35-44,2025-10-02,Existing,GEO116,Active
CUST07115,Karan Singh,Male,31,25-34,2025-07-15,Existing,GEO013,Active
CUST07116,Sneha Mishra,Female,35,35-44,2024-10-15,New,GEO023,Active
CUST07117,Diya Shetty,Female,51,45-54,2025-11-09,New,GEO041,Active
CUST07118,Diya Nair,Male,52,45-54,2024-12-16,New,GEO079,Active
CUST07119,Aditi Reddy,Male,30,25-34,2025-03-22,Existing,GEO020,Active
CUST07120,Aditya Sharma,Female,48,45-54,2024-07-02,Existing,GEO024,Inactive
CUST07121,Kavya Rao,Male,38,35-44,2024-02-21,New,GEO118,Active
CUST07122,Ananya Nair,Male,49,45-54,2025-01-17,New,GEO071,Active
CUST07123,Kavya Patel,Female,57,55+,2026-01-05,Existing,GEO033,Active
CUST07124,Rohan Kumar,Female,60,55+,2024-05-23,Existing,GEO026,Active
CUST07125,Neha Das,Female,55,55+,2024-05-24,Existing,GEO119,Active
CUST07126,Rahul Sharma,Male,56,55+,2025-11-10,New,GEO080,Active
CUST07127,Ananya Das,Male,49,45-54,2025-01-28,New,GEO084,Active
CUST07128,Priya Shetty,Male,36,35-44,2024-02-03,Existing,GEO108,Inactive
CUST07129,Arjun Iyer,Male,53,45-54,2024-09-07,Existing,GEO098,Inactive
CUST07130,Vivaan Reddy,Female,28,25-34,2024-08-20,New,GEO114,Active
CUST07131,Aarav Sharma,Male,37,35-44,2024-08-12,New,GEO015,Active
CUST07132,Priya Mehta,Female,24,18-24,2025-03-10,Existing,GEO024,Active
CUST07133,Pooja Joshi,Male,38,35-44,2025-04-21,New,GEO109,Active
CUST07134,Rohan Mishra,Male,41,35-44,2026-01-26,Existing,GEO061,Active
CUST07135,Priya Rao,Female,28,25-34,2024-02-24,Existing,GEO052,Inactive
CUST07136,Rahul Nair,Female,59,55+,2025-12-13,Existing,GEO086,Inactive
CUST07137,Karan Nair,Male,39,35-44,2024-03-06,New,GEO110,Inactive
CUST07138,Diya Singh,Female,47,45-54,2025-09-24,Existing,GEO022,Inactive
CUST07139,Riya Singh,Male,45,45-54,2024-08-10,New,GEO006,Inactive
CUST07140,Priya Verma,Male,27,25-34,2025-09-22,Existing,GEO007,Active
CUST07141,Vivaan Kumar,Male,60,55+,2024-05-11,New,GEO019,Inactive
CUST07142,Rohan Gupta,Female,20,18-24,2024-05-25,Existing,GEO120,Active
CUST07143,Aditi Kumar,Male,35,35-44,2024-08-03,Existing,GEO030,Active
CUST07144,Meera Singh,Female,27,25-34,2024-03-17,Existing,GEO040,Active
CUST07145,Pooja Kumar,Female,46,45-54,2024-02-10,New,GEO078,Active
CUST07146,Kavya Verma,Male,24,18-24,2024-04-30,Existing,GEO017,Active
CUST07147,Pooja Kumar,Male,57,55+,2024-07-20,Existing,GEO083,Active
CUST07148,Rahul Singh,Female,53,45-54,2024-01-11,Existing,GEO017,Active
CUST07149,Priya Nair,Male,45,45-54,2026-01-11,Existing,GEO092,Inactive
CUST07150,Aditya Das,Male,57,55+,2025-04-01,Existing,GEO060,Inactive
CUST07151,Aarav Nair,Male,42,35-44,2025-06-15,Existing,GEO081,Active
CUST07152,Neha Shetty,Female,24,18-24,2025-06-25,Existing,GEO036,Active
CUST07153,Pooja Mehta,Male,23,18-24,2026-01-20,Existing,GEO100,Active
CUST07154,Vikram Verma,Female,30,25-34,2024-11-10,New,GEO052,Inactive
CUST07155,Priya Joshi,Male,47,45-54,2024-10-20,Existing,GEO101,Inactive
CUST07156,Nisha Kumar,Male,27,25-34,2025-07-05,Existing,GEO009,Active
CUST07157,Vikram Iyer,Female,51,45-54,2025-10-22,Existing,GEO060,Active
CUST07158,Nisha Gupta,Female,57,55+,2025-03-24,Existing,GEO048,Active
CUST07159,Vikram Shetty,Male,49,45-54,2025-12-09,New,GEO082,Active
CUST07160,Ananya Mehta,Female,40,35-44,2025-05-22,Existing,GEO016,Active
CUST07161,Kavya Nair,Female,41,35-44,2025-10-04,Existing,GEO077,Inactive
CUST07162,Isha Rao,Male,60,55+,2026-01-11,New,GEO061,Inactive
CUST07163,Kavya Nair,Female,23,18-24,2025-10-08,New,GEO004,Active
CUST07164,Arjun Das,Female,24,18-24,2024-07-19,Existing,GEO014,Active
CUST07165,Riya Patel,Male,50,45-54,2024-12-25,New,GEO082,Active
CUST07166,Isha Gupta,Female,56,55+,2025-01-26,New,GEO034,Active
CUST07167,Rahul Nair,Female,43,35-44,2024-12-16,New,GEO064,Inactive
CUST07168,Ananya Patel,Female,38,35-44,2025-03-17,Existing,GEO040,Active
CUST07169,Priya Patel,Male,37,35-44,2025-03-24,New,GEO101,Active
CUST07170,Vivaan Iyer,Male,21,18-24,2024-05-10,New,GEO001,Inactive
CUST07171,Isha Patel,Female,38,35-44,2024-02-12,Existing,GEO044,Active
CUST07172,Neha Joshi,Male,23,18-24,2026-01-11,Existing,GEO054,Active
CUST07173,Vikram Verma,Female,59,55+,2025-04-07,New,GEO048,Active
CUST07174,Arjun Gupta,Male,23,18-24,2024-06-13,Existing,GEO050,Active
CUST07175,Aarav Singh,Male,31,25-34,2025-01-18,Existing,GEO006,Inactive
CUST07176,Arjun Shetty,Female,56,55+,2025-10-05,Existing,GEO118,Active
CUST07177,Karan Singh,Female,37,35-44,2024-05-09,Existing,GEO075,Active
CUST07178,Aarav Das,Male,24,18-24,2026-01-30,New,GEO102,Active
CUST07179,Sneha Gupta,Female,22,18-24,2025-05-18,New,GEO039,Active
CUST07180,Rahul Kumar,Male,46,45-54,2024-09-07,Existing,GEO016,Inactive
CUST07181,Sneha Verma,Male,40,35-44,2025-09-08,New,GEO114,Inactive
CUST07182,Meera Nair,Female,21,18-24,2025-06-19,New,GEO011,Active
CUST07183,Rahul Sharma,Female,33,25-34,2024-07-01,Existing,GEO106,Active
CUST07184,Vivaan Mishra,Male,38,35-44,2024-03-21,Existing,GEO059,Active
CUST07185,Isha Iyer,Male,30,25-34,2025-07-28,Existing,GEO117,Active
CUST07186,Rahul Joshi,Female,45,45-54,2024-10-27,Existing,GEO005,Active
CUST07187,Pooja Shetty,Female,51,45-54,2025-12-08,Existing,GEO028,Active
CUST07188,Karan Sharma,Male,27,25-34,2024-03-06,Existing,GEO023,Active
CUST07189,Rahul Patel,Male,33,25-34,2025-01-07,New,GEO060,Inactive
CUST07190,Priya Das,Male,41,35-44,2024-10-03,New,GEO051,Active
CUST07191,Neha Joshi,Male,60,55+,2024-09-27,Existing,GEO071,Active
CUST07192,Arjun Mishra,Male,46,45-54,2024-10-12,New,GEO054,Active
CUST07193,Priya Patel,Female,45,45-54,2024-11-28,Existing,GEO075,Active
CUST07194,Rohan Kumar,Female,32,25-34,2024-02-27,Existing,GEO086,Inactive
CUST07195,Vivaan Iyer,Female,24,18-24,2025-09-19,Existing,GEO086,Inactive
CUST07196,Diya Mehta,Male,24,18-24,2024-06-01,Existing,GEO085,Active
CUST07197,Riya Gupta,Female,36,35-44,2024-03-25,New,GEO097,Active
CUST07198,Vivaan Patel,Female,32,25-34,2025-04-21,Existing,GEO059,Active
CUST07199,Ananya Singh,Male,41,35-44,2024-07-29,New,GEO031,Inactive
CUST07200,Neha Das,Female,31,25-34,2025-02-10,Existing,GEO104,Inactive
CUST07201,Kavya Mehta,Female,20,18-24,2025-07-04,New,GEO011,Active
CUST07202,Sneha Gupta,Female,45,45-54,2026-02-09,New,GEO023,Active
CUST07203,Aditya Das,Female,45,45-54,2025-09-11,New,GEO010,Inactive
CUST07204,Rahul Nair,Female,52,45-54,2024-04-26,New,GEO088,Inactive
CUST07205,Diya Iyer,Male,31,25-34,2025-02-19,New,GEO098,Active
CUST07206,Vikram Joshi,Male,28,25-34,2024-12-22,Existing,GEO010,Inactive
CUST07207,Aditya Verma,Female,41,35-44,2025-02-03,Existing,GEO048,Inactive
CUST07208,Neha Mehta,Male,30,25-34,2025-11-16,Existing,GEO108,Active
CUST07209,Pooja Rao,Female,47,45-54,2024-01-15,New,GEO031,Active
CUST07210,Karan Verma,Male,23,18-24,2026-01-20,New,GEO051,Active
CUST07211,Sneha Singh,Male,42,35-44,2026-05-22,Existing,GEO049,Active
CUST07212,Riya Nair,Male,54,45-54,2025-05-07,Existing,GEO043,Active
CUST07213,Rahul Das,Male,23,18-24,2024-02-20,New,GEO063,Active
CUST07214,Meera Shetty,Male,20,18-24,2025-12-09,New,GEO036,Inactive
CUST07215,Vivaan Reddy,Male,20,18-24,2025-07-27,New,GEO058,Active
CUST07216,Arjun Reddy,Male,36,35-44,2025-11-29,Existing,GEO037,Inactive
CUST07217,Riya Reddy,Female,31,25-34,2026-04-27,New,GEO081,Active
CUST07218,Riya Nair,Female,46,45-54,2026-06-14,Existing,GEO021,Inactive
CUST07219,Vikram Gupta,Male,46,45-54,2025-09-17,New,GEO121,Inactive
CUST07220,Priya Sharma,Male,56,55+,2024-05-24,Existing,GEO023,Active
CUST07221,Nisha Kumar,Female,59,55+,2025-09-18,Existing,GEO118,Active
CUST07222,Nisha Mehta,Male,52,45-54,2025-08-26,New,GEO077,Active
CUST07223,Karan Reddy,Male,36,35-44,2025-10-01,Existing,GEO093,Active
CUST07224,Priya Nair,Male,48,45-54,2024-10-02,New,GEO024,Inactive
CUST07225,Sneha Verma,Female,43,35-44,2024-05-19,New,GEO103,Active
CUST07226,Rohan Kumar,Male,50,45-54,2024-07-08,Existing,GEO045,Active
CUST07227,Arjun Singh,Female,29,25-34,2024-02-21,New,GEO100,Active
CUST07228,Kavya Kumar,Female,56,55+,2024-09-16,New,GEO091,Inactive
CUST07229,Aarav Joshi,Male,41,35-44,2025-03-08,Existing,GEO023,Active
CUST07230,Arjun Reddy,Female,57,55+,2026-06-18,New,GEO075,Inactive
CUST07231,Ananya Mehta,Male,47,45-54,2026-01-23,Existing,GEO042,Active
CUST07232,Priya Mishra,Female,56,55+,2025-02-08,Existing,GEO009,Active
CUST07233,Rohan Shetty,Male,52,45-54,2024-08-05,New,GEO059,Active
CUST07234,Aditya Joshi,Male,32,25-34,2025-08-19,Existing,GEO052,Active
CUST07235,Meera Mishra,Male,43,35-44,2026-03-04,New,GEO056,Active
CUST07236,Meera Shetty,Female,24,18-24,2025-04-14,Existing,GEO046,Active
CUST07237,Meera Rao,Female,58,55+,2026-04-24,Existing,GEO052,Active
CUST07238,Sneha Iyer,Male,31,25-34,2024-07-21,Existing,GEO074,Active
CUST07239,Isha Shetty,Female,26,25-34,2024-08-28,New,GEO095,Active
CUST07240,Priya Rao,Female,32,25-34,2024-06-07,New,GEO110,Inactive
CUST07241,Arjun Verma,Female,29,25-34,2024-07-21,Existing,GEO061,Active
CUST07242,Rohan Kumar,Male,37,35-44,2024-07-04,New,GEO088,Active
CUST07243,Riya Mehta,Male,28,25-34,2026-04-09,Existing,GEO025,Active
CUST07244,Neha Verma,Male,56,55+,2024-08-26,New,GEO014,Inactive
CUST07245,Rahul Rao,Male,40,35-44,2024-02-02,Existing,GEO070,Active
CUST07246,Nisha Gupta,Female,55,55+,2024-01-16,New,GEO031,Active
CUST07247,Priya Nair,Male,50,45-54,2024-01-25,New,GEO095,Active
CUST07248,Meera Gupta,Male,25,25-34,2024-11-21,New,GEO087,Active
CUST07249,Isha Kumar,Male,34,25-34,2025-12-14,New,GEO115,Inactive
CUST07250,Kavya Iyer,Male,34,25-34,2026-02-16,Existing,GEO081,Active
CUST07251,Karan Reddy,Female,42,35-44,2026-06-05,New,GEO042,Active
CUST07252,Meera Joshi,Female,26,25-34,2026-03-31,New,GEO089,Active
CUST07253,Rohan Rao,Female,22,18-24,2025-07-06,Existing,GEO044,Active
CUST07254,Isha Kumar,Female,31,25-34,2024-12-20,Existing,GEO074,Active
CUST07255,Rahul Nair,Male,56,55+,2025-03-13,Existing,GEO077,Active
CUST07256,Vikram Gupta,Female,26,25-34,2024-11-25,Existing,GEO044,Active
CUST07257,Meera Kumar,Male,32,25-34,2025-06-13,New,GEO054,Inactive
CUST07258,Meera Kumar,Female,38,35-44,2024-03-24,Existing,GEO106,Active
CUST07259,Vikram Verma,Female,40,35-44,2024-09-03,New,GEO062,Active
CUST07260,Rohan Verma,Female,44,35-44,2024-03-21,Existing,GEO062,Active
CUST07261,Aditya Patel,Female,46,45-54,2024-09-02,New,GEO059,Active
CUST07262,Isha Patel,Female,20,18-24,2025-09-28,Existing,GEO058,Active
CUST07263,Aditi Singh,Female,23,18-24,2024-04-01,New,GEO079,Active
CUST07264,Sneha Mishra,Male,24,18-24,2025-10-22,Existing,GEO071,Inactive
CUST07265,Neha Verma,Female,40,35-44,2025-12-07,Existing,GEO002,Active
CUST07266,Kavya Nair,Male,58,55+,2025-10-15,New,GEO113,Active
CUST07267,Aarav Iyer,Female,48,45-54,2024-11-30,Existing,GEO108,Active
CUST07268,Vikram Joshi,Male,47,45-54,2024-10-29,Existing,GEO007,Active
CUST07269,Sneha Verma,Female,58,55+,2024-05-08,Existing,GEO037,Active
CUST07270,Riya Shetty,Female,48,45-54,2026-04-18,New,GEO075,Active
CUST07271,Kavya Mishra,Female,25,25-34,2024-05-12,New,GEO079,Active
CUST07272,Vivaan Reddy,Male,45,45-54,2025-02-22,Existing,GEO083,Active
CUST07273,Arjun Reddy,Male,30,25-34,2024-07-13,New,GEO080,Inactive
CUST07274,Priya Reddy,Male,51,45-54,2026-04-22,Existing,GEO069,Active
CUST07275,Diya Verma,Male,59,55+,2026-06-11,Existing,GEO053,Active
CUST07276,Sneha Gupta,Female,52,45-54,2025-06-08,New,GEO019,Active
CUST07277,Meera Reddy,Male,37,35-44,2025-05-14,Existing,GEO052,Active
CUST07278,Aditya Verma,Female,52,45-54,2024-04-09,New,GEO104,Inactive
CUST07279,Ananya Rao,Male,43,35-44,2025-10-14,Existing,GEO045,Active
CUST07280,Vivaan Singh,Female,58,55+,2025-01-13,Existing,GEO065,Active
CUST07281,Meera Reddy,Female,58,55+,2025-07-05,New,GEO078,Inactive
CUST07282,Neha Kumar,Female,29,25-34,2024-11-29,Existing,GEO075,Active
CUST07283,Aditya Iyer,Female,59,55+,2024-08-12,New,GEO034,Active
CUST07284,Priya Gupta,Female,24,18-24,2024-09-15,New,GEO075,Inactive
CUST07285,Priya Mishra,Female,49,45-54,2024-05-30,New,GEO071,Active
CUST07286,Priya Sharma,Female,51,45-54,2024-02-03,Existing,GEO021,Inactive
CUST07287,Aarav Reddy,Female,60,55+,2026-03-20,Existing,GEO033,Inactive
CUST07288,Vikram Sharma,Female,47,45-54,2026-04-13,Existing,GEO102,Inactive
CUST07289,Aditya Shetty,Female,56,55+,2024-11-24,New,GEO075,Active
CUST07290,Arjun Rao,Female,45,45-54,2026-02-23,Existing,GEO003,Inactive
CUST07291,Meera Kumar,Male,30,25-34,2024-10-14,Existing,GEO093,Active
CUST07292,Aditya Verma,Male,37,35-44,2025-12-30,New,GEO066,Active
CUST07293,Vivaan Rao,Male,56,55+,2024-05-22,New,GEO106,Active
CUST07294,Aarav Sharma,Male,25,25-34,2025-09-25,New,GEO075,Active
CUST07295,Aditya Iyer,Male,22,18-24,2026-03-12,Existing,GEO033,Inactive
CUST07296,Kavya Nair,Male,31,25-34,2025-12-26,Existing,GEO017,Active
CUST07297,Diya Sharma,Male,50,45-54,2025-12-11,Existing,GEO079,Inactive
CUST07298,Priya Nair,Female,42,35-44,2025-12-20,Existing,GEO119,Active
CUST07299,Sneha Reddy,Male,38,35-44,2026-04-24,New,GEO027,Active
CUST07300,Meera Nair,Female,60,55+,2026-01-17,New,GEO074,Active
CUST07301,Karan Das,Female,33,25-34,2025-07-28,New,GEO072,Active
CUST07302,Vivaan Kumar,Male,38,35-44,2024-08-01,Existing,GEO102,Active
CUST07303,Neha Das,Female,45,45-54,2025-11-08,New,GEO026,Active
CUST07304,Priya Mishra,Male,60,55+,2026-06-14,New,GEO063,Inactive
CUST07305,Priya Gupta,Male,60,55+,2024-07-27,New,GEO120,Active
CUST07306,Rohan Mehta,Male,49,45-54,2025-07-14,New,GEO081,Active
CUST07307,Aarav Mishra,Female,25,25-34,2025-11-17,Existing,GEO086,Active
CUST07308,Aditya Joshi,Male,56,55+,2024-08-13,Existing,GEO060,Active
CUST07309,Vivaan Patel,Male,25,25-34,2025-07-11,New,GEO118,Active
CUST07310,Rohan Das,Female,45,45-54,2024-01-07,Existing,GEO058,Active
CUST07311,Priya Iyer,Female,35,35-44,2025-03-09,New,GEO116,Active
CUST07312,Priya Mishra,Male,58,55+,2024-12-23,Existing,GEO089,Active
CUST07313,Riya Rao,Female,53,45-54,2024-09-11,Existing,GEO021,Active
CUST07314,Nisha Gupta,Male,21,18-24,2024-08-25,Existing,GEO080,Active
CUST07315,Pooja Shetty,Male,23,18-24,2024-03-13,Existing,GEO080,Active
CUST07316,Diya Sharma,Female,36,35-44,2024-01-11,New,GEO084,Active
CUST07317,Pooja Patel,Female,59,55+,2026-02-24,Existing,GEO079,Active
CUST07318,Riya Shetty,Female,59,55+,2024-08-29,New,GEO004,Inactive
CUST07319,Karan Mishra,Male,50,45-54,2024-08-13,New,GEO057,Inactive
CUST07320,Priya Joshi,Male,40,35-44,2026-02-18,New,GEO110,Active
CUST07321,Nisha Rao,Female,39,35-44,2025-02-04,New,GEO031,Active
CUST07322,Ananya Gupta,Female,55,55+,2026-01-11,New,GEO004,Active
CUST07323,Kavya Shetty,Male,20,18-24,2025-10-11,Existing,GEO039,Active
CUST07324,Diya Patel,Female,55,55+,2025-05-18,New,GEO058,Active
CUST07325,Aditi Mehta,Female,23,18-24,2024-04-17,Existing,GEO002,Active
CUST07326,Isha Verma,Male,28,25-34,2024-04-15,Existing,GEO079,Active
CUST07327,Neha Gupta,Female,28,25-34,2026-03-07,New,GEO074,Active
CUST07328,Aarav Gupta,Male,21,18-24,2024-06-29,Existing,GEO014,Active
CUST07329,Nisha Das,Female,34,25-34,2024-05-14,New,GEO008,Active
CUST07330,Diya Nair,Female,58,55+,2024-06-25,Existing,GEO042,Active
CUST07331,Karan Verma,Male,27,25-34,2025-03-17,New,GEO083,Active
CUST07332,Karan Reddy,Female,51,45-54,2026-02-27,New,GEO102,Active
CUST07333,Isha Singh,Female,30,25-34,2024-04-15,Existing,GEO056,Active
CUST07334,Priya Singh,Male,27,25-34,2025-05-15,New,GEO013,Active
CUST07335,Riya Mishra,Female,33,25-34,2025-01-08,Existing,GEO072,Active
CUST07336,Kavya Singh,Female,60,55+,2025-02-11,New,GEO009,Active
CUST07337,Diya Sharma,Female,58,55+,2026-05-15,Existing,GEO112,Active
CUST07338,Kavya Mishra,Female,24,18-24,2025-05-25,New,GEO098,Inactive
CUST07339,Isha Das,Male,47,45-54,2026-02-12,New,GEO045,Inactive
CUST07340,Meera Mishra,Female,38,35-44,2025-07-10,Existing,GEO064,Inactive
CUST07341,Ananya Shetty,Female,46,45-54,2025-11-10,Existing,GEO063,Active
CUST07342,Meera Mehta,Male,40,35-44,2025-07-28,Existing,GEO121,Active
CUST07343,Riya Singh,Female,45,45-54,2025-09-05,Existing,GEO111,Active
CUST07344,Riya Shetty,Male,24,18-24,2025-01-18,New,GEO041,Active
CUST07345,Isha Sharma,Female,41,35-44,2025-05-30,Existing,GEO112,Active
CUST07346,Diya Verma,Female,47,45-54,2025-01-21,Existing,GEO006,Active
CUST07347,Aarav Gupta,Female,39,35-44,2025-02-21,Existing,GEO029,Active
CUST07348,Priya Kumar,Female,52,45-54,2024-02-02,Existing,GEO019,Inactive
CUST07349,Rahul Sharma,Male,41,35-44,2026-05-29,New,GEO024,Active
CUST07350,Vikram Joshi,Male,31,25-34,2024-07-07,New,GEO023,Active
CUST07351,Rohan Mishra,Female,36,35-44,2026-06-18,Existing,GEO049,Active
CUST07352,Priya Joshi,Male,40,35-44,2026-06-11,Existing,GEO034,Inactive
CUST07353,Arjun Patel,Male,60,55+,2024-11-18,Existing,GEO036,Active
CUST07354,Aditi Nair,Male,55,55+,2026-01-17,New,GEO115,Active
CUST07355,Diya Shetty,Female,41,35-44,2025-08-07,New,GEO056,Active
CUST07356,Diya Gupta,Female,34,25-34,2026-02-19,Existing,GEO019,Active
CUST07357,Ananya Kumar,Female,55,55+,2025-10-29,New,GEO001,Active
CUST07358,Priya Das,Male,24,18-24,2025-05-23,Existing,GEO032,Active
CUST07359,Diya Singh,Male,27,25-34,2024-10-21,New,GEO027,Inactive
CUST07360,Vivaan Nair,Male,21,18-24,2026-06-10,New,GEO037,Active
CUST07361,Arjun Rao,Female,58,55+,2025-10-12,Existing,GEO116,Active
CUST07362,Kavya Rao,Male,23,18-24,2026-05-17,Existing,GEO047,Active
CUST07363,Diya Gupta,Female,36,35-44,2025-01-01,Existing,GEO022,Active
CUST07364,Aarav Shetty,Female,21,18-24,2024-06-15,Existing,GEO105,Active
CUST07365,Meera Nair,Male,52,45-54,2025-07-12,Existing,GEO073,Active
CUST07366,Ananya Nair,Female,49,45-54,2024-06-27,New,GEO091,Active
CUST07367,Arjun Rao,Male,39,35-44,2024-12-08,New,GEO074,Active
CUST07368,Isha Das,Female,49,45-54,2026-05-04,Existing,GEO001,Inactive
CUST07369,Aarav Mehta,Female,57,55+,2025-11-04,Existing,GEO012,Inactive
CUST07370,Karan Das,Female,57,55+,2024-04-25,Existing,GEO105,Active
CUST07371,Aditi Reddy,Female,30,25-34,2026-03-18,Existing,GEO109,Active
CUST07372,Rahul Verma,Female,43,35-44,2025-07-05,Existing,GEO095,Active
CUST07373,Meera Rao,Male,46,45-54,2024-05-19,New,GEO106,Active
CUST07374,Aarav Singh,Female,44,35-44,2025-09-04,New,GEO109,Active
CUST07375,Aarav Sharma,Female,51,45-54,2024-05-07,New,GEO092,Active
CUST07376,Rohan Sharma,Male,42,35-44,2025-11-04,Existing,GEO047,Inactive
CUST07377,Pooja Reddy,Male,57,55+,2024-12-08,Existing,GEO077,Active
CUST07378,Meera Reddy,Female,32,25-34,2025-10-12,New,GEO062,Active
CUST07379,Aditya Reddy,Female,56,55+,2025-08-29,Existing,GEO114,Inactive
CUST07380,Nisha Kumar,Male,20,18-24,2025-07-28,New,GEO016,Active
CUST07381,Ananya Mishra,Female,34,25-34,2025-09-16,New,GEO027,Active
CUST07382,Rahul Iyer,Female,26,25-34,2024-08-28,New,GEO081,Inactive
CUST07383,Arjun Patel,Female,20,18-24,2026-06-18,Existing,GEO065,Inactive
CUST07384,Vikram Gupta,Female,58,55+,2024-09-02,Existing,GEO098,Active
CUST07385,Rahul Patel,Male,52,45-54,2024-07-15,New,GEO107,Active
CUST07386,Priya Joshi,Male,31,25-34,2024-11-08,Existing,GEO085,Active
CUST07387,Pooja Joshi,Male,40,35-44,2025-09-10,New,GEO054,Active
CUST07388,Arjun Das,Female,57,55+,2025-05-02,New,GEO103,Active
CUST07389,Riya Sharma,Female,29,25-34,2025-09-29,New,GEO091,Active
CUST07390,Rohan Iyer,Female,52,45-54,2024-06-17,New,GEO064,Active
CUST07391,Arjun Reddy,Male,27,25-34,2026-05-22,Existing,GEO064,Active
CUST07392,Vikram Mishra,Female,33,25-34,2024-02-05,New,GEO108,Active
CUST07393,Aditya Verma,Male,50,45-54,2024-12-06,New,GEO029,Active
CUST07394,Meera Joshi,Male,42,35-44,2024-08-26,New,GEO098,Active
CUST07395,Ananya Mehta,Male,23,18-24,2025-10-05,New,GEO079,Inactive
CUST07396,Kavya Iyer,Female,59,55+,2025-07-20,Existing,GEO023,Active
CUST07397,Aarav Shetty,Female,25,25-34,2025-04-07,New,GEO054,Active
CUST07398,Rohan Iyer,Male,22,18-24,2024-04-18,New,GEO059,Inactive
CUST07399,Ananya Shetty,Female,47,45-54,2026-01-06,New,GEO050,Active
CUST07400,Vikram Mishra,Male,56,55+,2024-04-29,Existing,GEO006,Active
CUST07401,Neha Mishra,Male,26,25-34,2024-10-04,Existing,GEO070,Active
CUST07402,Riya Kumar,Male,21,18-24,2026-04-19,Existing,GEO066,Active
CUST07403,Riya Iyer,Female,42,35-44,2025-11-15,Existing,GEO019,Active
CUST07404,Rohan Shetty,Female,38,35-44,2026-05-12,New,GEO037,Inactive
CUST07405,Arjun Verma,Female,36,35-44,2024-05-08,Existing,GEO053,Active
CUST07406,Aarav Iyer,Female,56,55+,2025-08-23,Existing,GEO042,Active
CUST07407,Priya Singh,Female,38,35-44,2024-09-21,Existing,GEO063,Active
CUST07408,Priya Gupta,Male,53,45-54,2026-03-28,Existing,GEO021,Active
CUST07409,Sneha Nair,Female,28,25-34,2024-11-01,New,GEO114,Active
CUST07410,Aditya Verma,Female,21,18-24,2024-08-31,Existing,GEO020,Active
CUST07411,Meera Gupta,Male,35,35-44,2024-08-17,Existing,GEO044,Active
CUST07412,Karan Verma,Male,53,45-54,2025-09-22,Existing,GEO062,Active
CUST07413,Neha Mehta,Male,48,45-54,2025-01-05,New,GEO021,Active
CUST07414,Aarav Gupta,Male,27,25-34,2024-11-20,New,GEO110,Active
CUST07415,Priya Verma,Male,37,35-44,2024-07-09,New,GEO024,Active
CUST07416,Isha Iyer,Male,49,45-54,2024-02-14,New,GEO077,Inactive
CUST07417,Pooja Sharma,Male,42,35-44,2026-04-22,New,GEO110,Inactive
CUST07418,Diya Mishra,Male,35,35-44,2024-08-28,Existing,GEO121,Inactive
CUST07419,Rahul Kumar,Male,33,25-34,2025-01-16,New,GEO068,Active
CUST07420,Isha Nair,Male,53,45-54,2025-10-17,Existing,GEO088,Active
CUST07421,Aditya Joshi,Male,46,45-54,2024-06-11,Existing,GEO103,Active
CUST07422,Nisha Nair,Male,26,25-34,2025-07-24,New,GEO068,Active
CUST07423,Aditi Kumar,Female,26,25-34,2024-07-04,Existing,GEO105,Active
CUST07424,Aarav Singh,Male,38,35-44,2026-03-09,Existing,GEO025,Active
CUST07425,Karan Das,Female,57,55+,2024-12-13,Existing,GEO026,Active
CUST07426,Arjun Das,Female,38,35-44,2025-12-30,Existing,GEO017,Active
CUST07427,Riya Shetty,Male,37,35-44,2026-04-28,New,GEO024,Active
CUST07428,Karan Mehta,Female,29,25-34,2026-03-04,New,GEO111,Active
CUST07429,Isha Reddy,Male,59,55+,2025-11-28,New,GEO049,Active
CUST07430,Vikram Sharma,Male,34,25-34,2024-10-27,Existing,GEO098,Active
CUST07431,Nisha Reddy,Female,39,35-44,2025-05-06,New,GEO119,Inactive
CUST07432,Rahul Nair,Male,27,25-34,2024-03-26,Existing,GEO080,Inactive
CUST07433,Rohan Iyer,Male,58,55+,2024-02-21,New,GEO073,Active
CUST07434,Priya Shetty,Male,50,45-54,2024-10-14,Existing,GEO023,Active
CUST07435,Riya Shetty,Female,48,45-54,2025-08-07,New,GEO046,Active
CUST07436,Aditya Mishra,Male,54,45-54,2024-03-28,Existing,GEO064,Active
CUST07437,Kavya Mehta,Female,26,25-34,2025-02-19,New,GEO120,Active
CUST07438,Kavya Iyer,Male,54,45-54,2024-02-23,Existing,GEO003,Active
CUST07439,Vivaan Kumar,Female,49,45-54,2025-02-03,New,GEO029,Active
CUST07440,Pooja Nair,Male,44,35-44,2024-12-13,New,GEO004,Active
CUST07441,Meera Das,Male,21,18-24,2025-01-30,Existing,GEO061,Active
CUST07442,Vikram Joshi,Female,35,35-44,2025-10-20,Existing,GEO110,Inactive
CUST07443,Aditi Iyer,Male,60,55+,2026-02-01,Existing,GEO065,Active
CUST07444,Vivaan Mishra,Male,44,35-44,2026-05-31,New,GEO014,Active
CUST07445,Rahul Reddy,Male,57,55+,2025-07-02,Existing,GEO025,Inactive
CUST07446,Arjun Kumar,Female,28,25-34,2026-04-25,New,GEO077,Active
CUST07447,Rohan Singh,Male,33,25-34,2024-02-23,New,GEO030,Inactive
CUST07448,Sneha Das,Female,21,18-24,2024-02-07,Existing,GEO087,Active
CUST07449,Kavya Patel,Male,55,55+,2025-11-23,New,GEO074,Active
CUST07450,Sneha Nair,Female,40,35-44,2026-05-19,Existing,GEO064,Inactive
CUST07451,Diya Kumar,Male,34,25-34,2025-03-18,Existing,GEO048,Active
CUST07452,Sneha Nair,Male,58,55+,2024-07-30,New,GEO046,Active
CUST07453,Rahul Iyer,Male,30,25-34,2025-03-27,Existing,GEO055,Inactive
CUST07454,Meera Mishra,Male,44,35-44,2024-06-20,Existing,GEO050,Active
CUST07455,Isha Rao,Female,51,45-54,2025-10-21,New,GEO036,Active
CUST07456,Rohan Iyer,Male,41,35-44,2026-02-13,New,GEO089,Active
CUST07457,Rohan Nair,Female,43,35-44,2024-09-23,Existing,GEO078,Inactive
CUST07458,Neha Reddy,Male,54,45-54,2025-01-19,Existing,GEO011,Inactive
CUST07459,Nisha Rao,Male,22,18-24,2024-10-24,Existing,GEO117,Active
CUST07460,Vivaan Kumar,Male,24,18-24,2025-03-14,Existing,GEO049,Active
CUST07461,Aditya Kumar,Female,35,35-44,2024-07-08,Existing,GEO036,Active
CUST07462,Kavya Sharma,Male,36,35-44,2024-04-05,Existing,GEO028,Inactive
CUST07463,Nisha Singh,Male,59,55+,2025-12-21,New,GEO068,Active
CUST07464,Nisha Shetty,Female,41,35-44,2024-12-26,New,GEO055,Active
CUST07465,Aditi Verma,Female,40,35-44,2025-10-10,Existing,GEO098,Inactive
CUST07466,Rohan Nair,Female,56,55+,2024-09-23,Existing,GEO119,Active
CUST07467,Priya Reddy,Male,60,55+,2026-01-18,Existing,GEO068,Active
CUST07468,Nisha Iyer,Female,50,45-54,2025-02-17,Existing,GEO114,Active
CUST07469,Meera Mishra,Female,23,18-24,2025-06-19,Existing,GEO119,Active
CUST07470,Nisha Kumar,Male,40,35-44,2024-02-28,Existing,GEO068,Active
CUST07471,Nisha Shetty,Female,54,45-54,2025-03-25,Existing,GEO048,Active
CUST07472,Rahul Das,Male,26,25-34,2025-11-26,Existing,GEO053,Inactive
CUST07473,Ananya Patel,Male,24,18-24,2025-04-20,New,GEO057,Active
CUST07474,Rohan Gupta,Male,21,18-24,2026-01-11,Existing,GEO112,Inactive
CUST07475,Aditi Mehta,Female,32,25-34,2024-03-16,Existing,GEO045,Inactive
CUST07476,Rahul Sharma,Female,23,18-24,2024-07-27,New,GEO049,Active
CUST07477,Priya Iyer,Male,34,25-34,2024-03-07,Existing,GEO036,Active
CUST07478,Riya Mehta,Female,59,55+,2024-06-10,Existing,GEO010,Active
CUST07479,Ananya Joshi,Female,33,25-34,2025-05-19,New,GEO050,Active
CUST07480,Aditya Kumar,Female,29,25-34,2024-02-10,Existing,GEO010,Active
CUST07481,Pooja Sharma,Male,22,18-24,2025-12-24,Existing,GEO013,Active
CUST07482,Vivaan Joshi,Female,46,45-54,2025-08-28,Existing,GEO061,Active
CUST07483,Arjun Singh,Male,50,45-54,2025-10-14,New,GEO058,Active
CUST07484,Priya Singh,Male,59,55+,2025-05-17,New,GEO011,Active
CUST07485,Diya Mishra,Female,21,18-24,2025-10-14,Existing,GEO061,Active
CUST07486,Isha Sharma,Male,23,18-24,2025-08-31,New,GEO066,Active
CUST07487,Sneha Singh,Female,28,25-34,2025-10-06,New,GEO070,Active
CUST07488,Nisha Mishra,Male,44,35-44,2024-01-04,Existing,GEO101,Active
CUST07489,Pooja Sharma,Male,49,45-54,2024-01-07,New,GEO013,Active
CUST07490,Arjun Patel,Male,29,25-34,2024-05-15,Existing,GEO072,Active
CUST07491,Arjun Mehta,Male,59,55+,2024-11-22,New,GEO016,Active
CUST07492,Sneha Rao,Male,54,45-54,2026-01-21,New,GEO102,Active
CUST07493,Sneha Mishra,Male,57,55+,2024-01-06,Existing,GEO056,Inactive
CUST07494,Arjun Iyer,Male,24,18-24,2026-05-08,Existing,GEO011,Active
CUST07495,Rahul Joshi,Male,47,45-54,2026-05-06,New,GEO096,Active
CUST07496,Sneha Iyer,Male,43,35-44,2025-08-04,New,GEO117,Active
CUST07497,Meera Verma,Female,52,45-54,2024-05-04,New,GEO014,Active
CUST07498,Rohan Mehta,Male,51,45-54,2026-06-07,Existing,GEO033,Active
CUST07499,Ananya Sharma,Female,58,55+,2024-11-19,New,GEO091,Active
CUST07500,Nisha Shetty,Male,30,25-34,2026-05-14,New,GEO118,Active
